seqnames	start	end	width	strand
1	chr1	0	1042457	1042458	*
2	chr1	1042457	1265484	223028	*
3	chr1	1265484	1519859	254376	*
4	chr1	1519859	1826619	306761	*
5	chr1	1826619	2058465	231847	*
6	chr1	2058465	2280372	221908	*
7	chr1	2280372	2491263	210892	*
8	chr1	2491263	2817807	326545	*
9	chr1	2817807	3025418	207612	*
10	chr1	3025418	3230151	204734	*
11	chr1	3230151	3437000	206850	*
12	chr1	3437000	3645603	208604	*
13	chr1	3645603	4091348	445746	*
14	chr1	4091348	4312450	221103	*
15	chr1	4312450	4522391	209942	*
16	chr1	4522391	4733807	211417	*
17	chr1	4733807	4949751	215945	*
18	chr1	4949751	5167781	218031	*
19	chr1	5167781	5378577	210797	*
20	chr1	5378577	5586352	207776	*
21	chr1	5586352	5802602	216251	*
22	chr1	5802602	6013527	210926	*
23	chr1	6013527	6232553	219027	*
24	chr1	6232553	6468662	236110	*
25	chr1	6468662	6699855	231194	*
26	chr1	6699855	6922979	223125	*
27	chr1	6922979	7134271	211293	*
28	chr1	7134271	7347565	213295	*
29	chr1	7347565	7562625	215061	*
30	chr1	7562625	7781202	218578	*
31	chr1	7781202	8012370	231169	*
32	chr1	8012370	8246678	234309	*
33	chr1	8246678	8471404	224727	*
34	chr1	8471404	8698958	227555	*
35	chr1	8698958	8937804	238847	*
36	chr1	8937804	9174404	236601	*
37	chr1	9174404	9392992	218589	*
38	chr1	9392992	9634910	241919	*
39	chr1	9634910	9874006	239097	*
40	chr1	9874006	10127844	253839	*
41	chr1	10127844	10365738	237895	*
42	chr1	10365738	10601471	235734	*
43	chr1	10601471	10808784	207314	*
44	chr1	10808784	11040607	231824	*
45	chr1	11040607	11278872	238266	*
46	chr1	11278872	11503002	224131	*
47	chr1	11503002	11724328	221327	*
48	chr1	11724328	11955069	230742	*
49	chr1	11955069	12186818	231750	*
50	chr1	12186818	12410804	223987	*
51	chr1	12410804	13677584	1266781	*
52	chr1	13677584	13893991	216408	*
53	chr1	13893991	14110195	216205	*
54	chr1	14110195	14324312	214118	*
55	chr1	14324312	14547843	223532	*
56	chr1	14547843	14759654	211812	*
57	chr1	14759654	14977412	217759	*
58	chr1	14977412	15195891	218480	*
59	chr1	15195891	15416704	220814	*
60	chr1	15416704	15656764	240061	*
61	chr1	15656764	15902405	245642	*
62	chr1	15902405	16134290	231886	*
63	chr1	16134290	17108710	974421	*
64	chr1	17108710	17326678	217969	*
65	chr1	17326678	17567445	240768	*
66	chr1	17567445	17777104	209660	*
67	chr1	17777104	17987772	210669	*
68	chr1	17987772	18196383	208612	*
69	chr1	18196383	18401979	205597	*
70	chr1	18401979	18615870	213892	*
71	chr1	18615870	18826589	210720	*
72	chr1	18826589	19038400	211812	*
73	chr1	19038400	19251485	213086	*
74	chr1	19251485	19472583	221099	*
75	chr1	19472583	19706853	234271	*
76	chr1	19706853	19930662	223810	*
77	chr1	19930662	20161787	231126	*
78	chr1	20161787	20371770	209984	*
79	chr1	20371770	20590678	218909	*
80	chr1	20590678	20821750	231073	*
81	chr1	20821750	21043441	221692	*
82	chr1	21043441	21279115	235675	*
83	chr1	21279115	21542297	263183	*
84	chr1	21542297	21761190	218894	*
85	chr1	21761190	22018947	257758	*
86	chr1	22018947	22242704	223758	*
87	chr1	22242704	22456764	214061	*
88	chr1	22456764	22664837	208074	*
89	chr1	22664837	22875867	211031	*
90	chr1	22875867	23100476	224610	*
91	chr1	23100476	23331671	231196	*
92	chr1	23331671	23563511	231841	*
93	chr1	23563511	24139449	575939	*
94	chr1	24139449	24360876	221428	*
95	chr1	24360876	24581408	220533	*
96	chr1	24581408	24823636	242229	*
97	chr1	24823636	25035862	212227	*
98	chr1	25035862	25259676	223815	*
99	chr1	25259676	25575144	315469	*
100	chr1	25575144	25795406	220263	*
101	chr1	25795406	26022169	226764	*
102	chr1	26022169	26253199	231031	*
103	chr1	26253199	26487988	234790	*
104	chr1	26487988	26734811	246824	*
105	chr1	26734811	26975362	240552	*
106	chr1	26975362	27223176	247815	*
107	chr1	27223176	27458708	235533	*
108	chr1	27458708	27685740	227033	*
109	chr1	27685740	27931241	245502	*
110	chr1	27931241	28164534	233294	*
111	chr1	28164534	28418192	253659	*
112	chr1	28418192	28679501	261310	*
113	chr1	28679501	28925487	245987	*
114	chr1	28925487	29163140	237654	*
115	chr1	29163140	29600315	437176	*
116	chr1	29600315	29813280	212966	*
117	chr1	29813280	30023008	209729	*
118	chr1	30023008	30235406	212399	*
119	chr1	30235406	30451610	216205	*
120	chr1	30451610	30676655	225046	*
121	chr1	30676655	30887081	210427	*
122	chr1	30887081	31118594	231514	*
123	chr1	31118594	31359043	240450	*
124	chr1	31359043	31595970	236928	*
125	chr1	31595970	31801626	205657	*
126	chr1	31801626	32040848	239223	*
127	chr1	32040848	32281742	240895	*
128	chr1	32281742	32526110	244369	*
129	chr1	32526110	32777638	251529	*
130	chr1	32777638	33009750	232113	*
131	chr1	33009750	33240353	230604	*
132	chr1	33240353	33455194	214842	*
133	chr1	33455194	33664970	209777	*
134	chr1	33664970	33881591	216622	*
135	chr1	33881591	34091717	210127	*
136	chr1	34091717	34310709	218993	*
137	chr1	34310709	34516841	206133	*
138	chr1	34516841	34736442	219602	*
139	chr1	34736442	34947162	210721	*
140	chr1	34947162	35200758	253597	*
141	chr1	35200758	35433225	232468	*
142	chr1	35433225	35654347	221123	*
143	chr1	35654347	35889544	235198	*
144	chr1	35889544	36117159	227616	*
145	chr1	36117159	36354687	237529	*
146	chr1	36354687	36580421	225735	*
147	chr1	36580421	36790608	210188	*
148	chr1	36790608	36995301	204694	*
149	chr1	36995301	37203127	207827	*
150	chr1	37203127	37424389	221263	*
151	chr1	37424389	37651091	226703	*
152	chr1	37651091	37873972	222882	*
153	chr1	37873972	38111845	237874	*
154	chr1	38111845	38322779	210935	*
155	chr1	38322779	38538570	215792	*
156	chr1	38538570	38753985	215416	*
157	chr1	38753985	38995620	241636	*
158	chr1	38995620	39238287	242668	*
159	chr1	39238287	39461330	223044	*
160	chr1	39461330	39702264	240935	*
161	chr1	39702264	39946814	244551	*
162	chr1	39946814	40183121	236308	*
163	chr1	40183121	40415842	232722	*
164	chr1	40415842	40651928	236087	*
165	chr1	40651928	40868291	216364	*
166	chr1	40868291	41096298	228008	*
167	chr1	41096298	41320987	224690	*
168	chr1	41320987	41525935	204949	*
169	chr1	41525935	41735464	209530	*
170	chr1	41735464	41943586	208123	*
171	chr1	41943586	42168808	225223	*
172	chr1	42168808	42390589	221782	*
173	chr1	42390589	42613844	223256	*
174	chr1	42613844	42841006	227163	*
175	chr1	42841006	43066488	225483	*
176	chr1	43066488	43300000	233513	*
177	chr1	43300000	43520730	220731	*
178	chr1	43520730	43740019	219290	*
179	chr1	43740019	43956420	216402	*
180	chr1	43956420	44177542	221123	*
181	chr1	44177542	44389254	211713	*
182	chr1	44389254	44607748	218495	*
183	chr1	44607748	44839537	231790	*
184	chr1	44839537	45078807	239271	*
185	chr1	45078807	45330532	251726	*
186	chr1	45330532	45575545	245014	*
187	chr1	45575545	45819446	243902	*
188	chr1	45819446	46046996	227551	*
189	chr1	46046996	46279045	232050	*
190	chr1	46279045	46514026	234982	*
191	chr1	46514026	46730051	216026	*
192	chr1	46730051	47027817	297767	*
193	chr1	47027817	47303866	276050	*
194	chr1	47303866	47528543	224678	*
195	chr1	47528543	47737794	209252	*
196	chr1	47737794	47940906	203113	*
197	chr1	47940906	48163917	223012	*
198	chr1	48163917	48401104	237188	*
199	chr1	48401104	48623398	222295	*
200	chr1	48623398	48828244	204847	*
201	chr1	48828244	49040375	212132	*
202	chr1	49040375	49268353	227979	*
203	chr1	49268353	49489357	221005	*
204	chr1	49489357	49725897	236541	*
205	chr1	49725897	49969755	243859	*
206	chr1	49969755	50181051	211297	*
207	chr1	50181051	50397325	216275	*
208	chr1	50397325	50612598	215274	*
209	chr1	50612598	50843866	231269	*
210	chr1	50843866	51080082	236217	*
211	chr1	51080082	51311650	231569	*
212	chr1	51311650	51541689	230040	*
213	chr1	51541689	51764720	223032	*
214	chr1	51764720	51985487	220768	*
215	chr1	51985487	52232407	246921	*
216	chr1	52232407	52462041	229635	*
217	chr1	52462041	52688455	226415	*
218	chr1	52688455	52932444	243990	*
219	chr1	52932444	53155506	223063	*
220	chr1	53155506	53368072	212567	*
221	chr1	53368072	53581561	213490	*
222	chr1	53581561	53790970	209410	*
223	chr1	53790970	54020097	229128	*
224	chr1	54020097	54240519	220423	*
225	chr1	54240519	54463118	222600	*
226	chr1	54463118	54698091	234974	*
227	chr1	54698091	54923212	225122	*
228	chr1	54923212	55142657	219446	*
229	chr1	55142657	55358117	215461	*
230	chr1	55358117	55580534	222418	*
231	chr1	55580534	55796192	215659	*
232	chr1	55796192	56004831	208640	*
233	chr1	56004831	56218770	213940	*
234	chr1	56218770	56437336	218567	*
235	chr1	56437336	56655780	218445	*
236	chr1	56655780	56866589	210810	*
237	chr1	56866589	57072999	206411	*
238	chr1	57072999	57280809	207811	*
239	chr1	57280809	57490206	209398	*
240	chr1	57490206	57709142	218937	*
241	chr1	57709142	57917694	208553	*
242	chr1	57917694	58133311	215618	*
243	chr1	58133311	58354593	221283	*
244	chr1	58354593	58574467	219875	*
245	chr1	58574467	58793135	218669	*
246	chr1	58793135	59005597	212463	*
247	chr1	59005597	59215264	209668	*
248	chr1	59215264	59435338	220075	*
249	chr1	59435338	59674085	238748	*
250	chr1	59674085	59885673	211589	*
251	chr1	59885673	60095453	209781	*
252	chr1	60095453	60311261	215809	*
253	chr1	60311261	60538303	227043	*
254	chr1	60538303	60756451	218149	*
255	chr1	60756451	60974834	218384	*
256	chr1	60974834	61186752	211919	*
257	chr1	61186752	61396331	209580	*
258	chr1	61396331	61611136	214806	*
259	chr1	61611136	61841171	230036	*
260	chr1	61841171	62070508	229338	*
261	chr1	62070508	62307099	236592	*
262	chr1	62307099	62530811	223713	*
263	chr1	62530811	62766850	236040	*
264	chr1	62766850	62981638	214789	*
265	chr1	62981638	63191464	209827	*
266	chr1	63191464	63419702	228239	*
267	chr1	63419702	63642491	222790	*
268	chr1	63642491	63854704	212214	*
269	chr1	63854704	64061613	206910	*
270	chr1	64061613	64284698	223086	*
271	chr1	64284698	64506779	222082	*
272	chr1	64506779	64717115	210337	*
273	chr1	64717115	64931806	214692	*
274	chr1	64931806	65160400	228595	*
275	chr1	65160400	65377507	217108	*
276	chr1	65377507	65609504	231998	*
277	chr1	65609504	65834471	224968	*
278	chr1	65834471	66055681	221211	*
279	chr1	66055681	66279180	223500	*
280	chr1	66279180	66498175	218996	*
281	chr1	66498175	66707630	209456	*
282	chr1	66707630	66929181	221552	*
283	chr1	66929181	67147896	218716	*
284	chr1	67147896	67382537	234642	*
285	chr1	67382537	67610312	227776	*
286	chr1	67610312	67820292	209981	*
287	chr1	67820292	68036238	215947	*
288	chr1	68036238	68251073	214836	*
289	chr1	68251073	68472249	221177	*
290	chr1	68472249	68690571	218323	*
291	chr1	68690571	68918068	227498	*
292	chr1	68918068	69151238	233171	*
293	chr1	69151238	69362763	211526	*
294	chr1	69362763	69583523	220761	*
295	chr1	69583523	69789698	206176	*
296	chr1	69789698	70023608	233911	*
297	chr1	70023608	70234175	210568	*
298	chr1	70234175	70462518	228344	*
299	chr1	70462518	70688373	225856	*
300	chr1	70688373	70908277	219905	*
301	chr1	70908277	71122334	214058	*
302	chr1	71122334	71343476	221143	*
303	chr1	71343476	71557048	213573	*
304	chr1	71557048	71764822	207775	*
305	chr1	71764822	71980283	215462	*
306	chr1	71980283	72186128	205846	*
307	chr1	72186128	72400637	214510	*
308	chr1	72400637	72611276	210640	*
309	chr1	72611276	72820388	209113	*
310	chr1	72820388	73045332	224945	*
311	chr1	73045332	73261354	216023	*
312	chr1	73261354	73475764	214411	*
313	chr1	73475764	73688879	213116	*
314	chr1	73688879	73896442	207564	*
315	chr1	73896442	74113116	216675	*
316	chr1	74113116	74326852	213737	*
317	chr1	74326852	74545358	218507	*
318	chr1	74545358	74755814	210457	*
319	chr1	74755814	74982179	226366	*
320	chr1	74982179	75207662	225484	*
321	chr1	75207662	75434142	226481	*
322	chr1	75434142	75655103	220962	*
323	chr1	75655103	75902873	247771	*
324	chr1	75902873	76117451	214579	*
325	chr1	76117451	76329148	211698	*
326	chr1	76329148	76545258	216111	*
327	chr1	76545258	76755553	210296	*
328	chr1	76755553	76976166	220614	*
329	chr1	76976166	77200329	224164	*
330	chr1	77200329	77412631	212303	*
331	chr1	77412631	77627527	214897	*
332	chr1	77627527	77857880	230354	*
333	chr1	77857880	78085607	227728	*
334	chr1	78085607	78324280	238674	*
335	chr1	78324280	78539295	215016	*
336	chr1	78539295	78753021	213727	*
337	chr1	78753021	78972719	219699	*
338	chr1	78972719	79185514	212796	*
339	chr1	79185514	79396068	210555	*
340	chr1	79396068	79618444	222377	*
341	chr1	79618444	79835041	216598	*
342	chr1	79835041	80060761	225721	*
343	chr1	80060761	80276299	215539	*
344	chr1	80276299	80496602	220304	*
345	chr1	80496602	80710944	214343	*
346	chr1	80710944	80922134	211191	*
347	chr1	80922134	81140456	218323	*
348	chr1	81140456	81352426	211971	*
349	chr1	81352426	81563831	211406	*
350	chr1	81563831	81782033	218203	*
351	chr1	81782033	81989256	207224	*
352	chr1	81989256	82207676	218421	*
353	chr1	82207676	82424272	216597	*
354	chr1	82424272	82633965	209694	*
355	chr1	82633965	82840724	206760	*
356	chr1	82840724	83497455	656732	*
357	chr1	83497455	83709641	212187	*
358	chr1	83709641	83918435	208795	*
359	chr1	83918435	84133979	215545	*
360	chr1	84133979	84347979	214001	*
361	chr1	84347979	84564540	216562	*
362	chr1	84564540	84776670	212131	*
363	chr1	84776670	84990785	214116	*
364	chr1	84990785	85209426	218642	*
365	chr1	85209426	85423257	213832	*
366	chr1	85423257	85640098	216842	*
367	chr1	85640098	85881026	240929	*
368	chr1	85881026	86105707	224682	*
369	chr1	86105707	86330996	225290	*
370	chr1	86330996	86549916	218921	*
371	chr1	86549916	86785880	235965	*
372	chr1	86785880	87020136	234257	*
373	chr1	87020136	87227189	207054	*
374	chr1	87227189	87442092	214904	*
375	chr1	87442092	87662189	220098	*
376	chr1	87662189	87870078	207890	*
377	chr1	87870078	88075229	205152	*
378	chr1	88075229	88284944	209716	*
379	chr1	88284944	88497189	212246	*
380	chr1	88497189	88711016	213828	*
381	chr1	88711016	88941106	230091	*
382	chr1	88941106	89176544	235439	*
383	chr1	89176544	89411495	234952	*
384	chr1	89411495	89640959	229465	*
385	chr1	89640959	89862637	221679	*
386	chr1	89862637	90083999	221363	*
387	chr1	90083999	90312540	228542	*
388	chr1	90312540	90522150	209611	*
389	chr1	90522150	90736781	214632	*
390	chr1	90736781	90952738	215958	*
391	chr1	90952738	91185166	232429	*
392	chr1	91185166	91438398	253233	*
393	chr1	91438398	91659746	221349	*
394	chr1	91659746	91877195	217450	*
395	chr1	91877195	92110011	232817	*
396	chr1	92110011	92342145	232135	*
397	chr1	92342145	92582895	240751	*
398	chr1	92582895	92824003	241109	*
399	chr1	92824003	93051176	227174	*
400	chr1	93051176	93273930	222755	*
401	chr1	93273930	93503510	229581	*
402	chr1	93503510	93721891	218382	*
403	chr1	93721891	93959195	237305	*
404	chr1	93959195	94173877	214683	*
405	chr1	94173877	94395435	221559	*
406	chr1	94395435	94619865	224431	*
407	chr1	94619865	94835732	215868	*
408	chr1	94835732	95051291	215560	*
409	chr1	95051291	95277904	226614	*
410	chr1	95277904	95494962	217059	*
411	chr1	95494962	95703585	208624	*
412	chr1	95703585	95915690	212106	*
413	chr1	95915690	96130330	214641	*
414	chr1	96130330	96353952	223623	*
415	chr1	96353952	96575849	221898	*
416	chr1	96575849	96805114	229266	*
417	chr1	96805114	97020061	214948	*
418	chr1	97020061	97228919	208859	*
419	chr1	97228919	97452591	223673	*
420	chr1	97452591	97663949	211359	*
421	chr1	97663949	97870488	206540	*
422	chr1	97870488	98074839	204352	*
423	chr1	98074839	98290020	215182	*
424	chr1	98290020	98497589	207570	*
425	chr1	98497589	98720135	222547	*
426	chr1	98720135	98936487	216353	*
427	chr1	98936487	99152441	215955	*
428	chr1	99152441	99371885	219445	*
429	chr1	99371885	99598181	226297	*
430	chr1	99598181	99814521	216341	*
431	chr1	99814521	100038888	224368	*
432	chr1	100038888	100263048	224161	*
433	chr1	100263048	100479752	216705	*
434	chr1	100479752	100710884	231133	*
435	chr1	100710884	100930007	219124	*
436	chr1	100930007	101145683	215677	*
437	chr1	101145683	101363050	217368	*
438	chr1	101363050	101577456	214407	*
439	chr1	101577456	101793614	216159	*
440	chr1	101793614	102000957	207344	*
441	chr1	102000957	102214987	214031	*
442	chr1	102214987	102432771	217785	*
443	chr1	102432771	102659015	226245	*
444	chr1	102659015	102883863	224849	*
445	chr1	102883863	103829338	945476	*
446	chr1	103829338	104047741	218404	*
447	chr1	104047741	104265349	217609	*
448	chr1	104265349	104485605	220257	*
449	chr1	104485605	104709789	224185	*
450	chr1	104709789	104942575	232787	*
451	chr1	104942575	105153238	210664	*
452	chr1	105153238	105375765	222528	*
453	chr1	105375765	105588691	212927	*
454	chr1	105588691	105803452	214762	*
455	chr1	105803452	106025160	221709	*
456	chr1	106025160	106240899	215740	*
457	chr1	106240899	106459323	218425	*
458	chr1	106459323	106675204	215882	*
459	chr1	106675204	106885026	209823	*
460	chr1	106885026	107100107	215082	*
461	chr1	107100107	107307938	207832	*
462	chr1	107307938	107512829	204892	*
463	chr1	107512829	107728221	215393	*
464	chr1	107728221	107942131	213911	*
465	chr1	107942131	108601511	659381	*
466	chr1	108601511	108819473	217963	*
467	chr1	108819473	109049087	229615	*
468	chr1	109049087	109280696	231610	*
469	chr1	109280696	109500052	219357	*
470	chr1	109500052	109738678	238627	*
471	chr1	109738678	109964685	226008	*
472	chr1	109964685	110172002	207318	*
473	chr1	110172002	110383382	211381	*
474	chr1	110383382	110594702	211321	*
475	chr1	110594702	110802908	208207	*
476	chr1	110802908	111026818	223911	*
477	chr1	111026818	111251378	224561	*
478	chr1	111251378	111476812	225435	*
479	chr1	111476812	111697035	220224	*
480	chr1	111697035	111902720	205686	*
481	chr1	111902720	112106813	204094	*
482	chr1	112106813	112343438	236626	*
483	chr1	112343438	112564006	220569	*
484	chr1	112564006	112796771	232766	*
485	chr1	112796771	113055562	258792	*
486	chr1	113055562	113284097	228536	*
487	chr1	113284097	113520679	236583	*
488	chr1	113520679	113752166	231488	*
489	chr1	113752166	113972000	219835	*
490	chr1	113972000	114188923	216924	*
491	chr1	114188923	114412694	223772	*
492	chr1	114412694	114636864	224171	*
493	chr1	114636864	114858966	222103	*
494	chr1	114858966	115087797	228832	*
495	chr1	115087797	115298237	210441	*
496	chr1	115298237	115511499	213263	*
497	chr1	115511499	115734313	222815	*
498	chr1	115734313	115947627	213315	*
499	chr1	115947627	116171919	224293	*
500	chr1	116171919	116382224	210306	*
501	chr1	116382224	116593361	211138	*
502	chr1	116593361	116845842	252482	*
503	chr1	116845842	117064605	218764	*
504	chr1	117064605	117286850	222246	*
505	chr1	117286850	117512220	225371	*
506	chr1	117512220	117728296	216077	*
507	chr1	117728296	117945245	216950	*
508	chr1	117945245	118156882	211638	*
509	chr1	118156882	118377918	221037	*
510	chr1	118377918	118607043	229126	*
511	chr1	118607043	118842234	235192	*
512	chr1	118842234	119061090	218857	*
513	chr1	119061090	119290318	229229	*
514	chr1	119290318	119512633	222316	*
515	chr1	119512633	119749033	236401	*
516	chr1	119749033	145914487	26165455	*
517	chr1	145914487	147248042	1333556	*
518	chr1	147248042	147495119	247078	*
519	chr1	147495119	149912326	2417208	*
520	chr1	149912326	150144266	231941	*
521	chr1	150144266	150387993	243728	*
522	chr1	150387993	150636358	248366	*
523	chr1	150636358	150879075	242718	*
524	chr1	150879075	151128105	249031	*
525	chr1	151128105	151368789	240685	*
526	chr1	151368789	151602464	233676	*
527	chr1	151602464	151825986	223523	*
528	chr1	151825986	152046119	220134	*
529	chr1	152046119	152280279	234161	*
530	chr1	152280279	152517159	236881	*
531	chr1	152517159	152739629	222471	*
532	chr1	152739629	152961365	221737	*
533	chr1	152961365	153187809	226445	*
534	chr1	153187809	153403713	215905	*
535	chr1	153403713	153641402	237690	*
536	chr1	153641402	153878377	236976	*
537	chr1	153878377	154134304	255928	*
538	chr1	154134304	154379780	245477	*
539	chr1	154379780	154607082	227303	*
540	chr1	154607082	154828346	221265	*
541	chr1	154828346	155048430	220085	*
542	chr1	155048430	155291599	243170	*
543	chr1	155291599	155532011	240413	*
544	chr1	155532011	155819060	287050	*
545	chr1	155819060	156064388	245329	*
546	chr1	156064388	156296652	232265	*
547	chr1	156296652	156524193	227542	*
548	chr1	156524193	156746257	222065	*
549	chr1	156746257	156962173	215917	*
550	chr1	156962173	157178251	216079	*
551	chr1	157178251	157417553	239303	*
552	chr1	157417553	157640868	223316	*
553	chr1	157640868	157856425	215558	*
554	chr1	157856425	158071726	215302	*
555	chr1	158071726	158311026	239301	*
556	chr1	158311026	158539792	228767	*
557	chr1	158539792	158750549	210758	*
558	chr1	158750549	158978332	227784	*
559	chr1	158978332	159198222	219891	*
560	chr1	159198222	159425163	226942	*
561	chr1	159425163	159660745	235583	*
562	chr1	159660745	159880829	220085	*
563	chr1	159880829	160089925	209097	*
564	chr1	160089925	160303931	214007	*
565	chr1	160303931	160532797	228867	*
566	chr1	160532797	160758712	225916	*
567	chr1	160758712	161001271	242560	*
568	chr1	161001271	161233148	231878	*
569	chr1	161233148	161845315	612168	*
570	chr1	161845315	162053934	208620	*
571	chr1	162053934	162265880	211947	*
572	chr1	162265880	162491307	225428	*
573	chr1	162491307	162709345	218039	*
574	chr1	162709345	162950154	240810	*
575	chr1	162950154	163163403	213250	*
576	chr1	163163403	163376515	213113	*
577	chr1	163376515	163586858	210344	*
578	chr1	163586858	163809284	222427	*
579	chr1	163809284	164028040	218757	*
580	chr1	164028040	164254747	226708	*
581	chr1	164254747	164473606	218860	*
582	chr1	164473606	164690252	216647	*
583	chr1	164690252	164895973	205722	*
584	chr1	164895973	165119714	223742	*
585	chr1	165119714	165325820	206107	*
586	chr1	165325820	165532033	206214	*
587	chr1	165532033	165752115	220083	*
588	chr1	165752115	165984515	232401	*
589	chr1	165984515	166198816	214302	*
590	chr1	166198816	166448876	250061	*
591	chr1	166448876	166673466	224591	*
592	chr1	166673466	166898377	224912	*
593	chr1	166898377	167106276	207900	*
594	chr1	167106276	167319495	213220	*
595	chr1	167319495	167534027	214533	*
596	chr1	167534027	167753922	219896	*
597	chr1	167753922	167980446	226525	*
598	chr1	167980446	168198476	218031	*
599	chr1	168198476	168421646	223171	*
600	chr1	168421646	168643984	222339	*
601	chr1	168643984	168861603	217620	*
602	chr1	168861603	169080284	218682	*
603	chr1	169080284	169304699	224416	*
604	chr1	169304699	169528654	223956	*
605	chr1	169528654	169751154	222501	*
606	chr1	169751154	169965421	214268	*
607	chr1	169965421	170197248	231828	*
608	chr1	170197248	170412066	214819	*
609	chr1	170412066	170643795	231730	*
610	chr1	170643795	170861709	217915	*
611	chr1	170861709	171082238	220530	*
612	chr1	171082238	171299706	217469	*
613	chr1	171299706	171536496	236791	*
614	chr1	171536496	171770645	234150	*
615	chr1	171770645	171982090	211446	*
616	chr1	171982090	172207656	225567	*
617	chr1	172207656	172427250	219595	*
618	chr1	172427250	172644528	217279	*
619	chr1	172644528	172860908	216381	*
620	chr1	172860908	173089314	228407	*
621	chr1	173089314	173312529	223216	*
622	chr1	173312529	173546052	233524	*
623	chr1	173546052	173789072	243021	*
624	chr1	173789072	174022275	233204	*
625	chr1	174022275	174263169	240895	*
626	chr1	174263169	174489958	226790	*
627	chr1	174489958	174739915	249958	*
628	chr1	174739915	174971777	231863	*
629	chr1	174971777	175189868	218092	*
630	chr1	175189868	175406482	216615	*
631	chr1	175406482	175616249	209768	*
632	chr1	175616249	175822326	206078	*
633	chr1	175822326	176044571	222246	*
634	chr1	176044571	176270268	225698	*
635	chr1	176270268	176499357	229090	*
636	chr1	176499357	176709005	209649	*
637	chr1	176709005	176917313	208309	*
638	chr1	176917313	177121286	203974	*
639	chr1	177121286	177331776	210491	*
640	chr1	177331776	177548248	216473	*
641	chr1	177548248	177780430	232183	*
642	chr1	177780430	177996340	215911	*
643	chr1	177996340	178217487	221148	*
644	chr1	178217487	178440372	222886	*
645	chr1	178440372	178658475	218104	*
646	chr1	178658475	178885137	226663	*
647	chr1	178885137	179114318	229182	*
648	chr1	179114318	179348287	233970	*
649	chr1	179348287	179594811	246525	*
650	chr1	179594811	179820736	225926	*
651	chr1	179820736	180042692	221957	*
652	chr1	180042692	180255425	212734	*
653	chr1	180255425	180482121	226697	*
654	chr1	180482121	180704459	222339	*
655	chr1	180704459	180930033	225575	*
656	chr1	180930033	181150199	220167	*
657	chr1	181150199	181377542	227344	*
658	chr1	181377542	181583400	205859	*
659	chr1	181583400	181789594	206195	*
660	chr1	181789594	182022011	232418	*
661	chr1	182022011	182238525	216515	*
662	chr1	182238525	182460479	221955	*
663	chr1	182460479	182675093	214615	*
664	chr1	182675093	182889723	214631	*
665	chr1	182889723	183115329	225607	*
666	chr1	183115329	183332586	217258	*
667	chr1	183332586	183550220	217635	*
668	chr1	183550220	183783343	233124	*
669	chr1	183783343	183990622	207280	*
670	chr1	183990622	184205795	215174	*
671	chr1	184205795	184426303	220509	*
672	chr1	184426303	184637897	211595	*
673	chr1	184637897	184859950	222054	*
674	chr1	184859950	185081746	221797	*
675	chr1	185081746	185308532	226787	*
676	chr1	185308532	185527486	218955	*
677	chr1	185527486	185753227	225742	*
678	chr1	185753227	185974266	221040	*
679	chr1	185974266	186186049	211784	*
680	chr1	186186049	186405232	219184	*
681	chr1	186405232	186625455	220224	*
682	chr1	186625455	186849159	223705	*
683	chr1	186849159	187061127	211969	*
684	chr1	187061127	187276293	215167	*
685	chr1	187276293	187493589	217297	*
686	chr1	187493589	187715573	221985	*
687	chr1	187715573	187939956	224384	*
688	chr1	187939956	188151148	211193	*
689	chr1	188151148	188363046	211899	*
690	chr1	188363046	188572350	209305	*
691	chr1	188572350	188789265	216916	*
692	chr1	188789265	189005075	215811	*
693	chr1	189005075	189222446	217372	*
694	chr1	189222446	189445618	223173	*
695	chr1	189445618	189660925	215308	*
696	chr1	189660925	189876427	215503	*
697	chr1	189876427	190085879	209453	*
698	chr1	190085879	190293543	207665	*
699	chr1	190293543	190501047	207505	*
700	chr1	190501047	190711137	210091	*
701	chr1	190711137	190923897	212761	*
702	chr1	190923897	191143319	219423	*
703	chr1	191143319	191354958	211640	*
704	chr1	191354958	191572387	217430	*
705	chr1	191572387	191782725	210339	*
706	chr1	191782725	191995335	212611	*
707	chr1	191995335	192207568	212234	*
708	chr1	192207568	192418332	210765	*
709	chr1	192418332	192641127	222796	*
710	chr1	192641127	192864746	223620	*
711	chr1	192864746	193079928	215183	*
712	chr1	193079928	193294087	214160	*
713	chr1	193294087	193508024	213938	*
714	chr1	193508024	193727313	219290	*
715	chr1	193727313	193944781	217469	*
716	chr1	193944781	194162690	217910	*
717	chr1	194162690	194379752	217063	*
718	chr1	194379752	194596307	216556	*
719	chr1	194596307	194810588	214282	*
720	chr1	194810588	195022375	211788	*
721	chr1	195022375	195239918	217544	*
722	chr1	195239918	195448469	208552	*
723	chr1	195448469	195665152	216684	*
724	chr1	195665152	195877854	212703	*
725	chr1	195877854	196091833	213980	*
726	chr1	196091833	196314113	222281	*
727	chr1	196314113	196523901	209789	*
728	chr1	196523901	196734476	210576	*
729	chr1	196734476	197036731	302256	*
730	chr1	197036731	197252791	216061	*
731	chr1	197252791	197464066	211276	*
732	chr1	197464066	197680591	216526	*
733	chr1	197680591	197910152	229562	*
734	chr1	197910152	198123039	212888	*
735	chr1	198123039	198340748	217710	*
736	chr1	198340748	198550357	209610	*
737	chr1	198550357	198757512	207156	*
738	chr1	198757512	198966655	209144	*
739	chr1	198966655	199177731	211077	*
740	chr1	199177731	199389172	211442	*
741	chr1	199389172	199608408	219237	*
742	chr1	199608408	199826573	218166	*
743	chr1	199826573	200063469	236897	*
744	chr1	200063469	200286035	222567	*
745	chr1	200286035	200507393	221359	*
746	chr1	200507393	200737834	230442	*
747	chr1	200737834	200964016	226183	*
748	chr1	200964016	201171315	207300	*
749	chr1	201171315	201386160	214846	*
750	chr1	201386160	201603819	217660	*
751	chr1	201603819	201819958	216140	*
752	chr1	201819958	202048190	228233	*
753	chr1	202048190	202280997	232808	*
754	chr1	202280997	202568488	287492	*
755	chr1	202568488	202794653	226166	*
756	chr1	202794653	203026387	231735	*
757	chr1	203026387	203232032	205646	*
758	chr1	203232032	203460124	228093	*
759	chr1	203460124	203682634	222511	*
760	chr1	203682634	203925840	243207	*
761	chr1	203925840	204153610	227771	*
762	chr1	204153610	204365509	211900	*
763	chr1	204365509	204584411	218903	*
764	chr1	204584411	204795434	211024	*
765	chr1	204795434	205002533	207100	*
766	chr1	205002533	205226281	223749	*
767	chr1	205226281	205450366	224086	*
768	chr1	205450366	205669365	219000	*
769	chr1	205669365	206399032	729668	*
770	chr1	206399032	206619897	220866	*
771	chr1	206619897	206833598	213702	*
772	chr1	206833598	207042067	208470	*
773	chr1	207042067	207265796	223730	*
774	chr1	207265796	207478173	212378	*
775	chr1	207478173	207772483	294311	*
776	chr1	207772483	207981776	209294	*
777	chr1	207981776	208186041	204266	*
778	chr1	208186041	208392829	206789	*
779	chr1	208392829	208601327	208499	*
780	chr1	208601327	208818249	216923	*
781	chr1	208818249	209036926	218678	*
782	chr1	209036926	209250557	213632	*
783	chr1	209250557	209465692	215136	*
784	chr1	209465692	209670641	204950	*
785	chr1	209670641	209881273	210633	*
786	chr1	209881273	210107392	226120	*
787	chr1	210107392	210328056	220665	*
788	chr1	210328056	210543809	215754	*
789	chr1	210543809	210757160	213352	*
790	chr1	210757160	210991187	234028	*
791	chr1	210991187	211230985	239799	*
792	chr1	211230985	211467581	236597	*
793	chr1	211467581	211689027	221447	*
794	chr1	211689027	211915848	226822	*
795	chr1	211915848	212137920	222073	*
796	chr1	212137920	212367047	229128	*
797	chr1	212367047	212589652	222606	*
798	chr1	212589652	212814437	224786	*
799	chr1	212814437	213051554	237118	*
800	chr1	213051554	213278721	227168	*
801	chr1	213278721	213492441	213721	*
802	chr1	213492441	213714764	222324	*
803	chr1	213714764	213921574	206811	*
804	chr1	213921574	214129083	207510	*
805	chr1	214129083	214339464	210382	*
806	chr1	214339464	214553643	214180	*
807	chr1	214553643	214777692	224050	*
808	chr1	214777692	214994344	216653	*
809	chr1	214994344	215206268	211925	*
810	chr1	215206268	215422317	216050	*
811	chr1	215422317	215641312	218996	*
812	chr1	215641312	215856474	215163	*
813	chr1	215856474	216070597	214124	*
814	chr1	216070597	216281602	211006	*
815	chr1	216281602	216496135	214534	*
816	chr1	216496135	216700437	204303	*
817	chr1	216700437	216906831	206395	*
818	chr1	216906831	217112684	205854	*
819	chr1	217112684	217323197	210514	*
820	chr1	217323197	217541419	218223	*
821	chr1	217541419	217762301	220883	*
822	chr1	217762301	217971293	208993	*
823	chr1	217971293	218188212	216920	*
824	chr1	218188212	218400771	212560	*
825	chr1	218400771	218621412	220642	*
826	chr1	218621412	218837286	215875	*
827	chr1	218837286	219045031	207746	*
828	chr1	219045031	219256740	211710	*
829	chr1	219256740	219467866	211127	*
830	chr1	219467866	219695260	227395	*
831	chr1	219695260	219932138	236879	*
832	chr1	219932138	220163791	231654	*
833	chr1	220163791	220382081	218291	*
834	chr1	220382081	220597740	215660	*
835	chr1	220597740	220818456	220717	*
836	chr1	220818456	221031141	212686	*
837	chr1	221031141	221247335	216195	*
838	chr1	221247335	221465593	218259	*
839	chr1	221465593	221675696	210104	*
840	chr1	221675696	221881323	205628	*
841	chr1	221881323	222103102	221780	*
842	chr1	222103102	222318994	215893	*
843	chr1	222318994	222581915	262922	*
844	chr1	222581915	222799731	217817	*
845	chr1	222799731	223022880	223150	*
846	chr1	223022880	223245882	223003	*
847	chr1	223245882	223476283	230402	*
848	chr1	223476283	224093800	617518	*
849	chr1	224093800	224339444	245645	*
850	chr1	224339444	224564098	224655	*
851	chr1	224564098	224775556	211459	*
852	chr1	224775556	225004910	229355	*
853	chr1	225004910	225256238	251329	*
854	chr1	225256238	225479895	223658	*
855	chr1	225479895	225701246	221352	*
856	chr1	225701246	225936248	235003	*
857	chr1	225936248	226176699	240452	*
858	chr1	226176699	226405730	229032	*
859	chr1	226405730	226623320	217591	*
860	chr1	226623320	226840801	217482	*
861	chr1	226840801	227064710	223910	*
862	chr1	227064710	227283332	218623	*
863	chr1	227283332	227521124	237793	*
864	chr1	227521124	227755001	233878	*
865	chr1	227755001	227988212	233212	*
866	chr1	227988212	228200439	212228	*
867	chr1	228200439	228409139	208701	*
868	chr1	228409139	228731605	322467	*
869	chr1	228731605	228941899	210295	*
870	chr1	228941899	229155089	213191	*
871	chr1	229155089	229377305	222217	*
872	chr1	229377305	229607069	229765	*
873	chr1	229607069	229822811	215743	*
874	chr1	229822811	230034242	211432	*
875	chr1	230034242	230242368	208127	*
876	chr1	230242368	230456149	213782	*
877	chr1	230456149	230680939	224791	*
878	chr1	230680939	230891306	210368	*
879	chr1	230891306	231110036	218731	*
880	chr1	231110036	231329453	219418	*
881	chr1	231329453	231551599	222147	*
882	chr1	231551599	231776781	225183	*
883	chr1	231776781	231999860	223080	*
884	chr1	231999860	232221356	221497	*
885	chr1	232221356	232435484	214129	*
886	chr1	232435484	232643683	208200	*
887	chr1	232643683	232860808	217126	*
888	chr1	232860808	233075089	214282	*
889	chr1	233075089	233287869	212781	*
890	chr1	233287869	233502589	214721	*
891	chr1	233502589	233716435	213847	*
892	chr1	233716435	233941414	224980	*
893	chr1	233941414	234160854	219441	*
894	chr1	234160854	234376129	215276	*
895	chr1	234376129	234593886	217758	*
896	chr1	234593886	234833136	239251	*
897	chr1	234833136	235049458	216323	*
898	chr1	235049458	235305248	255791	*
899	chr1	235305248	235551879	246632	*
900	chr1	235551879	235775384	223506	*
901	chr1	235775384	236000294	224911	*
902	chr1	236000294	236231145	230852	*
903	chr1	236231145	236463972	232828	*
904	chr1	236463972	236685723	221752	*
905	chr1	236685723	236901063	215341	*
906	chr1	236901063	237133260	232198	*
907	chr1	237133260	237349866	216607	*
908	chr1	237349866	237563402	213537	*
909	chr1	237563402	237778662	215261	*
910	chr1	237778662	237995021	216360	*
911	chr1	237995021	238217491	222471	*
912	chr1	238217491	238433748	216258	*
913	chr1	238433748	238645870	212123	*
914	chr1	238645870	238861022	215153	*
915	chr1	238861022	239074398	213377	*
916	chr1	239074398	239289006	214609	*
917	chr1	239289006	239499378	210373	*
918	chr1	239499378	239722748	223371	*
919	chr1	239722748	239932078	209331	*
920	chr1	239932078	240151788	219711	*
921	chr1	240151788	240368050	216263	*
922	chr1	240368050	240585436	217387	*
923	chr1	240585436	240814597	229162	*
924	chr1	240814597	241034415	219819	*
925	chr1	241034415	241250143	215729	*
926	chr1	241250143	241469300	219158	*
927	chr1	241469300	241678859	209560	*
928	chr1	241678859	241898291	219433	*
929	chr1	241898291	242141905	243615	*
930	chr1	242141905	242429444	287540	*
931	chr1	242429444	242656758	227315	*
932	chr1	242656758	243322776	666019	*
933	chr1	243322776	243531499	208724	*
934	chr1	243531499	243746856	215358	*
935	chr1	243746856	243966948	220093	*
936	chr1	243966948	244176061	209114	*
937	chr1	244176061	244396876	220816	*
938	chr1	244396876	244629331	232456	*
939	chr1	244629331	244861415	232085	*
940	chr1	244861415	245090744	229330	*
941	chr1	245090744	245317535	226792	*
942	chr1	245317535	245536937	219403	*
943	chr1	245536937	245758880	221944	*
944	chr1	245758880	245978897	220018	*
945	chr1	245978897	246192720	213824	*
946	chr1	246192720	246421471	228752	*
947	chr1	246421471	246652235	230765	*
948	chr1	246652235	246889677	237443	*
949	chr1	246889677	247137213	247537	*
950	chr1	247137213	247368090	230878	*
951	chr1	247368090	247595036	226947	*
952	chr1	247595036	247826793	231758	*
953	chr1	247826793	248070840	244048	*
954	chr2	0	237132	237133	*
955	chr2	237132	454246	217115	*
956	chr2	454246	660287	206042	*
957	chr2	660287	884731	224445	*
958	chr2	884731	1099961	215231	*
959	chr2	1099961	1320668	220708	*
960	chr2	1320668	1553114	232447	*
961	chr2	1553114	1777751	224638	*
962	chr2	1777751	1987808	210058	*
963	chr2	1987808	2208032	220225	*
964	chr2	2208032	2421328	213297	*
965	chr2	2421328	2631234	209907	*
966	chr2	2631234	2843310	212077	*
967	chr2	2843310	3054933	211624	*
968	chr2	3054933	3272965	218033	*
969	chr2	3272965	3493408	220444	*
970	chr2	3493408	3722696	229289	*
971	chr2	3722696	3949058	226363	*
972	chr2	3949058	4170114	221057	*
973	chr2	4170114	4382555	212442	*
974	chr2	4382555	4592151	209597	*
975	chr2	4592151	4815839	223689	*
976	chr2	4815839	5034280	218442	*
977	chr2	5034280	5245391	211112	*
978	chr2	5245391	5456216	210826	*
979	chr2	5456216	5686341	230126	*
980	chr2	5686341	5898929	212589	*
981	chr2	5898929	6106238	207310	*
982	chr2	6106238	6318108	211871	*
983	chr2	6318108	6529646	211539	*
984	chr2	6529646	6735434	205789	*
985	chr2	6735434	6945300	209867	*
986	chr2	6945300	7154015	208716	*
987	chr2	7154015	7364131	210117	*
988	chr2	7364131	7572869	208739	*
989	chr2	7572869	7781588	208720	*
990	chr2	7781588	7992437	210850	*
991	chr2	7992437	8207683	215247	*
992	chr2	8207683	8414400	206718	*
993	chr2	8414400	8622664	208265	*
994	chr2	8622664	8832013	209350	*
995	chr2	8832013	9057670	225658	*
996	chr2	9057670	9277021	219352	*
997	chr2	9277021	9493765	216745	*
998	chr2	9493765	9722122	228358	*
999	chr2	9722122	9947250	225129	*
1000	chr2	9947250	10171243	223994	*
1001	chr2	10171243	10385705	214463	*
1002	chr2	10385705	10601950	216246	*
1003	chr2	10601950	10831742	229793	*
1004	chr2	10831742	11049001	217260	*
1005	chr2	11049001	11272784	223784	*
1006	chr2	11272784	11495647	222864	*
1007	chr2	11495647	11708948	213302	*
1008	chr2	11708948	11931413	222466	*
1009	chr2	11931413	12144021	212609	*
1010	chr2	12144021	12351392	207372	*
1011	chr2	12351392	12566632	215241	*
1012	chr2	12566632	12780151	213520	*
1013	chr2	12780151	12992745	212595	*
1014	chr2	12992745	13204138	211394	*
1015	chr2	13204138	13429802	225665	*
1016	chr2	13429802	13654428	224627	*
1017	chr2	13654428	13877471	223044	*
1018	chr2	13877471	14094416	216946	*
1019	chr2	14094416	14310059	215644	*
1020	chr2	14310059	14532449	222391	*
1021	chr2	14532449	14739515	207067	*
1022	chr2	14739515	14962200	222686	*
1023	chr2	14962200	15170474	208275	*
1024	chr2	15170474	15387955	217482	*
1025	chr2	15387955	15604648	216694	*
1026	chr2	15604648	15816218	211571	*
1027	chr2	15816218	16038226	222009	*
1028	chr2	16038226	16266413	228188	*
1029	chr2	16266413	16474061	207649	*
1030	chr2	16474061	16684563	210503	*
1031	chr2	16684563	16902659	218097	*
1032	chr2	16902659	17114664	212006	*
1033	chr2	17114664	17323822	209159	*
1034	chr2	17323822	17544783	220962	*
1035	chr2	17544783	17755440	210658	*
1036	chr2	17755440	17974388	218949	*
1037	chr2	17974388	18203302	228915	*
1038	chr2	18203302	18414835	211534	*
1039	chr2	18414835	18624635	209801	*
1040	chr2	18624635	18841047	216413	*
1041	chr2	18841047	19072217	231171	*
1042	chr2	19072217	19294170	221954	*
1043	chr2	19294170	19510325	216156	*
1044	chr2	19510325	19721574	211250	*
1045	chr2	19721574	19936372	214799	*
1046	chr2	19936372	20154183	217812	*
1047	chr2	20154183	20366866	212684	*
1048	chr2	20366866	20586511	219646	*
1049	chr2	20586511	20796265	209755	*
1050	chr2	20796265	21017298	221034	*
1051	chr2	21017298	21235513	218216	*
1052	chr2	21235513	21447033	211521	*
1053	chr2	21447033	21661923	214891	*
1054	chr2	21661923	21867184	205262	*
1055	chr2	21867184	22078936	211753	*
1056	chr2	22078936	22294632	215697	*
1057	chr2	22294632	22507110	212479	*
1058	chr2	22507110	22717282	210173	*
1059	chr2	22717282	22928082	210801	*
1060	chr2	22928082	23141215	213134	*
1061	chr2	23141215	23357345	216131	*
1062	chr2	23357345	23565768	208424	*
1063	chr2	23565768	23780907	215140	*
1064	chr2	23780907	24018622	237716	*
1065	chr2	24018622	24253860	235239	*
1066	chr2	24253860	24484368	230509	*
1067	chr2	24484368	24703371	219004	*
1068	chr2	24703371	24930721	227351	*
1069	chr2	24930721	25161789	231069	*
1070	chr2	25161789	25384253	222465	*
1071	chr2	25384253	25609769	225517	*
1072	chr2	25609769	25839438	229670	*
1073	chr2	25839438	26085400	245963	*
1074	chr2	26085400	26313032	227633	*
1075	chr2	26313032	26530094	217063	*
1076	chr2	26530094	26742193	212100	*
1077	chr2	26742193	26967939	225747	*
1078	chr2	26967939	27187439	219501	*
1079	chr2	27187439	27421336	233898	*
1080	chr2	27421336	27655199	233864	*
1081	chr2	27655199	27876854	221656	*
1082	chr2	27876854	28091583	214730	*
1083	chr2	28091583	28311878	220296	*
1084	chr2	28311878	28524565	212688	*
1085	chr2	28524565	28742089	217525	*
1086	chr2	28742089	28968959	226871	*
1087	chr2	28968959	29183611	214653	*
1088	chr2	29183611	29392173	208563	*
1089	chr2	29392173	29601498	209326	*
1090	chr2	29601498	29812061	210564	*
1091	chr2	29812061	30022983	210923	*
1092	chr2	30022983	30239693	216711	*
1093	chr2	30239693	30455167	215475	*
1094	chr2	30455167	30672245	217079	*
1095	chr2	30672245	30893360	221116	*
1096	chr2	30893360	31105607	212248	*
1097	chr2	31105607	31317213	211607	*
1098	chr2	31317213	31537276	220064	*
1099	chr2	31537276	31769977	232702	*
1100	chr2	31769977	32003225	233249	*
1101	chr2	32003225	32247695	244471	*
1102	chr2	32247695	32484720	237026	*
1103	chr2	32484720	32713929	229210	*
1104	chr2	32713929	32937764	223836	*
1105	chr2	32937764	33155508	217745	*
1106	chr2	33155508	33380726	225219	*
1107	chr2	33380726	33602656	221931	*
1108	chr2	33602656	33831479	228824	*
1109	chr2	33831479	34054293	222815	*
1110	chr2	34054293	34270300	216008	*
1111	chr2	34270300	34484703	214404	*
1112	chr2	34484703	34725695	240993	*
1113	chr2	34725695	34945217	219523	*
1114	chr2	34945217	35165311	220095	*
1115	chr2	35165311	35382921	217611	*
1116	chr2	35382921	35605787	222867	*
1117	chr2	35605787	35825502	219716	*
1118	chr2	35825502	36039259	213758	*
1119	chr2	36039259	36272808	233550	*
1120	chr2	36272808	36482099	209292	*
1121	chr2	36482099	36696097	213999	*
1122	chr2	36696097	36914396	218300	*
1123	chr2	36914396	37147687	233292	*
1124	chr2	37147687	37365783	218097	*
1125	chr2	37365783	37584218	218436	*
1126	chr2	37584218	37801811	217594	*
1127	chr2	37801811	38027783	225973	*
1128	chr2	38027783	38247287	219505	*
1129	chr2	38247287	38477313	230027	*
1130	chr2	38477313	38705230	227918	*
1131	chr2	38705230	38941384	236155	*
1132	chr2	38941384	39161370	219987	*
1133	chr2	39161370	39383131	221762	*
1134	chr2	39383131	39606930	223800	*
1135	chr2	39606930	39822141	215212	*
1136	chr2	39822141	40048996	226856	*
1137	chr2	40048996	40266112	217117	*
1138	chr2	40266112	40472213	206102	*
1139	chr2	40472213	40683834	211622	*
1140	chr2	40683834	40898674	214841	*
1141	chr2	40898674	41112827	214154	*
1142	chr2	41112827	41324959	212133	*
1143	chr2	41324959	41544529	219571	*
1144	chr2	41544529	41763860	219332	*
1145	chr2	41763860	41972817	208958	*
1146	chr2	41972817	42192988	220172	*
1147	chr2	42192988	42410163	217176	*
1148	chr2	42410163	42654634	244472	*
1149	chr2	42654634	42876701	222068	*
1150	chr2	42876701	43098570	221870	*
1151	chr2	43098570	43322053	223484	*
1152	chr2	43322053	43535315	213263	*
1153	chr2	43535315	43765663	230349	*
1154	chr2	43765663	43982461	216799	*
1155	chr2	43982461	44214526	232066	*
1156	chr2	44214526	44439986	225461	*
1157	chr2	44439986	44661666	221681	*
1158	chr2	44661666	44872496	210831	*
1159	chr2	44872496	45098089	225594	*
1160	chr2	45098089	45306770	208682	*
1161	chr2	45306770	45518263	211494	*
1162	chr2	45518263	45728509	210247	*
1163	chr2	45728509	45938209	209701	*
1164	chr2	45938209	46145463	207255	*
1165	chr2	46145463	46358568	213106	*
1166	chr2	46358568	46570869	212302	*
1167	chr2	46570869	46787156	216288	*
1168	chr2	46787156	47001097	213942	*
1169	chr2	47001097	47221982	220886	*
1170	chr2	47221982	47462773	240792	*
1171	chr2	47462773	47681346	218574	*
1172	chr2	47681346	47914804	233459	*
1173	chr2	47914804	48142674	227871	*
1174	chr2	48142674	48362722	220049	*
1175	chr2	48362722	48590889	228168	*
1176	chr2	48590889	48815992	225104	*
1177	chr2	48815992	49030464	214473	*
1178	chr2	49030464	49253543	223080	*
1179	chr2	49253543	49474673	221131	*
1180	chr2	49474673	49693275	218603	*
1181	chr2	49693275	49909434	216160	*
1182	chr2	49909434	50117042	207609	*
1183	chr2	50117042	50324251	207210	*
1184	chr2	50324251	50532598	208348	*
1185	chr2	50532598	50738052	205455	*
1186	chr2	50738052	50943970	205919	*
1187	chr2	50943970	51149917	205948	*
1188	chr2	51149917	51367415	217499	*
1189	chr2	51367415	51588890	221476	*
1190	chr2	51588890	51807031	218142	*
1191	chr2	51807031	52028799	221769	*
1192	chr2	52028799	52242286	213488	*
1193	chr2	52242286	52457959	215674	*
1194	chr2	52457959	52673142	215184	*
1195	chr2	52673142	52884351	211210	*
1196	chr2	52884351	53101631	217281	*
1197	chr2	53101631	53318916	217286	*
1198	chr2	53318916	53536545	217630	*
1199	chr2	53536545	53758530	221986	*
1200	chr2	53758530	53982006	223477	*
1201	chr2	53982006	54210696	228691	*
1202	chr2	54210696	54421259	210564	*
1203	chr2	54421259	54634100	212842	*
1204	chr2	54634100	54843250	209151	*
1205	chr2	54843250	55051838	208589	*
1206	chr2	55051838	55277484	225647	*
1207	chr2	55277484	55511400	233917	*
1208	chr2	55511400	55749748	238349	*
1209	chr2	55749748	55975874	226127	*
1210	chr2	55975874	56201240	225367	*
1211	chr2	56201240	56411584	210345	*
1212	chr2	56411584	56640091	228508	*
1213	chr2	56640091	56863928	223838	*
1214	chr2	56863928	57082882	218955	*
1215	chr2	57082882	57312833	229952	*
1216	chr2	57312833	57529420	216588	*
1217	chr2	57529420	57752465	223046	*
1218	chr2	57752465	57959967	207503	*
1219	chr2	57959967	58180841	220875	*
1220	chr2	58180841	58404653	223813	*
1221	chr2	58404653	58615635	210983	*
1222	chr2	58615635	58823056	207422	*
1223	chr2	58823056	59028956	205901	*
1224	chr2	59028956	59244651	215696	*
1225	chr2	59244651	59463037	218387	*
1226	chr2	59463037	59676152	213116	*
1227	chr2	59676152	59884495	208344	*
1228	chr2	59884495	60099567	215073	*
1229	chr2	60099567	60325767	226201	*
1230	chr2	60325767	60537261	211495	*
1231	chr2	60537261	60757988	220728	*
1232	chr2	60757988	60983503	225516	*
1233	chr2	60983503	61218885	235383	*
1234	chr2	61218885	61441334	222450	*
1235	chr2	61441334	61683613	242280	*
1236	chr2	61683613	61919448	235836	*
1237	chr2	61919448	62151538	232091	*
1238	chr2	62151538	62376584	225047	*
1239	chr2	62376584	62603740	227157	*
1240	chr2	62603740	62845638	241899	*
1241	chr2	62845638	63056418	210781	*
1242	chr2	63056418	63285475	229058	*
1243	chr2	63285475	63517328	231854	*
1244	chr2	63517328	63749450	232123	*
1245	chr2	63749450	63966005	216556	*
1246	chr2	63966005	64190161	224157	*
1247	chr2	64190161	64405898	215738	*
1248	chr2	64405898	64618367	212470	*
1249	chr2	64618367	64831713	213347	*
1250	chr2	64831713	65055711	223999	*
1251	chr2	65055711	65292893	237183	*
1252	chr2	65292893	65513844	220952	*
1253	chr2	65513844	65732889	219046	*
1254	chr2	65732889	65948592	215704	*
1255	chr2	65948592	66171553	222962	*
1256	chr2	66171553	66403499	231947	*
1257	chr2	66403499	66613455	209957	*
1258	chr2	66613455	66840403	226949	*
1259	chr2	66840403	67050212	209810	*
1260	chr2	67050212	67264056	213845	*
1261	chr2	67264056	67483907	219852	*
1262	chr2	67483907	67701437	217531	*
1263	chr2	67701437	67913573	212137	*
1264	chr2	67913573	68136703	223131	*
1265	chr2	68136703	68353809	217107	*
1266	chr2	68353809	68579678	225870	*
1267	chr2	68579678	68801544	221867	*
1268	chr2	68801544	69014350	212807	*
1269	chr2	69014350	69219616	205267	*
1270	chr2	69219616	69445861	226246	*
1271	chr2	69445861	69667570	221710	*
1272	chr2	69667570	69892007	224438	*
1273	chr2	69892007	70117573	225567	*
1274	chr2	70117573	70365677	248105	*
1275	chr2	70365677	70579888	214212	*
1276	chr2	70579888	70795740	215853	*
1277	chr2	70795740	71024019	228280	*
1278	chr2	71024019	71281561	257543	*
1279	chr2	71281561	71502239	220679	*
1280	chr2	71502239	71710668	208430	*
1281	chr2	71710668	71917173	206506	*
1282	chr2	71917173	72137822	220650	*
1283	chr2	72137822	72351002	213181	*
1284	chr2	72351002	72578190	227189	*
1285	chr2	72578190	72801323	223134	*
1286	chr2	72801323	73010258	208936	*
1287	chr2	73010258	73238761	228504	*
1288	chr2	73238761	73452148	213388	*
1289	chr2	73452148	73710839	258692	*
1290	chr2	73710839	73964045	253207	*
1291	chr2	73964045	74185029	220985	*
1292	chr2	74185029	74404292	219264	*
1293	chr2	74404292	74625152	220861	*
1294	chr2	74625152	74848351	223200	*
1295	chr2	74848351	75065104	216754	*
1296	chr2	75065104	75282280	217177	*
1297	chr2	75282280	75501112	218833	*
1298	chr2	75501112	75713518	212407	*
1299	chr2	75713518	75932562	219045	*
1300	chr2	75932562	76156837	224276	*
1301	chr2	76156837	76377105	220269	*
1302	chr2	76377105	76593895	216791	*
1303	chr2	76593895	76826099	232205	*
1304	chr2	76826099	77040088	213990	*
1305	chr2	77040088	77268268	228181	*
1306	chr2	77268268	77475601	207334	*
1307	chr2	77475601	77711031	235431	*
1308	chr2	77711031	77932777	221747	*
1309	chr2	77932777	78145183	212407	*
1310	chr2	78145183	78362622	217440	*
1311	chr2	78362622	78578372	215751	*
1312	chr2	78578372	78799978	221607	*
1313	chr2	78799978	79008701	208724	*
1314	chr2	79008701	79236255	227555	*
1315	chr2	79236255	79451679	215425	*
1316	chr2	79451679	79663658	211980	*
1317	chr2	79663658	79876735	213078	*
1318	chr2	79876735	80085362	208628	*
1319	chr2	80085362	80303709	218348	*
1320	chr2	80303709	80509114	205406	*
1321	chr2	80509114	80719845	210732	*
1322	chr2	80719845	80937248	217404	*
1323	chr2	80937248	81149450	212203	*
1324	chr2	81149450	81367845	218396	*
1325	chr2	81367845	81577886	210042	*
1326	chr2	81577886	81793568	215683	*
1327	chr2	81793568	82014421	220854	*
1328	chr2	82014421	82225220	210800	*
1329	chr2	82225220	82437929	212710	*
1330	chr2	82437929	82649384	211456	*
1331	chr2	82649384	82860379	210996	*
1332	chr2	82860379	83075764	215386	*
1333	chr2	83075764	83294987	219224	*
1334	chr2	83294987	83511892	216906	*
1335	chr2	83511892	83721247	209356	*
1336	chr2	83721247	83944875	223629	*
1337	chr2	83944875	84163157	218283	*
1338	chr2	84163157	84391447	228291	*
1339	chr2	84391447	84614439	222993	*
1340	chr2	84614439	84830464	216026	*
1341	chr2	84830464	85060280	229817	*
1342	chr2	85060280	85285274	224995	*
1343	chr2	85285274	85524412	239139	*
1344	chr2	85524412	85751608	227197	*
1345	chr2	85751608	85971937	220330	*
1346	chr2	85971937	86191158	219222	*
1347	chr2	86191158	86410662	219505	*
1348	chr2	86410662	88098859	1688198	*
1349	chr2	88098859	88313529	214671	*
1350	chr2	88313529	88547949	234421	*
1351	chr2	88547949	88775351	227403	*
1352	chr2	88775351	94993228	6217878	*
1353	chr2	94993228	95216428	223201	*
1354	chr2	95216428	96010439	794012	*
1355	chr2	96010439	96282917	272479	*
1356	chr2	96282917	96522775	239859	*
1357	chr2	96522775	96746118	223344	*
1358	chr2	96746118	97703128	957011	*
1359	chr2	97703128	97921790	218663	*
1360	chr2	97921790	98146170	224381	*
1361	chr2	98146170	98360320	214151	*
1362	chr2	98360320	98573871	213552	*
1363	chr2	98573871	98790559	216689	*
1364	chr2	98790559	99021753	231195	*
1365	chr2	99021753	99259654	237902	*
1366	chr2	99259654	99488194	228541	*
1367	chr2	99488194	99709545	221352	*
1368	chr2	99709545	99924286	214742	*
1369	chr2	99924286	100161388	237103	*
1370	chr2	100161388	100375008	213621	*
1371	chr2	100375008	100603075	228068	*
1372	chr2	100603075	100817190	214116	*
1373	chr2	100817190	101031398	214209	*
1374	chr2	101031398	101268084	236687	*
1375	chr2	101268084	101496492	228409	*
1376	chr2	101496492	101724332	227841	*
1377	chr2	101724332	101935162	210831	*
1378	chr2	101935162	102146783	211622	*
1379	chr2	102146783	102359014	212232	*
1380	chr2	102359014	102572689	213676	*
1381	chr2	102572689	102785413	212725	*
1382	chr2	102785413	103001475	216063	*
1383	chr2	103001475	103218857	217383	*
1384	chr2	103218857	103429739	210883	*
1385	chr2	103429739	103645634	215896	*
1386	chr2	103645634	103856272	210639	*
1387	chr2	103856272	104062337	206066	*
1388	chr2	104062337	104270603	208267	*
1389	chr2	104270603	104479338	208736	*
1390	chr2	104479338	104695675	216338	*
1391	chr2	104695675	104903882	208208	*
1392	chr2	104903882	105122676	218795	*
1393	chr2	105122676	105344051	221376	*
1394	chr2	105344051	105560625	216575	*
1395	chr2	105560625	105770679	210055	*
1396	chr2	105770679	105981259	210581	*
1397	chr2	105981259	106561927	580669	*
1398	chr2	106561927	106773069	211143	*
1399	chr2	106773069	106985987	212919	*
1400	chr2	106985987	107200892	214906	*
1401	chr2	107200892	107413851	212960	*
1402	chr2	107413851	107624726	210876	*
1403	chr2	107624726	107914397	289672	*
1404	chr2	107914397	108137089	222693	*
1405	chr2	108137089	108355982	218894	*
1406	chr2	108355982	108607975	251994	*
1407	chr2	108607975	108893307	285333	*
1408	chr2	108893307	109118079	224773	*
1409	chr2	109118079	110739745	1621667	*
1410	chr2	110739745	110951657	211913	*
1411	chr2	110951657	112009762	1058106	*
1412	chr2	112009762	112562876	553115	*
1413	chr2	112562876	112789032	226157	*
1414	chr2	112789032	113003244	214213	*
1415	chr2	113003244	113682054	678811	*
1416	chr2	113682054	113909240	227187	*
1417	chr2	113909240	114132685	223446	*
1418	chr2	114132685	114350821	218137	*
1419	chr2	114350821	114567426	216606	*
1420	chr2	114567426	114777750	210325	*
1421	chr2	114777750	114992560	214811	*
1422	chr2	114992560	115211856	219297	*
1423	chr2	115211856	115428662	216807	*
1424	chr2	115428662	115643486	214825	*
1425	chr2	115643486	115856682	213197	*
1426	chr2	115856682	116084653	227972	*
1427	chr2	116084653	116307814	223162	*
1428	chr2	116307814	116523407	215594	*
1429	chr2	116523407	116741266	217860	*
1430	chr2	116741266	116957238	215973	*
1431	chr2	116957238	117182360	225123	*
1432	chr2	117182360	117398181	215822	*
1433	chr2	117398181	117632280	234100	*
1434	chr2	117632280	117867017	234738	*
1435	chr2	117867017	118092572	225556	*
1436	chr2	118092572	118309340	216769	*
1437	chr2	118309340	118525574	216235	*
1438	chr2	118525574	118733433	207860	*
1439	chr2	118733433	118946007	212575	*
1440	chr2	118946007	119170844	224838	*
1441	chr2	119170844	119385339	214496	*
1442	chr2	119385339	119598214	212876	*
1443	chr2	119598214	119818952	220739	*
1444	chr2	119818952	120040149	221198	*
1445	chr2	120040149	120272943	232795	*
1446	chr2	120272943	120482378	209436	*
1447	chr2	120482378	120689314	206937	*
1448	chr2	120689314	120896207	206894	*
1449	chr2	120896207	121102582	206376	*
1450	chr2	121102582	121322249	219668	*
1451	chr2	121322249	121537747	215499	*
1452	chr2	121537747	121775921	238175	*
1453	chr2	121775921	121993458	217538	*
1454	chr2	121993458	122221487	228030	*
1455	chr2	122221487	122438719	217233	*
1456	chr2	122438719	122649915	211197	*
1457	chr2	122649915	122863720	213806	*
1458	chr2	122863720	123071428	207709	*
1459	chr2	123071428	123284073	212646	*
1460	chr2	123284073	123501873	217801	*
1461	chr2	123501873	123723831	221959	*
1462	chr2	123723831	123938497	214667	*
1463	chr2	123938497	124155261	216765	*
1464	chr2	124155261	124372312	217052	*
1465	chr2	124372312	124586548	214237	*
1466	chr2	124586548	124799949	213402	*
1467	chr2	124799949	125011047	211099	*
1468	chr2	125011047	125226332	215286	*
1469	chr2	125226332	125446786	220455	*
1470	chr2	125446786	125658220	211435	*
1471	chr2	125658220	125874464	216245	*
1472	chr2	125874464	126090641	216178	*
1473	chr2	126090641	126315074	224434	*
1474	chr2	126315074	126531469	216396	*
1475	chr2	126531469	126746841	215373	*
1476	chr2	126746841	126954717	207877	*
1477	chr2	126954717	127169907	215191	*
1478	chr2	127169907	127396613	226707	*
1479	chr2	127396613	127613324	216712	*
1480	chr2	127613324	127837286	223963	*
1481	chr2	127837286	128076587	239302	*
1482	chr2	128076587	128304503	227917	*
1483	chr2	128304503	128517592	213090	*
1484	chr2	128517592	128732092	214501	*
1485	chr2	128732092	128963567	231476	*
1486	chr2	128963567	129184217	220651	*
1487	chr2	129184217	129396170	211954	*
1488	chr2	129396170	129620885	224716	*
1489	chr2	129620885	130764645	1143761	*
1490	chr2	130764645	132243151	1478507	*
1491	chr2	132243151	132485482	242332	*
1492	chr2	132485482	132702634	217153	*
1493	chr2	132702634	132912975	210342	*
1494	chr2	132912975	133121350	208376	*
1495	chr2	133121350	133335089	213740	*
1496	chr2	133335089	133556004	220916	*
1497	chr2	133556004	133771106	215103	*
1498	chr2	133771106	133986328	215223	*
1499	chr2	133986328	134212741	226414	*
1500	chr2	134212741	134418881	206141	*
1501	chr2	134418881	134634420	215540	*
1502	chr2	134634420	134868965	234546	*
1503	chr2	134868965	135093282	224318	*
1504	chr2	135093282	135331838	238557	*
1505	chr2	135331838	135577141	245304	*
1506	chr2	135577141	135800252	223112	*
1507	chr2	135800252	136025403	225152	*
1508	chr2	136025403	136238385	212983	*
1509	chr2	136238385	136455222	216838	*
1510	chr2	136455222	136669432	214211	*
1511	chr2	136669432	136883660	214229	*
1512	chr2	136883660	137108451	224792	*
1513	chr2	137108451	137327780	219330	*
1514	chr2	137327780	137550560	222781	*
1515	chr2	137550560	137773404	222845	*
1516	chr2	137773404	137989975	216572	*
1517	chr2	137989975	138199899	209925	*
1518	chr2	138199899	138416907	217009	*
1519	chr2	138416907	138637811	220905	*
1520	chr2	138637811	138849336	211526	*
1521	chr2	138849336	139063408	214073	*
1522	chr2	139063408	139274186	210779	*
1523	chr2	139274186	139491373	217188	*
1524	chr2	139491373	139707747	216375	*
1525	chr2	139707747	139919760	212014	*
1526	chr2	139919760	140133637	213878	*
1527	chr2	140133637	140342929	209293	*
1528	chr2	140342929	140554435	211507	*
1529	chr2	140554435	140762918	208484	*
1530	chr2	140762918	140975589	212672	*
1531	chr2	140975589	141186991	211403	*
1532	chr2	141186991	141396651	209661	*
1533	chr2	141396651	141611454	214804	*
1534	chr2	141611454	141818312	206859	*
1535	chr2	141818312	142026562	208251	*
1536	chr2	142026562	142232673	206112	*
1537	chr2	142232673	142441608	208936	*
1538	chr2	142441608	142659972	218365	*
1539	chr2	142659972	142882160	222189	*
1540	chr2	142882160	143104085	221926	*
1541	chr2	143104085	143309752	205668	*
1542	chr2	143309752	143515413	205662	*
1543	chr2	143515413	143731923	216511	*
1544	chr2	143731923	143945996	214074	*
1545	chr2	143945996	144156671	210676	*
1546	chr2	144156671	144368761	212091	*
1547	chr2	144368761	144573765	205005	*
1548	chr2	144573765	144787834	214070	*
1549	chr2	144787834	145001687	213854	*
1550	chr2	145001687	145206224	204538	*
1551	chr2	145206224	145412203	205980	*
1552	chr2	145412203	145625985	213783	*
1553	chr2	145625985	145834018	208034	*
1554	chr2	145834018	146044279	210262	*
1555	chr2	146044279	146256175	211897	*
1556	chr2	146256175	146473742	217568	*
1557	chr2	146473742	146688286	214545	*
1558	chr2	146688286	146906591	218306	*
1559	chr2	146906591	147117249	210659	*
1560	chr2	147117249	147338753	221505	*
1561	chr2	147338753	147547520	208768	*
1562	chr2	147547520	147764285	216766	*
1563	chr2	147764285	147978415	214131	*
1564	chr2	147978415	148204324	225910	*
1565	chr2	148204324	148444551	240228	*
1566	chr2	148444551	148655904	211354	*
1567	chr2	148655904	148878121	222218	*
1568	chr2	148878121	149087319	209199	*
1569	chr2	149087319	149299913	212595	*
1570	chr2	149299913	149525432	225520	*
1571	chr2	149525432	149743294	217863	*
1572	chr2	149743294	149986233	242940	*
1573	chr2	149986233	150204160	217928	*
1574	chr2	150204160	150414432	210273	*
1575	chr2	150414432	150627142	212711	*
1576	chr2	150627142	150841922	214781	*
1577	chr2	150841922	151053891	211970	*
1578	chr2	151053891	151267852	213962	*
1579	chr2	151267852	151499895	232044	*
1580	chr2	151499895	151751126	251232	*
1581	chr2	151751126	151968158	217033	*
1582	chr2	151968158	152193761	225604	*
1583	chr2	152193761	152418681	224921	*
1584	chr2	152418681	152628168	209488	*
1585	chr2	152628168	152841098	212931	*
1586	chr2	152841098	153064726	223629	*
1587	chr2	153064726	153287596	222871	*
1588	chr2	153287596	153513004	225409	*
1589	chr2	153513004	153742383	229380	*
1590	chr2	153742383	153955252	212870	*
1591	chr2	153955252	154175982	220731	*
1592	chr2	154175982	154383877	207896	*
1593	chr2	154383877	154595582	211706	*
1594	chr2	154595582	154802673	207092	*
1595	chr2	154802673	155023304	220632	*
1596	chr2	155023304	155236635	213332	*
1597	chr2	155236635	155450388	213754	*
1598	chr2	155450388	155669985	219598	*
1599	chr2	155669985	155880387	210403	*
1600	chr2	155880387	156099519	219133	*
1601	chr2	156099519	156322992	223474	*
1602	chr2	156322992	156544426	221435	*
1603	chr2	156544426	156757701	213276	*
1604	chr2	156757701	156975528	217828	*
1605	chr2	156975528	157197592	222065	*
1606	chr2	157197592	157425790	228199	*
1607	chr2	157425790	157648974	223185	*
1608	chr2	157648974	157866535	217562	*
1609	chr2	157866535	158087533	220999	*
1610	chr2	158087533	158310688	223156	*
1611	chr2	158310688	158549317	238630	*
1612	chr2	158549317	158755497	206181	*
1613	chr2	158755497	158995370	239874	*
1614	chr2	158995370	159212428	217059	*
1615	chr2	159212428	159435910	223483	*
1616	chr2	159435910	159660326	224417	*
1617	chr2	159660326	159882595	222270	*
1618	chr2	159882595	160095421	212827	*
1619	chr2	160095421	160321505	226085	*
1620	chr2	160321505	160535249	213745	*
1621	chr2	160535249	160749674	214426	*
1622	chr2	160749674	160984133	234460	*
1623	chr2	160984133	161207535	223403	*
1624	chr2	161207535	161424288	216754	*
1625	chr2	161424288	161656856	232569	*
1626	chr2	161656856	161872686	215831	*
1627	chr2	161872686	162086062	213377	*
1628	chr2	162086062	162291973	205912	*
1629	chr2	162291973	162502507	210535	*
1630	chr2	162502507	162712973	210467	*
1631	chr2	162712973	162922674	209702	*
1632	chr2	162922674	163140904	218231	*
1633	chr2	163140904	163348940	208037	*
1634	chr2	163348940	163561301	212362	*
1635	chr2	163561301	163767380	206080	*
1636	chr2	163767380	163980309	212930	*
1637	chr2	163980309	164191684	211376	*
1638	chr2	164191684	164410783	219100	*
1639	chr2	164410783	164623084	212302	*
1640	chr2	164623084	164833429	210346	*
1641	chr2	164833429	165054538	221110	*
1642	chr2	165054538	165263951	209414	*
1643	chr2	165263951	165473763	209813	*
1644	chr2	165473763	165690077	216315	*
1645	chr2	165690077	165908455	218379	*
1646	chr2	165908455	166122766	214312	*
1647	chr2	166122766	166335813	213048	*
1648	chr2	166335813	166548025	212213	*
1649	chr2	166548025	166776423	228399	*
1650	chr2	166776423	167003887	227465	*
1651	chr2	167003887	167235550	231664	*
1652	chr2	167235550	167447077	211528	*
1653	chr2	167447077	167669958	222882	*
1654	chr2	167669958	167894036	224079	*
1655	chr2	167894036	168105010	210975	*
1656	chr2	168105010	168322161	217152	*
1657	chr2	168322161	168538032	215872	*
1658	chr2	168538032	168751457	213426	*
1659	chr2	168751457	168967070	215614	*
1660	chr2	168967070	169180218	213149	*
1661	chr2	169180218	169413008	232791	*
1662	chr2	169413008	169648953	235946	*
1663	chr2	169648953	169880267	231315	*
1664	chr2	169880267	170099186	218920	*
1665	chr2	170099186	170316303	217118	*
1666	chr2	170316303	170533222	216920	*
1667	chr2	170533222	170766225	233004	*
1668	chr2	170766225	170986502	220278	*
1669	chr2	170986502	171205796	219295	*
1670	chr2	171205796	171438133	232338	*
1671	chr2	171438133	171666772	228640	*
1672	chr2	171666772	171894406	227635	*
1673	chr2	171894406	172112601	218196	*
1674	chr2	172112601	172347687	235087	*
1675	chr2	172347687	172565851	218165	*
1676	chr2	172565851	172789208	223358	*
1677	chr2	172789208	172998691	209484	*
1678	chr2	172998691	173212902	214212	*
1679	chr2	173212902	173433522	220621	*
1680	chr2	173433522	173652020	218499	*
1681	chr2	173652020	173869265	217246	*
1682	chr2	173869265	174082407	213143	*
1683	chr2	174082407	174308579	226173	*
1684	chr2	174308579	174537502	228924	*
1685	chr2	174537502	174750585	213084	*
1686	chr2	174750585	174962437	211853	*
1687	chr2	174962437	175180565	218129	*
1688	chr2	175180565	175398179	217615	*
1689	chr2	175398179	175626993	228815	*
1690	chr2	175626993	175864003	237011	*
1691	chr2	175864003	176083880	219878	*
1692	chr2	176083880	176297184	213305	*
1693	chr2	176297184	176510378	213195	*
1694	chr2	176510378	176717128	206751	*
1695	chr2	176717128	176930372	213245	*
1696	chr2	176930372	177139861	209490	*
1697	chr2	177139861	177362258	222398	*
1698	chr2	177362258	177581928	219671	*
1699	chr2	177581928	177796888	214961	*
1700	chr2	177796888	178023162	226275	*
1701	chr2	178023162	178248236	225075	*
1702	chr2	178248236	178464832	216597	*
1703	chr2	178464832	178681074	216243	*
1704	chr2	178681074	178886240	205167	*
1705	chr2	178886240	179127819	241580	*
1706	chr2	179127819	179353130	225312	*
1707	chr2	179353130	179572086	218957	*
1708	chr2	179572086	179787331	215246	*
1709	chr2	179787331	179995466	208136	*
1710	chr2	179995466	180205684	210219	*
1711	chr2	180205684	180423368	217685	*
1712	chr2	180423368	180639076	215709	*
1713	chr2	180639076	180862537	223462	*
1714	chr2	180862537	181069711	207175	*
1715	chr2	181069711	181281694	211984	*
1716	chr2	181281694	181495353	213660	*
1717	chr2	181495353	181704274	208922	*
1718	chr2	181704274	181922478	218205	*
1719	chr2	181922478	182139949	217472	*
1720	chr2	182139949	182359775	219827	*
1721	chr2	182359775	182582982	223208	*
1722	chr2	182582982	182810239	227258	*
1723	chr2	182810239	183027108	216870	*
1724	chr2	183027108	183250701	223594	*
1725	chr2	183250701	183481511	230811	*
1726	chr2	183481511	183703523	222013	*
1727	chr2	183703523	183938356	234834	*
1728	chr2	183938356	184156143	217788	*
1729	chr2	184156143	184374004	217862	*
1730	chr2	184374004	184583551	209548	*
1731	chr2	184583551	184790419	206869	*
1732	chr2	184790419	185003086	212668	*
1733	chr2	185003086	185218037	214952	*
1734	chr2	185218037	185437334	219298	*
1735	chr2	185437334	185655327	217994	*
1736	chr2	185655327	185878881	223555	*
1737	chr2	185878881	186095607	216727	*
1738	chr2	186095607	186320945	225339	*
1739	chr2	186320945	186543133	222189	*
1740	chr2	186543133	186753047	209915	*
1741	chr2	186753047	186979526	226480	*
1742	chr2	186979526	187192017	212492	*
1743	chr2	187192017	187403040	211024	*
1744	chr2	187403040	187625153	222114	*
1745	chr2	187625153	187845345	220193	*
1746	chr2	187845345	188062841	217497	*
1747	chr2	188062841	188283065	220225	*
1748	chr2	188283065	188491451	208387	*
1749	chr2	188491451	188704411	212961	*
1750	chr2	188704411	188922245	217835	*
1751	chr2	188922245	189130859	208615	*
1752	chr2	189130859	189351117	220259	*
1753	chr2	189351117	189570538	219422	*
1754	chr2	189570538	189790899	220362	*
1755	chr2	189790899	190018051	227153	*
1756	chr2	190018051	190238577	220527	*
1757	chr2	190238577	190458436	219860	*
1758	chr2	190458436	190678803	220368	*
1759	chr2	190678803	190899891	221089	*
1760	chr2	190899891	191115178	215288	*
1761	chr2	191115178	191327877	212700	*
1762	chr2	191327877	191543035	215159	*
1763	chr2	191543035	191757336	214302	*
1764	chr2	191757336	191971082	213747	*
1765	chr2	191971082	192180029	208948	*
1766	chr2	192180029	192396084	216056	*
1767	chr2	192396084	192615118	219035	*
1768	chr2	192615118	192821150	206033	*
1769	chr2	192821150	193050544	229395	*
1770	chr2	193050544	193266222	215679	*
1771	chr2	193266222	193480195	213974	*
1772	chr2	193480195	193698727	218533	*
1773	chr2	193698727	193922061	223335	*
1774	chr2	193922061	194140650	218590	*
1775	chr2	194140650	194348828	208179	*
1776	chr2	194348828	194574575	225748	*
1777	chr2	194574575	194789395	214821	*
1778	chr2	194789395	195014792	225398	*
1779	chr2	195014792	195246887	232096	*
1780	chr2	195246887	195470668	223782	*
1781	chr2	195470668	195696499	225832	*
1782	chr2	195696499	195911447	214949	*
1783	chr2	195911447	196140551	229105	*
1784	chr2	196140551	196353518	212968	*
1785	chr2	196353518	196571962	218445	*
1786	chr2	196571962	196795932	223971	*
1787	chr2	196795932	197023263	227332	*
1788	chr2	197023263	197243015	219753	*
1789	chr2	197243015	197470867	227853	*
1790	chr2	197470867	197728537	257671	*
1791	chr2	197728537	197957986	229450	*
1792	chr2	197957986	198169612	211627	*
1793	chr2	198169612	198381029	211418	*
1794	chr2	198381029	198600044	219016	*
1795	chr2	198600044	198812650	212607	*
1796	chr2	198812650	199024899	212250	*
1797	chr2	199024899	199254763	229865	*
1798	chr2	199254763	199461497	206735	*
1799	chr2	199461497	199682947	221451	*
1800	chr2	199682947	199899753	216807	*
1801	chr2	199899753	200110407	210655	*
1802	chr2	200110407	200327898	217492	*
1803	chr2	200327898	200539233	211336	*
1804	chr2	200539233	200759609	220377	*
1805	chr2	200759609	200988370	228762	*
1806	chr2	200988370	201234609	246240	*
1807	chr2	201234609	201472493	237885	*
1808	chr2	201472493	201703630	231138	*
1809	chr2	201703630	201922015	218386	*
1810	chr2	201922015	202138658	216644	*
1811	chr2	202138658	202382729	244072	*
1812	chr2	202382729	202634399	251671	*
1813	chr2	202634399	202869748	235350	*
1814	chr2	202869748	203101785	232038	*
1815	chr2	203101785	203340872	239088	*
1816	chr2	203340872	203569129	228258	*
1817	chr2	203569129	203799110	229982	*
1818	chr2	203799110	204013818	214709	*
1819	chr2	204013818	204222875	209058	*
1820	chr2	204222875	204434173	211299	*
1821	chr2	204434173	204647243	213071	*
1822	chr2	204647243	204862056	214814	*
1823	chr2	204862056	205075820	213765	*
1824	chr2	205075820	205291504	215685	*
1825	chr2	205291504	205502032	210529	*
1826	chr2	205502032	205712151	210120	*
1827	chr2	205712151	205921473	209323	*
1828	chr2	205921473	206156280	234808	*
1829	chr2	206156280	206386891	230612	*
1830	chr2	206386891	206612268	225378	*
1831	chr2	206612268	206828682	216415	*
1832	chr2	206828682	207062560	233879	*
1833	chr2	207062560	207267599	205040	*
1834	chr2	207267599	207484395	216797	*
1835	chr2	207484395	207714752	230358	*
1836	chr2	207714752	207940204	225453	*
1837	chr2	207940204	208168205	228002	*
1838	chr2	208168205	208394578	226374	*
1839	chr2	208394578	208613688	219111	*
1840	chr2	208613688	208867900	254213	*
1841	chr2	208867900	209094532	226633	*
1842	chr2	209094532	209338958	244427	*
1843	chr2	209338958	209552983	214026	*
1844	chr2	209552983	209766931	213949	*
1845	chr2	209766931	209980668	213738	*
1846	chr2	209980668	210200908	220241	*
1847	chr2	210200908	210429707	228800	*
1848	chr2	210429707	210645262	215556	*
1849	chr2	210645262	210856951	211690	*
1850	chr2	210856951	211077033	220083	*
1851	chr2	211077033	211295231	218199	*
1852	chr2	211295231	211501627	206397	*
1853	chr2	211501627	211715646	214020	*
1854	chr2	211715646	211935735	220090	*
1855	chr2	211935735	212148215	212481	*
1856	chr2	212148215	212356974	208760	*
1857	chr2	212356974	212565132	208159	*
1858	chr2	212565132	212784456	219325	*
1859	chr2	212784456	213003145	218690	*
1860	chr2	213003145	213207721	204577	*
1861	chr2	213207721	213432358	224638	*
1862	chr2	213432358	213654745	222388	*
1863	chr2	213654745	213874955	220211	*
1864	chr2	213874955	214086768	211814	*
1865	chr2	214086768	214303924	217157	*
1866	chr2	214303924	214513637	209714	*
1867	chr2	214513637	214736838	223202	*
1868	chr2	214736838	214956788	219951	*
1869	chr2	214956788	215177224	220437	*
1870	chr2	215177224	215413906	236683	*
1871	chr2	215413906	215627639	213734	*
1872	chr2	215627639	215840386	212748	*
1873	chr2	215840386	216068541	228156	*
1874	chr2	216068541	216284208	215668	*
1875	chr2	216284208	216506699	222492	*
1876	chr2	216506699	216720974	214276	*
1877	chr2	216720974	216930280	209307	*
1878	chr2	216930280	217143800	213521	*
1879	chr2	217143800	217353951	210152	*
1880	chr2	217353951	217563169	209219	*
1881	chr2	217563169	217772008	208840	*
1882	chr2	217772008	217976279	204272	*
1883	chr2	217976279	218209916	233638	*
1884	chr2	218209916	218445575	235660	*
1885	chr2	218445575	218677416	231842	*
1886	chr2	218677416	218905128	227713	*
1887	chr2	218905128	219120744	215617	*
1888	chr2	219120744	219345119	224376	*
1889	chr2	219345119	219557955	212837	*
1890	chr2	219557955	219773529	215575	*
1891	chr2	219773529	219994007	220479	*
1892	chr2	219994007	220202986	208980	*
1893	chr2	220202986	220420517	217532	*
1894	chr2	220420517	220629850	209334	*
1895	chr2	220629850	220842551	212702	*
1896	chr2	220842551	221053335	210785	*
1897	chr2	221053335	221264534	211200	*
1898	chr2	221264534	221476437	211904	*
1899	chr2	221476437	221686285	209849	*
1900	chr2	221686285	221896483	210199	*
1901	chr2	221896483	222114327	217845	*
1902	chr2	222114327	222328882	214556	*
1903	chr2	222328882	222545210	216329	*
1904	chr2	222545210	222769136	223927	*
1905	chr2	222769136	222990933	221798	*
1906	chr2	222990933	223213669	222737	*
1907	chr2	223213669	223438582	224914	*
1908	chr2	223438582	223650526	211945	*
1909	chr2	223650526	223882786	232261	*
1910	chr2	223882786	224100218	217433	*
1911	chr2	224100218	224319189	218972	*
1912	chr2	224319189	224537011	217823	*
1913	chr2	224537011	224766002	228992	*
1914	chr2	224766002	224980386	214385	*
1915	chr2	224980386	225192792	212407	*
1916	chr2	225192792	225406980	214189	*
1917	chr2	225406980	225621479	214500	*
1918	chr2	225621479	225837071	215593	*
1919	chr2	225837071	226048600	211530	*
1920	chr2	226048600	226262102	213503	*
1921	chr2	226262102	226475827	213726	*
1922	chr2	226475827	226687474	211648	*
1923	chr2	226687474	226898112	210639	*
1924	chr2	226898112	227121930	223819	*
1925	chr2	227121930	227339229	217300	*
1926	chr2	227339229	227563823	224595	*
1927	chr2	227563823	227795491	231669	*
1928	chr2	227795491	228022021	226531	*
1929	chr2	228022021	228250956	228936	*
1930	chr2	228250956	228471354	220399	*
1931	chr2	228471354	228692346	220993	*
1932	chr2	228692346	228916614	224269	*
1933	chr2	228916614	229128167	211554	*
1934	chr2	229128167	229338207	210041	*
1935	chr2	229338207	229555160	216954	*
1936	chr2	229555160	229770224	215065	*
1937	chr2	229770224	229997585	227362	*
1938	chr2	229997585	230229241	231657	*
1939	chr2	230229241	230458353	229113	*
1940	chr2	230458353	230699196	240844	*
1941	chr2	230699196	230918892	219697	*
1942	chr2	230918892	231136131	217240	*
1943	chr2	231136131	231361679	225549	*
1944	chr2	231361679	231601703	240025	*
1945	chr2	231601703	231857716	256014	*
1946	chr2	231857716	232082713	224998	*
1947	chr2	232082713	232306766	224054	*
1948	chr2	232306766	232542878	236113	*
1949	chr2	232542878	232772408	229531	*
1950	chr2	232772408	232992984	220577	*
1951	chr2	232992984	233222200	229217	*
1952	chr2	233222200	233442977	220778	*
1953	chr2	233442977	233679612	236636	*
1954	chr2	233679612	233903405	223794	*
1955	chr2	233903405	234118026	214622	*
1956	chr2	234118026	234337717	219692	*
1957	chr2	234337717	234555534	217818	*
1958	chr2	234555534	234783164	227631	*
1959	chr2	234783164	235002950	219787	*
1960	chr2	235002950	235215679	212730	*
1961	chr2	235215679	235431396	215718	*
1962	chr2	235431396	235649544	218149	*
1963	chr2	235649544	235861011	211468	*
1964	chr2	235861011	236071398	210388	*
1965	chr2	236071398	236288799	217402	*
1966	chr2	236288799	236514422	225624	*
1967	chr2	236514422	236719918	205497	*
1968	chr2	236719918	236930942	211025	*
1969	chr2	236930942	237137593	206652	*
1970	chr2	237137593	237349903	212311	*
1971	chr2	237349903	237562330	212428	*
1972	chr2	237562330	237778238	215909	*
1973	chr2	237778238	238004507	226270	*
1974	chr2	238004507	238222061	217555	*
1975	chr2	238222061	238442858	220798	*
1976	chr2	238442858	238655933	213076	*
1977	chr2	238655933	238868064	212132	*
1978	chr2	238868064	239097056	228993	*
1979	chr2	239097056	239304263	207208	*
1980	chr2	239304263	239513040	208778	*
1981	chr2	239513040	239723318	210279	*
1982	chr2	239723318	239945040	221723	*
1983	chr2	239945040	240156696	211657	*
1984	chr2	240156696	240365903	209208	*
1985	chr2	240365903	240581767	215865	*
1986	chr2	240581767	240811597	229831	*
1987	chr2	240811597	241030633	219037	*
1988	chr2	241030633	241248676	218044	*
1989	chr2	241248676	241471020	222345	*
1990	chr2	241471020	241698122	227103	*
1991	chr3	0	237117	237118	*
1992	chr3	237117	449600	212484	*
1993	chr3	449600	689360	239761	*
1994	chr3	689360	917761	228402	*
1995	chr3	917761	1130180	212420	*
1996	chr3	1130180	1341321	211142	*
1997	chr3	1341321	1557771	216451	*
1998	chr3	1557771	1782483	224713	*
1999	chr3	1782483	2003303	220821	*
2000	chr3	2003303	2214521	211219	*
2001	chr3	2214521	2432272	217752	*
2002	chr3	2432272	2647627	215356	*
2003	chr3	2647627	2864194	216568	*
2004	chr3	2864194	3075527	211334	*
2005	chr3	3075527	3287652	212126	*
2006	chr3	3287652	3501320	213669	*
2007	chr3	3501320	3712108	210789	*
2008	chr3	3712108	3944711	232604	*
2009	chr3	3944711	4182141	237431	*
2010	chr3	4182141	4414870	232730	*
2011	chr3	4414870	4627810	212941	*
2012	chr3	4627810	4834245	206436	*
2013	chr3	4834245	5061176	226932	*
2014	chr3	5061176	5288804	227629	*
2015	chr3	5288804	5507592	218789	*
2016	chr3	5507592	5733423	225832	*
2017	chr3	5733423	5953677	220255	*
2018	chr3	5953677	6168289	214613	*
2019	chr3	6168289	6393577	225289	*
2020	chr3	6393577	6623634	230058	*
2021	chr3	6623634	6839890	216257	*
2022	chr3	6839890	7055420	215531	*
2023	chr3	7055420	7264143	208724	*
2024	chr3	7264143	7472102	207960	*
2025	chr3	7472102	7682488	210387	*
2026	chr3	7682488	7894589	212102	*
2027	chr3	7894589	8119228	224640	*
2028	chr3	8119228	8329192	209965	*
2029	chr3	8329192	8545785	216594	*
2030	chr3	8545785	8774407	228623	*
2031	chr3	8774407	8986371	211965	*
2032	chr3	8986371	9194197	207827	*
2033	chr3	9194197	9414806	220610	*
2034	chr3	9414806	9650973	236168	*
2035	chr3	9650973	9881198	230226	*
2036	chr3	9881198	10134315	253118	*
2037	chr3	10134315	10365013	230699	*
2038	chr3	10365013	10570649	205637	*
2039	chr3	10570649	10781015	210367	*
2040	chr3	10781015	10986364	205350	*
2041	chr3	10986364	11203207	216844	*
2042	chr3	11203207	11427810	224604	*
2043	chr3	11427810	11651718	223909	*
2044	chr3	11651718	11888607	236890	*
2045	chr3	11888607	12116613	228007	*
2046	chr3	12116613	12328797	212185	*
2047	chr3	12328797	12543563	214767	*
2048	chr3	12543563	12785076	241514	*
2049	chr3	12785076	13001858	216783	*
2050	chr3	13001858	13210146	208289	*
2051	chr3	13210146	13425849	215704	*
2052	chr3	13425849	13645993	220145	*
2053	chr3	13645993	13853669	207677	*
2054	chr3	13853669	14101720	248052	*
2055	chr3	14101720	14314757	213038	*
2056	chr3	14314757	14522324	207568	*
2057	chr3	14522324	14732042	209719	*
2058	chr3	14732042	14945939	213898	*
2059	chr3	14945939	15183591	237653	*
2060	chr3	15183591	15415585	231995	*
2061	chr3	15415585	15640076	224492	*
2062	chr3	15640076	15858416	218341	*
2063	chr3	15858416	16082109	223694	*
2064	chr3	16082109	16297946	215838	*
2065	chr3	16297946	16506302	208357	*
2066	chr3	16506302	16725425	219124	*
2067	chr3	16725425	16942939	217515	*
2068	chr3	16942939	17164136	221198	*
2069	chr3	17164136	17374557	210422	*
2070	chr3	17374557	17589307	214751	*
2071	chr3	17589307	17823319	234013	*
2072	chr3	17823319	18038874	215556	*
2073	chr3	18038874	18247903	209030	*
2074	chr3	18247903	18457354	209452	*
2075	chr3	18457354	18668530	211177	*
2076	chr3	18668530	18877674	209145	*
2077	chr3	18877674	19116590	238917	*
2078	chr3	19116590	19329407	212818	*
2079	chr3	19329407	19552213	222807	*
2080	chr3	19552213	19789197	236985	*
2081	chr3	19789197	20024413	235217	*
2082	chr3	20024413	20244190	219778	*
2083	chr3	20244190	20477408	233219	*
2084	chr3	20477408	20694445	217038	*
2085	chr3	20694445	20912249	217805	*
2086	chr3	20912249	21129679	217431	*
2087	chr3	21129679	21357002	227324	*
2088	chr3	21357002	21577955	220954	*
2089	chr3	21577955	21789733	211779	*
2090	chr3	21789733	22006980	217248	*
2091	chr3	22006980	22231162	224183	*
2092	chr3	22231162	22444400	213239	*
2093	chr3	22444400	22665008	220609	*
2094	chr3	22665008	22899459	234452	*
2095	chr3	22899459	23126084	226626	*
2096	chr3	23126084	23346540	220457	*
2097	chr3	23346540	23565236	218697	*
2098	chr3	23565236	23785696	220461	*
2099	chr3	23785696	24008380	222685	*
2100	chr3	24008380	24239783	231404	*
2101	chr3	24239783	24449915	210133	*
2102	chr3	24449915	24661559	211645	*
2103	chr3	24661559	24868940	207382	*
2104	chr3	24868940	25077246	208307	*
2105	chr3	25077246	25290266	213021	*
2106	chr3	25290266	25507040	216775	*
2107	chr3	25507040	25718849	211810	*
2108	chr3	25718849	25931499	212651	*
2109	chr3	25931499	26156280	224782	*
2110	chr3	26156280	26383095	226816	*
2111	chr3	26383095	26617911	234817	*
2112	chr3	26617911	26840456	222546	*
2113	chr3	26840456	27074978	234523	*
2114	chr3	27074978	27296259	221282	*
2115	chr3	27296259	27515700	219442	*
2116	chr3	27515700	27746232	230533	*
2117	chr3	27746232	27967749	221518	*
2118	chr3	27967749	28186997	219249	*
2119	chr3	28186997	28406275	219279	*
2120	chr3	28406275	28632672	226398	*
2121	chr3	28632672	28842637	209966	*
2122	chr3	28842637	29058756	216120	*
2123	chr3	29058756	29274144	215389	*
2124	chr3	29274144	29485483	211340	*
2125	chr3	29485483	29698322	212840	*
2126	chr3	29698322	29909560	211239	*
2127	chr3	29909560	30135583	226024	*
2128	chr3	30135583	30349822	214240	*
2129	chr3	30349822	30569326	219505	*
2130	chr3	30569326	30775149	205824	*
2131	chr3	30775149	30983062	207914	*
2132	chr3	30983062	31192271	209210	*
2133	chr3	31192271	31398518	206248	*
2134	chr3	31398518	31607799	209282	*
2135	chr3	31607799	31821927	214129	*
2136	chr3	31821927	32046962	225036	*
2137	chr3	32046962	32277728	230767	*
2138	chr3	32277728	32499975	222248	*
2139	chr3	32499975	32733875	233901	*
2140	chr3	32733875	32974787	240913	*
2141	chr3	32974787	33198314	223528	*
2142	chr3	33198314	33427388	229075	*
2143	chr3	33427388	33655434	228047	*
2144	chr3	33655434	33885872	230439	*
2145	chr3	33885872	34114796	228925	*
2146	chr3	34114796	34330940	216145	*
2147	chr3	34330940	34555666	224727	*
2148	chr3	34555666	34777148	221483	*
2149	chr3	34777148	34990515	213368	*
2150	chr3	34990515	35211050	220536	*
2151	chr3	35211050	35425490	214441	*
2152	chr3	35425490	35646481	220992	*
2153	chr3	35646481	35854184	207704	*
2154	chr3	35854184	36075176	220993	*
2155	chr3	36075176	36297078	221903	*
2156	chr3	36297078	36519021	221944	*
2157	chr3	36519021	36737064	218044	*
2158	chr3	36737064	36952339	215276	*
2159	chr3	36952339	37176195	223857	*
2160	chr3	37176195	37402868	226674	*
2161	chr3	37402868	37621482	218615	*
2162	chr3	37621482	37837601	216120	*
2163	chr3	37837601	38050502	212902	*
2164	chr3	38050502	38274710	224209	*
2165	chr3	38274710	38509351	234642	*
2166	chr3	38509351	38717717	208367	*
2167	chr3	38717717	38931104	213388	*
2168	chr3	38931104	39151491	220388	*
2169	chr3	39151491	39382444	230954	*
2170	chr3	39382444	39607185	224742	*
2171	chr3	39607185	39832940	225756	*
2172	chr3	39832940	40074416	241477	*
2173	chr3	40074416	40301915	227500	*
2174	chr3	40301915	40524997	223083	*
2175	chr3	40524997	40743008	218012	*
2176	chr3	40743008	40968472	225465	*
2177	chr3	40968472	41174943	206472	*
2178	chr3	41174943	41397602	222660	*
2179	chr3	41397602	41623968	226367	*
2180	chr3	41623968	41866951	242984	*
2181	chr3	41866951	42101754	234804	*
2182	chr3	42101754	42328486	226733	*
2183	chr3	42328486	42539996	211511	*
2184	chr3	42539996	42754022	214027	*
2185	chr3	42754022	42982066	228045	*
2186	chr3	42982066	43196727	214662	*
2187	chr3	43196727	43409010	212284	*
2188	chr3	43409010	43640545	231536	*
2189	chr3	43640545	43868109	227565	*
2190	chr3	43868109	44083812	215704	*
2191	chr3	44083812	44296096	212285	*
2192	chr3	44296096	44523505	227410	*
2193	chr3	44523505	44753559	230055	*
2194	chr3	44753559	44978865	225307	*
2195	chr3	44978865	45197722	218858	*
2196	chr3	45197722	45417461	219740	*
2197	chr3	45417461	45634303	216843	*
2198	chr3	45634303	45848317	214015	*
2199	chr3	45848317	46060265	211949	*
2200	chr3	46060265	46288526	228262	*
2201	chr3	46288526	46506166	217641	*
2202	chr3	46506166	46725113	218948	*
2203	chr3	46725113	46954164	229052	*
2204	chr3	46954164	47182230	228067	*
2205	chr3	47182230	47415866	233637	*
2206	chr3	47415866	47651944	236079	*
2207	chr3	47651944	47892883	240940	*
2208	chr3	47892883	48142003	249121	*
2209	chr3	48142003	48379853	237851	*
2210	chr3	48379853	48606335	226483	*
2211	chr3	48606335	48851247	244913	*
2212	chr3	48851247	49098960	247714	*
2213	chr3	49098960	49354633	255674	*
2214	chr3	49354633	49603962	249330	*
2215	chr3	49603962	49833171	229210	*
2216	chr3	49833171	50072981	239811	*
2217	chr3	50072981	50297453	224473	*
2218	chr3	50297453	50509266	211814	*
2219	chr3	50509266	50723335	214070	*
2220	chr3	50723335	50970128	246794	*
2221	chr3	50970128	51215766	245639	*
2222	chr3	51215766	51465577	249812	*
2223	chr3	51465577	51710263	244687	*
2224	chr3	51710263	51944545	234283	*
2225	chr3	51944545	52155976	211432	*
2226	chr3	52155976	52376215	220240	*
2227	chr3	52376215	52590492	214278	*
2228	chr3	52590492	52818329	227838	*
2229	chr3	52818329	53037082	218754	*
2230	chr3	53037082	53257863	220782	*
2231	chr3	53257863	53503237	245375	*
2232	chr3	53503237	53710811	207575	*
2233	chr3	53710811	53919033	208223	*
2234	chr3	53919033	54138145	219113	*
2235	chr3	54138145	54352894	214750	*
2236	chr3	54352894	54576364	223471	*
2237	chr3	54576364	54792059	215696	*
2238	chr3	54792059	55005704	213646	*
2239	chr3	55005704	55231319	225616	*
2240	chr3	55231319	55446424	215106	*
2241	chr3	55446424	55653263	206840	*
2242	chr3	55653263	55865286	212024	*
2243	chr3	55865286	56073556	208271	*
2244	chr3	56073556	56287059	213504	*
2245	chr3	56287059	56496547	209489	*
2246	chr3	56496547	56739219	242673	*
2247	chr3	56739219	56961165	221947	*
2248	chr3	56961165	57182734	221570	*
2249	chr3	57182734	57464825	282092	*
2250	chr3	57464825	57712644	247820	*
2251	chr3	57712644	57944377	231734	*
2252	chr3	57944377	58169245	224869	*
2253	chr3	58169245	58402001	232757	*
2254	chr3	58402001	58626866	224866	*
2255	chr3	58626866	58865716	238851	*
2256	chr3	58865716	59095016	229301	*
2257	chr3	59095016	59314343	219328	*
2258	chr3	59314343	59535840	221498	*
2259	chr3	59535840	59749276	213437	*
2260	chr3	59749276	59955950	206675	*
2261	chr3	59955950	60162507	206558	*
2262	chr3	60162507	60368766	206260	*
2263	chr3	60368766	60585429	216664	*
2264	chr3	60585429	60799099	213671	*
2265	chr3	60799099	61018186	219088	*
2266	chr3	61018186	61249437	231252	*
2267	chr3	61249437	61474606	225170	*
2268	chr3	61474606	61692008	217403	*
2269	chr3	61692008	61905268	213261	*
2270	chr3	61905268	62115327	210060	*
2271	chr3	62115327	62322818	207492	*
2272	chr3	62322818	62530311	207494	*
2273	chr3	62530311	62737675	207365	*
2274	chr3	62737675	62950973	213299	*
2275	chr3	62950973	63170518	219546	*
2276	chr3	63170518	63395220	224703	*
2277	chr3	63395220	63604328	209109	*
2278	chr3	63604328	63834671	230344	*
2279	chr3	63834671	64044253	209583	*
2280	chr3	64044253	64251013	206761	*
2281	chr3	64251013	64458095	207083	*
2282	chr3	64458095	64670658	212564	*
2283	chr3	64670658	64881222	210565	*
2284	chr3	64881222	65097191	215970	*
2285	chr3	65097191	65316596	219406	*
2286	chr3	65316596	65531520	214925	*
2287	chr3	65531520	65743736	212217	*
2288	chr3	65743736	65959586	215851	*
2289	chr3	65959586	66179944	220359	*
2290	chr3	66179944	66432340	252397	*
2291	chr3	66432340	66645249	212910	*
2292	chr3	66645249	66868421	223173	*
2293	chr3	66868421	67090784	222364	*
2294	chr3	67090784	67316037	225254	*
2295	chr3	67316037	67536185	220149	*
2296	chr3	67536185	67746941	210757	*
2297	chr3	67746941	67971417	224477	*
2298	chr3	67971417	68183574	212158	*
2299	chr3	68183574	68396807	213234	*
2300	chr3	68396807	68612772	215966	*
2301	chr3	68612772	68839130	226359	*
2302	chr3	68839130	69054090	214961	*
2303	chr3	69054090	69276167	222078	*
2304	chr3	69276167	69501472	225306	*
2305	chr3	69501472	69720173	218702	*
2306	chr3	69720173	69928929	208757	*
2307	chr3	69928929	70143141	214213	*
2308	chr3	70143141	70354588	211448	*
2309	chr3	70354588	70573827	219240	*
2310	chr3	70573827	70789540	215714	*
2311	chr3	70789540	71007252	217713	*
2312	chr3	71007252	71217065	209814	*
2313	chr3	71217065	71431954	214890	*
2314	chr3	71431954	71643389	211436	*
2315	chr3	71643389	71856013	212625	*
2316	chr3	71856013	72073642	217630	*
2317	chr3	72073642	72280754	207113	*
2318	chr3	72280754	72487290	206537	*
2319	chr3	72487290	72703244	215955	*
2320	chr3	72703244	72933171	229928	*
2321	chr3	72933171	73163658	230488	*
2322	chr3	73163658	73391484	227827	*
2323	chr3	73391484	73598415	206932	*
2324	chr3	73598415	73807354	208940	*
2325	chr3	73807354	74024399	217046	*
2326	chr3	74024399	74239015	214617	*
2327	chr3	74239015	74456268	217254	*
2328	chr3	74456268	74667535	211268	*
2329	chr3	74667535	74889063	221529	*
2330	chr3	74889063	75116182	227120	*
2331	chr3	75116182	75925189	809008	*
2332	chr3	75925189	76147664	222476	*
2333	chr3	76147664	76362209	214546	*
2334	chr3	76362209	76577511	215303	*
2335	chr3	76577511	76787724	210214	*
2336	chr3	76787724	76998459	210736	*
2337	chr3	76998459	77205958	207500	*
2338	chr3	77205958	77424011	218054	*
2339	chr3	77424011	77628288	204278	*
2340	chr3	77628288	77848726	220439	*
2341	chr3	77848726	78062311	213586	*
2342	chr3	78062311	78270595	208285	*
2343	chr3	78270595	78484112	213518	*
2344	chr3	78484112	78707777	223666	*
2345	chr3	78707777	78921726	213950	*
2346	chr3	78921726	79144104	222379	*
2347	chr3	79144104	79356476	212373	*
2348	chr3	79356476	79565431	208956	*
2349	chr3	79565431	79778041	212611	*
2350	chr3	79778041	79991103	213063	*
2351	chr3	79991103	80202215	211113	*
2352	chr3	80202215	80414160	211946	*
2353	chr3	80414160	80631401	217242	*
2354	chr3	80631401	80847834	216434	*
2355	chr3	80847834	81077973	230140	*
2356	chr3	81077973	81285212	207240	*
2357	chr3	81285212	81494924	209713	*
2358	chr3	81494924	81706968	212045	*
2359	chr3	81706968	81927770	220803	*
2360	chr3	81927770	82140133	212364	*
2361	chr3	82140133	82362876	222744	*
2362	chr3	82362876	82578343	215468	*
2363	chr3	82578343	82794259	215917	*
2364	chr3	82794259	83011290	217032	*
2365	chr3	83011290	83220732	209443	*
2366	chr3	83220732	83436210	215479	*
2367	chr3	83436210	83651196	214987	*
2368	chr3	83651196	83862405	211210	*
2369	chr3	83862405	84075584	213180	*
2370	chr3	84075584	84291559	215976	*
2371	chr3	84291559	84507534	215976	*
2372	chr3	84507534	84723054	215521	*
2373	chr3	84723054	84945190	222137	*
2374	chr3	84945190	85160906	215717	*
2375	chr3	85160906	85374032	213127	*
2376	chr3	85374032	85583584	209553	*
2377	chr3	85583584	85792263	208680	*
2378	chr3	85792263	86009168	216906	*
2379	chr3	86009168	86233527	224360	*
2380	chr3	86233527	86447732	214206	*
2381	chr3	86447732	86659983	212252	*
2382	chr3	86659983	86878892	218910	*
2383	chr3	86878892	87091104	212213	*
2384	chr3	87091104	87303554	212451	*
2385	chr3	87303554	87525651	222098	*
2386	chr3	87525651	87746003	220353	*
2387	chr3	87746003	87973965	227963	*
2388	chr3	87973965	88194252	220288	*
2389	chr3	88194252	88404578	210327	*
2390	chr3	88404578	88628483	223906	*
2391	chr3	88628483	88850862	222380	*
2392	chr3	88850862	89072025	221164	*
2393	chr3	89072025	89282469	210445	*
2394	chr3	89282469	89502889	220421	*
2395	chr3	89502889	89712248	209360	*
2396	chr3	89712248	89950520	238273	*
2397	chr3	89950520	93827805	3877286	*
2398	chr3	93827805	94083126	255322	*
2399	chr3	94083126	94297476	214351	*
2400	chr3	94297476	94510207	212732	*
2401	chr3	94510207	94727741	217535	*
2402	chr3	94727741	94955802	228062	*
2403	chr3	94955802	95176720	220919	*
2404	chr3	95176720	95391722	215003	*
2405	chr3	95391722	95604993	213272	*
2406	chr3	95604993	95831697	226705	*
2407	chr3	95831697	96051333	219637	*
2408	chr3	96051333	96263831	212499	*
2409	chr3	96263831	96478673	214843	*
2410	chr3	96478673	96710316	231644	*
2411	chr3	96710316	96920656	210341	*
2412	chr3	96920656	97143267	222612	*
2413	chr3	97143267	97358071	214805	*
2414	chr3	97358071	97574350	216280	*
2415	chr3	97574350	97789510	215161	*
2416	chr3	97789510	98004705	215196	*
2417	chr3	98004705	98229736	225032	*
2418	chr3	98229736	98456090	226355	*
2419	chr3	98456090	98677292	221203	*
2420	chr3	98677292	98908841	231550	*
2421	chr3	98908841	99134288	225448	*
2422	chr3	99134288	99360932	226645	*
2423	chr3	99360932	99577946	217015	*
2424	chr3	99577946	99800181	222236	*
2425	chr3	99800181	100011038	210858	*
2426	chr3	100011038	100223827	212790	*
2427	chr3	100223827	100448312	224486	*
2428	chr3	100448312	100689389	241078	*
2429	chr3	100689389	100895514	206126	*
2430	chr3	100895514	101119933	224420	*
2431	chr3	101119933	101334897	214965	*
2432	chr3	101334897	101578230	243334	*
2433	chr3	101578230	101827884	249655	*
2434	chr3	101827884	102060448	232565	*
2435	chr3	102060448	102276698	216251	*
2436	chr3	102276698	102485467	208770	*
2437	chr3	102485467	102696111	210645	*
2438	chr3	102696111	102912574	216464	*
2439	chr3	102912574	103126967	214394	*
2440	chr3	103126967	103352710	225744	*
2441	chr3	103352710	103574428	221719	*
2442	chr3	103574428	103785209	210782	*
2443	chr3	103785209	103993505	208297	*
2444	chr3	103993505	104207154	213650	*
2445	chr3	104207154	104422353	215200	*
2446	chr3	104422353	104641752	219400	*
2447	chr3	104641752	104850999	209248	*
2448	chr3	104850999	105061338	210340	*
2449	chr3	105061338	105272461	211124	*
2450	chr3	105272461	105488647	216187	*
2451	chr3	105488647	105703149	214503	*
2452	chr3	105703149	105913150	210002	*
2453	chr3	105913150	106131418	218269	*
2454	chr3	106131418	106347704	216287	*
2455	chr3	106347704	106563158	215455	*
2456	chr3	106563158	106779475	216318	*
2457	chr3	106779475	107007058	227584	*
2458	chr3	107007058	107229205	222148	*
2459	chr3	107229205	107444254	215050	*
2460	chr3	107444254	107657648	213395	*
2461	chr3	107657648	107871566	213919	*
2462	chr3	107871566	108082777	211212	*
2463	chr3	108082777	108300747	217971	*
2464	chr3	108300747	108516981	216235	*
2465	chr3	108516981	108731418	214438	*
2466	chr3	108731418	108953270	221853	*
2467	chr3	108953270	109169345	216076	*
2468	chr3	109169345	109418115	248771	*
2469	chr3	109418115	109662209	244095	*
2470	chr3	109662209	109889776	227568	*
2471	chr3	109889776	110111930	222155	*
2472	chr3	110111930	110324966	213037	*
2473	chr3	110324966	110543078	218113	*
2474	chr3	110543078	110760198	217121	*
2475	chr3	110760198	110978392	218195	*
2476	chr3	110978392	111198873	220482	*
2477	chr3	111198873	111415400	216528	*
2478	chr3	111415400	111639315	223916	*
2479	chr3	111639315	111856645	217331	*
2480	chr3	111856645	112072737	216093	*
2481	chr3	112072737	112302854	230118	*
2482	chr3	112302854	112522539	219686	*
2483	chr3	112522539	112751997	229459	*
2484	chr3	112751997	112972818	220822	*
2485	chr3	112972818	113195127	222310	*
2486	chr3	113195127	113412007	216881	*
2487	chr3	113412007	113636759	224753	*
2488	chr3	113636759	113862954	226196	*
2489	chr3	113862954	114081423	218470	*
2490	chr3	114081423	114305696	224274	*
2491	chr3	114305696	114508717	203022	*
2492	chr3	114508717	114719582	210866	*
2493	chr3	114719582	114928668	209087	*
2494	chr3	114928668	115139628	210961	*
2495	chr3	115139628	115359367	219740	*
2496	chr3	115359367	115571013	211647	*
2497	chr3	115571013	115789812	218800	*
2498	chr3	115789812	116001544	211733	*
2499	chr3	116001544	116221217	219674	*
2500	chr3	116221217	116433666	212450	*
2501	chr3	116433666	116655076	221411	*
2502	chr3	116655076	116866517	211442	*
2503	chr3	116866517	117080696	214180	*
2504	chr3	117080696	117289758	209063	*
2505	chr3	117289758	117500174	210417	*
2506	chr3	117500174	117707084	206911	*
2507	chr3	117707084	117916546	209463	*
2508	chr3	117916546	118126644	210099	*
2509	chr3	118126644	118342561	215918	*
2510	chr3	118342561	118558965	216405	*
2511	chr3	118558965	118775446	216482	*
2512	chr3	118775446	118991631	216186	*
2513	chr3	118991631	119237838	246208	*
2514	chr3	119237838	119456142	218305	*
2515	chr3	119456142	119676668	220527	*
2516	chr3	119676668	119894301	217634	*
2517	chr3	119894301	120117408	223108	*
2518	chr3	120117408	120342767	225360	*
2519	chr3	120342767	120560859	218093	*
2520	chr3	120560859	120798528	237670	*
2521	chr3	120798528	121034280	235753	*
2522	chr3	121034280	121279282	245003	*
2523	chr3	121279282	121526849	247568	*
2524	chr3	121526849	121751843	224995	*
2525	chr3	121751843	121984321	232479	*
2526	chr3	121984321	122214451	230131	*
2527	chr3	122214451	122429614	215164	*
2528	chr3	122429614	122656648	227035	*
2529	chr3	122656648	122882363	225716	*
2530	chr3	122882363	123088570	206208	*
2531	chr3	123088570	123300743	212174	*
2532	chr3	123300743	123511137	210395	*
2533	chr3	123511137	123728300	217164	*
2534	chr3	123728300	123940711	212412	*
2535	chr3	123940711	124171226	230516	*
2536	chr3	124171226	124382199	210974	*
2537	chr3	124382199	124592135	209937	*
2538	chr3	124592135	124813876	221742	*
2539	chr3	124813876	125032171	218296	*
2540	chr3	125032171	125246955	214785	*
2541	chr3	125246955	125464728	217774	*
2542	chr3	125464728	126077484	612757	*
2543	chr3	126077484	126289902	212419	*
2544	chr3	126289902	126507778	217877	*
2545	chr3	126507778	126722265	214488	*
2546	chr3	126722265	126942197	219933	*
2547	chr3	126942197	127147376	205180	*
2548	chr3	127147376	127353239	205864	*
2549	chr3	127353239	127566221	212983	*
2550	chr3	127566221	127779503	213283	*
2551	chr3	127779503	127992815	213313	*
2552	chr3	127992815	128209384	216570	*
2553	chr3	128209384	128411976	202593	*
2554	chr3	128411976	128623212	211237	*
2555	chr3	128623212	128870594	247383	*
2556	chr3	128870594	129106790	236197	*
2557	chr3	129106790	129345094	238305	*
2558	chr3	129345094	129572905	227812	*
2559	chr3	129572905	129793415	220511	*
2560	chr3	129793415	130361501	568087	*
2561	chr3	130361501	130575955	214455	*
2562	chr3	130575955	130792741	216787	*
2563	chr3	130792741	131017371	224631	*
2564	chr3	131017371	131241551	224181	*
2565	chr3	131241551	131470924	229374	*
2566	chr3	131470924	131687449	216526	*
2567	chr3	131687449	131898865	211417	*
2568	chr3	131898865	132125696	226832	*
2569	chr3	132125696	132351034	225339	*
2570	chr3	132351034	132569772	218739	*
2571	chr3	132569772	132810789	241018	*
2572	chr3	132810789	133039649	228861	*
2573	chr3	133039649	133263078	223430	*
2574	chr3	133263078	133480794	217717	*
2575	chr3	133480794	133715844	235051	*
2576	chr3	133715844	133934302	218459	*
2577	chr3	133934302	134155152	220851	*
2578	chr3	134155152	134370198	215047	*
2579	chr3	134370198	134590607	220410	*
2580	chr3	134590607	134798061	207455	*
2581	chr3	134798061	135002124	204064	*
2582	chr3	135002124	135222027	219904	*
2583	chr3	135222027	135447799	225773	*
2584	chr3	135447799	135673255	225457	*
2585	chr3	135673255	135890717	217463	*
2586	chr3	135890717	136113096	222380	*
2587	chr3	136113096	136357426	244331	*
2588	chr3	136357426	136600750	243325	*
2589	chr3	136600750	136836374	235625	*
2590	chr3	136836374	137073418	237045	*
2591	chr3	137073418	137295066	221649	*
2592	chr3	137295066	137535876	240811	*
2593	chr3	137535876	137775545	239670	*
2594	chr3	137775545	138006297	230753	*
2595	chr3	138006297	138227687	221391	*
2596	chr3	138227687	138441456	213770	*
2597	chr3	138441456	138681167	239712	*
2598	chr3	138681167	138923452	242286	*
2599	chr3	138923452	139142634	219183	*
2600	chr3	139142634	139367428	224795	*
2601	chr3	139367428	139587459	220032	*
2602	chr3	139587459	139797839	210381	*
2603	chr3	139797839	140017443	219605	*
2604	chr3	140017443	140224546	207104	*
2605	chr3	140224546	140429596	205051	*
2606	chr3	140429596	140649798	220203	*
2607	chr3	140649798	140871007	221210	*
2608	chr3	140871007	141094756	223750	*
2609	chr3	141094756	141323955	229200	*
2610	chr3	141323955	141534381	210427	*
2611	chr3	141534381	141766934	232554	*
2612	chr3	141766934	142000955	234022	*
2613	chr3	142000955	142234161	233207	*
2614	chr3	142234161	142468537	234377	*
2615	chr3	142468537	142694652	226116	*
2616	chr3	142694652	142914164	219513	*
2617	chr3	142914164	143130954	216791	*
2618	chr3	143130954	143340335	209382	*
2619	chr3	143340335	143551565	211231	*
2620	chr3	143551565	143770707	219143	*
2621	chr3	143770707	143988690	217984	*
2622	chr3	143988690	144201751	213062	*
2623	chr3	144201751	144412768	211018	*
2624	chr3	144412768	144624760	211993	*
2625	chr3	144624760	144837936	213177	*
2626	chr3	144837936	145052291	214356	*
2627	chr3	145052291	145271928	219638	*
2628	chr3	145271928	145485163	213236	*
2629	chr3	145485163	145698194	213032	*
2630	chr3	145698194	145914264	216071	*
2631	chr3	145914264	146139539	225276	*
2632	chr3	146139539	146359778	220240	*
2633	chr3	146359778	146584191	224414	*
2634	chr3	146584191	146796749	212559	*
2635	chr3	146796749	147011571	214823	*
2636	chr3	147011571	147234113	222543	*
2637	chr3	147234113	147443219	209107	*
2638	chr3	147443219	147656319	213101	*
2639	chr3	147656319	147871881	215563	*
2640	chr3	147871881	148080021	208141	*
2641	chr3	148080021	148293996	213976	*
2642	chr3	148293996	148523508	229513	*
2643	chr3	148523508	148745376	221869	*
2644	chr3	148745376	148961697	216322	*
2645	chr3	148961697	149181526	219830	*
2646	chr3	149181526	149396222	214697	*
2647	chr3	149396222	149609354	213133	*
2648	chr3	149609354	149834500	225147	*
2649	chr3	149834500	150054060	219561	*
2650	chr3	150054060	150262741	208682	*
2651	chr3	150262741	150472312	209572	*
2652	chr3	150472312	150697793	225482	*
2653	chr3	150697793	150921969	224177	*
2654	chr3	150921969	151136456	214488	*
2655	chr3	151136456	151352564	216109	*
2656	chr3	151352564	151578434	225871	*
2657	chr3	151578434	151799145	220712	*
2658	chr3	151799145	152018241	219097	*
2659	chr3	152018241	152233726	215486	*
2660	chr3	152233726	152448519	214794	*
2661	chr3	152448519	152666055	217537	*
2662	chr3	152666055	152878372	212318	*
2663	chr3	152878372	153109045	230674	*
2664	chr3	153109045	153344594	235550	*
2665	chr3	153344594	153575523	230930	*
2666	chr3	153575523	153795674	220152	*
2667	chr3	153795674	154031537	235864	*
2668	chr3	154031537	154246619	215083	*
2669	chr3	154246619	154468869	222251	*
2670	chr3	154468869	154690729	221861	*
2671	chr3	154690729	154917290	226562	*
2672	chr3	154917290	155145094	227805	*
2673	chr3	155145094	155362205	217112	*
2674	chr3	155362205	155595105	232901	*
2675	chr3	155595105	155824611	229507	*
2676	chr3	155824611	156059852	235242	*
2677	chr3	156059852	156286591	226740	*
2678	chr3	156286591	156491965	205375	*
2679	chr3	156491965	156702540	210576	*
2680	chr3	156702540	156923587	221048	*
2681	chr3	156923587	157137458	213872	*
2682	chr3	157137458	157358086	220629	*
2683	chr3	157358086	157568632	210547	*
2684	chr3	157568632	157789883	221252	*
2685	chr3	157789883	158017569	227687	*
2686	chr3	158017569	158249196	231628	*
2687	chr3	158249196	158477144	227949	*
2688	chr3	158477144	158706307	229164	*
2689	chr3	158706307	158920140	213834	*
2690	chr3	158920140	159145256	225117	*
2691	chr3	159145256	159358224	212969	*
2692	chr3	159358224	159600212	241989	*
2693	chr3	159600212	159819728	219517	*
2694	chr3	159819728	160032985	213258	*
2695	chr3	160032985	160256942	223958	*
2696	chr3	160256942	160478439	221498	*
2697	chr3	160478439	160694826	216388	*
2698	chr3	160694826	160907803	212978	*
2699	chr3	160907803	161141155	233353	*
2700	chr3	161141155	161359964	218810	*
2701	chr3	161359964	161569737	209774	*
2702	chr3	161569737	161787874	218138	*
2703	chr3	161787874	162002832	214959	*
2704	chr3	162002832	162214963	212132	*
2705	chr3	162214963	162438766	223804	*
2706	chr3	162438766	162658379	219614	*
2707	chr3	162658379	162874369	215991	*
2708	chr3	162874369	163087116	212748	*
2709	chr3	163087116	163310681	223566	*
2710	chr3	163310681	163538302	227622	*
2711	chr3	163538302	163752395	214094	*
2712	chr3	163752395	163970703	218309	*
2713	chr3	163970703	164193901	223199	*
2714	chr3	164193901	164413981	220081	*
2715	chr3	164413981	164623891	209911	*
2716	chr3	164623891	164843006	219116	*
2717	chr3	164843006	165052044	209039	*
2718	chr3	165052044	165266928	214885	*
2719	chr3	165266928	165485606	218679	*
2720	chr3	165485606	165708924	223319	*
2721	chr3	165708924	165925299	216376	*
2722	chr3	165925299	166148100	222802	*
2723	chr3	166148100	166362061	213962	*
2724	chr3	166362061	166579015	216955	*
2725	chr3	166579015	166797871	218857	*
2726	chr3	166797871	167020576	222706	*
2727	chr3	167020576	167239004	218429	*
2728	chr3	167239004	167463834	224831	*
2729	chr3	167463834	167680211	216378	*
2730	chr3	167680211	167890320	210110	*
2731	chr3	167890320	168104004	213685	*
2732	chr3	168104004	168316306	212303	*
2733	chr3	168316306	168526625	210320	*
2734	chr3	168526625	168736469	209845	*
2735	chr3	168736469	168957548	221080	*
2736	chr3	168957548	169163597	206050	*
2737	chr3	169163597	169371670	208074	*
2738	chr3	169371670	169587539	215870	*
2739	chr3	169587539	169814252	226714	*
2740	chr3	169814252	170036087	221836	*
2741	chr3	170036087	170265803	229717	*
2742	chr3	170265803	170497171	231369	*
2743	chr3	170497171	170732188	235018	*
2744	chr3	170732188	170968173	235986	*
2745	chr3	170968173	171181212	213040	*
2746	chr3	171181212	171389115	207904	*
2747	chr3	171389115	171612331	223217	*
2748	chr3	171612331	171829468	217138	*
2749	chr3	171829468	172050694	221227	*
2750	chr3	172050694	172262003	211310	*
2751	chr3	172262003	172476243	214241	*
2752	chr3	172476243	172711809	235567	*
2753	chr3	172711809	172927884	216076	*
2754	chr3	172927884	173138300	210417	*
2755	chr3	173138300	173354462	216163	*
2756	chr3	173354462	173575456	220995	*
2757	chr3	173575456	173780615	205160	*
2758	chr3	173780615	173988335	207721	*
2759	chr3	173988335	174195928	207594	*
2760	chr3	174195928	174411411	215484	*
2761	chr3	174411411	174630027	218617	*
2762	chr3	174630027	174852949	222923	*
2763	chr3	174852949	175065703	212755	*
2764	chr3	175065703	175275381	209679	*
2765	chr3	175275381	175493234	217854	*
2766	chr3	175493234	175704201	210968	*
2767	chr3	175704201	175932140	227940	*
2768	chr3	175932140	176150300	218161	*
2769	chr3	176150300	176365449	215150	*
2770	chr3	176365449	176581984	216536	*
2771	chr3	176581984	176800151	218168	*
2772	chr3	176800151	177030511	230361	*
2773	chr3	177030511	177255342	224832	*
2774	chr3	177255342	177492914	237573	*
2775	chr3	177492914	177716228	223315	*
2776	chr3	177716228	177932683	216456	*
2777	chr3	177932683	178142877	210195	*
2778	chr3	178142877	178354794	211918	*
2779	chr3	178354794	178563962	209169	*
2780	chr3	178563962	178785619	221658	*
2781	chr3	178785619	179013942	228324	*
2782	chr3	179013942	179253386	239445	*
2783	chr3	179253386	179481128	227743	*
2784	chr3	179481128	179712688	231561	*
2785	chr3	179712688	179927946	215259	*
2786	chr3	179927946	180142516	214571	*
2787	chr3	180142516	180355866	213351	*
2788	chr3	180355866	180593814	237949	*
2789	chr3	180593814	180810911	217098	*
2790	chr3	180810911	181035391	224481	*
2791	chr3	181035391	181261992	226602	*
2792	chr3	181261992	181475848	213857	*
2793	chr3	181475848	181698150	222303	*
2794	chr3	181698150	181928071	229922	*
2795	chr3	181928071	182140129	212059	*
2796	chr3	182140129	182355094	214966	*
2797	chr3	182355094	182570689	215596	*
2798	chr3	182570689	182788260	217572	*
2799	chr3	182788260	183009916	221657	*
2800	chr3	183009916	183248522	238607	*
2801	chr3	183248522	183472964	224443	*
2802	chr3	183472964	183706451	233488	*
2803	chr3	183706451	183940120	233670	*
2804	chr3	183940120	184174097	233978	*
2805	chr3	184174097	184399846	225750	*
2806	chr3	184399846	184624625	224780	*
2807	chr3	184624625	184845526	220902	*
2808	chr3	184845526	185063416	217891	*
2809	chr3	185063416	185294332	230917	*
2810	chr3	185294332	185525603	231272	*
2811	chr3	185525603	185768729	243127	*
2812	chr3	185768729	186004065	235337	*
2813	chr3	186004065	186221224	217160	*
2814	chr3	186221224	186436631	215408	*
2815	chr3	186436631	186652665	216035	*
2816	chr3	186652665	186897011	244347	*
2817	chr3	186897011	187125657	228647	*
2818	chr3	187125657	187342792	217136	*
2819	chr3	187342792	187569851	227060	*
2820	chr3	187569851	187779411	209561	*
2821	chr3	187779411	187999400	219990	*
2822	chr3	187999400	188213598	214199	*
2823	chr3	188213598	188430231	216634	*
2824	chr3	188430231	188644142	213912	*
2825	chr3	188644142	188855427	211286	*
2826	chr3	188855427	189079069	223643	*
2827	chr3	189079069	189295252	216184	*
2828	chr3	189295252	189506714	211463	*
2829	chr3	189506714	189717701	210988	*
2830	chr3	189717701	189927053	209353	*
2831	chr3	189927053	190140338	213286	*
2832	chr3	190140338	190362225	221888	*
2833	chr3	190362225	190571012	208788	*
2834	chr3	190571012	190779003	207992	*
2835	chr3	190779003	190997950	218948	*
2836	chr3	190997950	191219716	221767	*
2837	chr3	191219716	191430753	211038	*
2838	chr3	191430753	191648418	217666	*
2839	chr3	191648418	191872697	224280	*
2840	chr3	191872697	192091067	218371	*
2841	chr3	192091067	192303074	212008	*
2842	chr3	192303074	192510912	207839	*
2843	chr3	192510912	192721227	210316	*
2844	chr3	192721227	192944631	223405	*
2845	chr3	192944631	193176289	231659	*
2846	chr3	193176289	193392701	216413	*
2847	chr3	193392701	193612574	219874	*
2848	chr3	193612574	193824076	211503	*
2849	chr3	193824076	194036305	212230	*
2850	chr3	194036305	194250631	214327	*
2851	chr3	194250631	194466379	215749	*
2852	chr3	194466379	194697406	231028	*
2853	chr3	194697406	194913163	215758	*
2854	chr3	194913163	195131786	218624	*
2855	chr3	195131786	195354695	222910	*
2856	chr3	195354695	195607525	252831	*
2857	chr3	195607525	195913043	305519	*
2858	chr3	195913043	196205966	292924	*
2859	chr3	196205966	196454489	248524	*
2860	chr3	196454489	196698728	244240	*
2861	chr3	196698728	196941398	242671	*
2862	chr3	196941398	197161963	220566	*
2863	chr3	197161963	197375961	213999	*
2864	chr3	197375961	197612460	236500	*
2865	chr4	0	275155	275156	*
2866	chr4	275155	525906	250752	*
2867	chr4	525906	756905	231000	*
2868	chr4	756905	979589	222685	*
2869	chr4	979589	1199452	219864	*
2870	chr4	1199452	1417741	218290	*
2871	chr4	1417741	1686439	268699	*
2872	chr4	1686439	1910023	223585	*
2873	chr4	1910023	2136672	226650	*
2874	chr4	2136672	2356489	219818	*
2875	chr4	2356489	2593922	237434	*
2876	chr4	2593922	2824009	230088	*
2877	chr4	2824009	3052092	228084	*
2878	chr4	3052092	3276280	224189	*
2879	chr4	3276280	3487858	211579	*
2880	chr4	3487858	3717932	230075	*
2881	chr4	3717932	4329096	611165	*
2882	chr4	4329096	4542944	213849	*
2883	chr4	4542944	4758370	215427	*
2884	chr4	4758370	4976018	217649	*
2885	chr4	4976018	5194745	218728	*
2886	chr4	5194745	5420815	226071	*
2887	chr4	5420815	5658036	237222	*
2888	chr4	5658036	5879127	221092	*
2889	chr4	5879127	6089384	210258	*
2890	chr4	6089384	6300560	211177	*
2891	chr4	6300560	6508278	207719	*
2892	chr4	6508278	6729833	221556	*
2893	chr4	6729833	6953684	223852	*
2894	chr4	6953684	7175406	221723	*
2895	chr4	7175406	7384523	209118	*
2896	chr4	7384523	7592891	208369	*
2897	chr4	7592891	7799958	207068	*
2898	chr4	7799958	8019327	219370	*
2899	chr4	8019327	8230652	211326	*
2900	chr4	8230652	8446356	215705	*
2901	chr4	8446356	8678823	232468	*
2902	chr4	8678823	9853002	1174180	*
2903	chr4	9853002	10064410	211409	*
2904	chr4	10064410	10267468	203059	*
2905	chr4	10267468	10483357	215890	*
2906	chr4	10483357	10699115	215759	*
2907	chr4	10699115	10920046	220932	*
2908	chr4	10920046	11140636	220591	*
2909	chr4	11140636	11363448	222813	*
2910	chr4	11363448	11591662	228215	*
2911	chr4	11591662	11812929	221268	*
2912	chr4	11812929	12026390	213462	*
2913	chr4	12026390	12241541	215152	*
2914	chr4	12241541	12469002	227462	*
2915	chr4	12469002	12682655	213654	*
2916	chr4	12682655	12900336	217682	*
2917	chr4	12900336	13114142	213807	*
2918	chr4	13114142	13330091	215950	*
2919	chr4	13330091	13544629	214539	*
2920	chr4	13544629	13762907	218279	*
2921	chr4	13762907	13978251	215345	*
2922	chr4	13978251	14195147	216897	*
2923	chr4	14195147	14407005	211859	*
2924	chr4	14407005	14631962	224958	*
2925	chr4	14631962	14858066	226105	*
2926	chr4	14858066	15066902	208837	*
2927	chr4	15066902	15294161	227260	*
2928	chr4	15294161	15501411	207251	*
2929	chr4	15501411	15717174	215764	*
2930	chr4	15717174	15942084	224911	*
2931	chr4	15942084	16155506	213423	*
2932	chr4	16155506	16366081	210576	*
2933	chr4	16366081	16592122	226042	*
2934	chr4	16592122	16805160	213039	*
2935	chr4	16805160	17027989	222830	*
2936	chr4	17027989	17241296	213308	*
2937	chr4	17241296	17456868	215573	*
2938	chr4	17456868	17684196	227329	*
2939	chr4	17684196	17908604	224409	*
2940	chr4	17908604	18124457	215854	*
2941	chr4	18124457	18347586	223130	*
2942	chr4	18347586	18567994	220409	*
2943	chr4	18567994	18783116	215123	*
2944	chr4	18783116	18991732	208617	*
2945	chr4	18991732	19210198	218467	*
2946	chr4	19210198	19428536	218339	*
2947	chr4	19428536	19643945	215410	*
2948	chr4	19643945	19858110	214166	*
2949	chr4	19858110	20076710	218601	*
2950	chr4	20076710	20289690	212981	*
2951	chr4	20289690	20496563	206874	*
2952	chr4	20496563	20717881	221319	*
2953	chr4	20717881	20935477	217597	*
2954	chr4	20935477	21155066	219590	*
2955	chr4	21155066	21376431	221366	*
2956	chr4	21376431	21588725	212295	*
2957	chr4	21588725	21801456	212732	*
2958	chr4	21801456	22016234	214779	*
2959	chr4	22016234	22245575	229342	*
2960	chr4	22245575	22466880	221306	*
2961	chr4	22466880	22690345	223466	*
2962	chr4	22690345	22908697	218353	*
2963	chr4	22908697	23117975	209279	*
2964	chr4	23117975	23325227	207253	*
2965	chr4	23325227	23534508	209282	*
2966	chr4	23534508	23759135	224628	*
2967	chr4	23759135	23967242	208108	*
2968	chr4	23967242	24172764	205523	*
2969	chr4	24172764	24391653	218890	*
2970	chr4	24391653	24609174	217522	*
2971	chr4	24609174	24821660	212487	*
2972	chr4	24821660	25037773	216114	*
2973	chr4	25037773	25258132	220360	*
2974	chr4	25258132	25475903	217772	*
2975	chr4	25475903	25712168	236266	*
2976	chr4	25712168	25930228	218061	*
2977	chr4	25930228	26143165	212938	*
2978	chr4	26143165	26369977	226813	*
2979	chr4	26369977	26588672	218696	*
2980	chr4	26588672	26822122	233451	*
2981	chr4	26822122	27038406	216285	*
2982	chr4	27038406	27261263	222858	*
2983	chr4	27261263	27476960	215698	*
2984	chr4	27476960	27686085	209126	*
2985	chr4	27686085	27894443	208359	*
2986	chr4	27894443	28109135	214693	*
2987	chr4	28109135	28323421	214287	*
2988	chr4	28323421	28538239	214819	*
2989	chr4	28538239	28746130	207892	*
2990	chr4	28746130	28957699	211570	*
2991	chr4	28957699	29165933	208235	*
2992	chr4	29165933	29376576	210644	*
2993	chr4	29376576	29589205	212630	*
2994	chr4	29589205	29802107	212903	*
2995	chr4	29802107	30018651	216545	*
2996	chr4	30018651	30233838	215188	*
2997	chr4	30233838	30444219	210382	*
2998	chr4	30444219	30653199	208981	*
2999	chr4	30653199	30859116	205918	*
3000	chr4	30859116	31070883	211768	*
3001	chr4	31070883	31283118	212236	*
3002	chr4	31283118	31495387	212270	*
3003	chr4	31495387	31703848	208462	*
3004	chr4	31703848	31929481	225634	*
3005	chr4	31929481	32140369	210889	*
3006	chr4	32140369	32349205	208837	*
3007	chr4	32349205	32565433	216229	*
3008	chr4	32565433	32776619	211187	*
3009	chr4	32776619	32994379	217761	*
3010	chr4	32994379	33203924	209546	*
3011	chr4	33203924	33415378	211455	*
3012	chr4	33415378	33625085	209708	*
3013	chr4	33625085	33841873	216789	*
3014	chr4	33841873	34063218	221346	*
3015	chr4	34063218	34273315	210098	*
3016	chr4	34273315	34487893	214579	*
3017	chr4	34487893	34702301	214409	*
3018	chr4	34702301	34913733	211433	*
3019	chr4	34913733	35123929	210197	*
3020	chr4	35123929	35338253	214325	*
3021	chr4	35338253	35548166	209914	*
3022	chr4	35548166	35765441	217276	*
3023	chr4	35765441	35976936	211496	*
3024	chr4	35976936	36183315	206380	*
3025	chr4	36183315	36393910	210596	*
3026	chr4	36393910	36612738	218829	*
3027	chr4	36612738	36829069	216332	*
3028	chr4	36829069	37055024	225956	*
3029	chr4	37055024	37266286	211263	*
3030	chr4	37266286	37489456	223171	*
3031	chr4	37489456	37715884	226429	*
3032	chr4	37715884	37936356	220473	*
3033	chr4	37936356	38155166	218811	*
3034	chr4	38155166	38371960	216795	*
3035	chr4	38371960	38600509	228550	*
3036	chr4	38600509	38820769	220261	*
3037	chr4	38820769	39048620	227852	*
3038	chr4	39048620	39274346	225727	*
3039	chr4	39274346	39506665	232320	*
3040	chr4	39506665	39756789	250125	*
3041	chr4	39756789	39996432	239644	*
3042	chr4	39996432	40236195	239764	*
3043	chr4	40236195	40465334	229140	*
3044	chr4	40465334	40708220	242887	*
3045	chr4	40708220	40935515	227296	*
3046	chr4	40935515	41156197	220683	*
3047	chr4	41156197	41383083	226887	*
3048	chr4	41383083	41597622	214540	*
3049	chr4	41597622	41805116	207495	*
3050	chr4	41805116	42025013	219898	*
3051	chr4	42025013	42251106	226094	*
3052	chr4	42251106	42476274	225169	*
3053	chr4	42476274	42690160	213887	*
3054	chr4	42690160	42908010	217851	*
3055	chr4	42908010	43126205	218196	*
3056	chr4	43126205	43342222	216018	*
3057	chr4	43342222	43557774	215553	*
3058	chr4	43557774	43785348	227575	*
3059	chr4	43785348	44004338	218991	*
3060	chr4	44004338	44217259	212922	*
3061	chr4	44217259	44434942	217684	*
3062	chr4	44434942	44654185	219244	*
3063	chr4	44654185	44868263	214079	*
3064	chr4	44868263	45089665	221403	*
3065	chr4	45089665	45305322	215658	*
3066	chr4	45305322	45516631	211310	*
3067	chr4	45516631	45737168	220538	*
3068	chr4	45737168	45957957	220790	*
3069	chr4	45957957	46174064	216108	*
3070	chr4	46174064	46388383	214320	*
3071	chr4	46388383	46609087	220705	*
3072	chr4	46609087	46836851	227765	*
3073	chr4	46836851	47045796	208946	*
3074	chr4	47045796	47257361	211566	*
3075	chr4	47257361	47476028	218668	*
3076	chr4	47476028	47689477	213450	*
3077	chr4	47689477	47901761	212285	*
3078	chr4	47901761	48134106	232346	*
3079	chr4	48134106	48357969	223864	*
3080	chr4	48357969	48576480	218512	*
3081	chr4	48576480	48804618	228139	*
3082	chr4	48804618	51891368	3086751	*
3083	chr4	51891368	52119132	227765	*
3084	chr4	52119132	52359210	240079	*
3085	chr4	52359210	52612124	252915	*
3086	chr4	52612124	52844433	232310	*
3087	chr4	52844433	53064301	219869	*
3088	chr4	53064301	53313085	248785	*
3089	chr4	53313085	53544531	231447	*
3090	chr4	53544531	53769896	225366	*
3091	chr4	53769896	53999958	230063	*
3092	chr4	53999958	54229102	229145	*
3093	chr4	54229102	54451676	222575	*
3094	chr4	54451676	54674955	223280	*
3095	chr4	54674955	54892481	217527	*
3096	chr4	54892481	55111310	218830	*
3097	chr4	55111310	55343685	232376	*
3098	chr4	55343685	55561952	218268	*
3099	chr4	55561952	55795811	233860	*
3100	chr4	55795811	56015076	219266	*
3101	chr4	56015076	56234336	219261	*
3102	chr4	56234336	56465253	230918	*
3103	chr4	56465253	56692675	227423	*
3104	chr4	56692675	56945949	253275	*
3105	chr4	56945949	57165880	219932	*
3106	chr4	57165880	57388371	222492	*
3107	chr4	57388371	57618981	230611	*
3108	chr4	57618981	57847084	228104	*
3109	chr4	57847084	58079509	232426	*
3110	chr4	58079509	58292683	213175	*
3111	chr4	58292683	58523803	231121	*
3112	chr4	58523803	58738289	214487	*
3113	chr4	58738289	59005295	267007	*
3114	chr4	59005295	59228938	223644	*
3115	chr4	59228938	59449736	220799	*
3116	chr4	59449736	59673452	223717	*
3117	chr4	59673452	59891961	218510	*
3118	chr4	59891961	60111335	219375	*
3119	chr4	60111335	60327488	216154	*
3120	chr4	60327488	60543723	216236	*
3121	chr4	60543723	60766992	223270	*
3122	chr4	60766992	60985551	218560	*
3123	chr4	60985551	61205704	220154	*
3124	chr4	61205704	61417969	212266	*
3125	chr4	61417969	61625013	207045	*
3126	chr4	61625013	61856287	231275	*
3127	chr4	61856287	62072117	215831	*
3128	chr4	62072117	62288103	215987	*
3129	chr4	62288103	62506193	218091	*
3130	chr4	62506193	62725896	219704	*
3131	chr4	62725896	62947025	221130	*
3132	chr4	62947025	63170654	223630	*
3133	chr4	63170654	63402191	231538	*
3134	chr4	63402191	63623175	220985	*
3135	chr4	63623175	63832244	209070	*
3136	chr4	63832244	64049833	217590	*
3137	chr4	64049833	64266165	216333	*
3138	chr4	64266165	64477416	211252	*
3139	chr4	64477416	64696548	219133	*
3140	chr4	64696548	64922751	226204	*
3141	chr4	64922751	65139105	216355	*
3142	chr4	65139105	65361604	222500	*
3143	chr4	65361604	65573516	211913	*
3144	chr4	65573516	65789121	215606	*
3145	chr4	65789121	66010297	221177	*
3146	chr4	66010297	66224938	214642	*
3147	chr4	66224938	66447177	222240	*
3148	chr4	66447177	66663063	215887	*
3149	chr4	66663063	66882420	219358	*
3150	chr4	66882420	67104172	221753	*
3151	chr4	67104172	67338756	234585	*
3152	chr4	67338756	67562215	223460	*
3153	chr4	67562215	67780304	218090	*
3154	chr4	67780304	68000736	220433	*
3155	chr4	68000736	68230479	229744	*
3156	chr4	68230479	68451741	221263	*
3157	chr4	68451741	68719925	268185	*
3158	chr4	68719925	68952414	232490	*
3159	chr4	68952414	69194870	242457	*
3160	chr4	69194870	69506369	311500	*
3161	chr4	69506369	69733434	227066	*
3162	chr4	69733434	69946866	213433	*
3163	chr4	69946866	70171861	224996	*
3164	chr4	70171861	70395995	224135	*
3165	chr4	70395995	70627187	231193	*
3166	chr4	70627187	70856390	229204	*
3167	chr4	70856390	71112442	256053	*
3168	chr4	71112442	71338361	225920	*
3169	chr4	71338361	71552663	214303	*
3170	chr4	71552663	71775743	223081	*
3171	chr4	71775743	72003785	228043	*
3172	chr4	72003785	72228419	224635	*
3173	chr4	72228419	72443318	214900	*
3174	chr4	72443318	72674465	231148	*
3175	chr4	72674465	72922517	248053	*
3176	chr4	72922517	73138731	216215	*
3177	chr4	73138731	73360144	221414	*
3178	chr4	73360144	73585163	225020	*
3179	chr4	73585163	73799928	214766	*
3180	chr4	73799928	74017183	217256	*
3181	chr4	74017183	74231121	213939	*
3182	chr4	74231121	74486731	255611	*
3183	chr4	74486731	74702876	216146	*
3184	chr4	74702876	74929361	226486	*
3185	chr4	74929361	75153916	224556	*
3186	chr4	75153916	75414199	260284	*
3187	chr4	75414199	75647227	233029	*
3188	chr4	75647227	75882045	234819	*
3189	chr4	75882045	76111381	229337	*
3190	chr4	76111381	76327945	216565	*
3191	chr4	76327945	76553226	225282	*
3192	chr4	76553226	76765276	212051	*
3193	chr4	76765276	76986123	220848	*
3194	chr4	76986123	77203207	217085	*
3195	chr4	77203207	77423609	220403	*
3196	chr4	77423609	77661863	238255	*
3197	chr4	77661863	77881748	219886	*
3198	chr4	77881748	78103913	222166	*
3199	chr4	78103913	78343113	239201	*
3200	chr4	78343113	78562742	219630	*
3201	chr4	78562742	78779774	217033	*
3202	chr4	78779774	78994301	214528	*
3203	chr4	78994301	79212353	218053	*
3204	chr4	79212353	79427778	215426	*
3205	chr4	79427778	79642206	214429	*
3206	chr4	79642206	79861898	219693	*
3207	chr4	79861898	80083580	221683	*
3208	chr4	80083580	80292815	209236	*
3209	chr4	80292815	80511320	218506	*
3210	chr4	80511320	80729487	218168	*
3211	chr4	80729487	80949529	220043	*
3212	chr4	80949529	81172061	222533	*
3213	chr4	81172061	81392817	220757	*
3214	chr4	81392817	81612881	220065	*
3215	chr4	81612881	81825185	212305	*
3216	chr4	81825185	82047064	221880	*
3217	chr4	82047064	82285657	238594	*
3218	chr4	82285657	82522099	236443	*
3219	chr4	82522099	82743516	221418	*
3220	chr4	82743516	82967059	223544	*
3221	chr4	82967059	83209165	242107	*
3222	chr4	83209165	83438792	229628	*
3223	chr4	83438792	83663396	224605	*
3224	chr4	83663396	83871976	208581	*
3225	chr4	83871976	84090869	218894	*
3226	chr4	84090869	84320553	229685	*
3227	chr4	84320553	84530338	209786	*
3228	chr4	84530338	84749820	219483	*
3229	chr4	84749820	84964895	215076	*
3230	chr4	84964895	85197693	232799	*
3231	chr4	85197693	85417652	219960	*
3232	chr4	85417652	85636772	219121	*
3233	chr4	85636772	85855837	219066	*
3234	chr4	85855837	86071200	215364	*
3235	chr4	86071200	86308708	237509	*
3236	chr4	86308708	86534226	225519	*
3237	chr4	86534226	86757220	222995	*
3238	chr4	86757220	86992577	235358	*
3239	chr4	86992577	87207406	214830	*
3240	chr4	87207406	87443768	236363	*
3241	chr4	87443768	87671452	227685	*
3242	chr4	87671452	87904871	233420	*
3243	chr4	87904871	88124185	219315	*
3244	chr4	88124185	88357786	233602	*
3245	chr4	88357786	88584398	226613	*
3246	chr4	88584398	88796017	211620	*
3247	chr4	88796017	89024573	228557	*
3248	chr4	89024573	89248163	223591	*
3249	chr4	89248163	89459277	211115	*
3250	chr4	89459277	89679125	219849	*
3251	chr4	89679125	89890380	211256	*
3252	chr4	89890380	90103675	213296	*
3253	chr4	90103675	90330445	226771	*
3254	chr4	90330445	90552479	222035	*
3255	chr4	90552479	90774175	221697	*
3256	chr4	90774175	90987187	213013	*
3257	chr4	90987187	91220334	233148	*
3258	chr4	91220334	91447359	227026	*
3259	chr4	91447359	91673117	225759	*
3260	chr4	91673117	91898619	225503	*
3261	chr4	91898619	92125038	226420	*
3262	chr4	92125038	92347649	222612	*
3263	chr4	92347649	92559181	211533	*
3264	chr4	92559181	92767824	208644	*
3265	chr4	92767824	92988185	220362	*
3266	chr4	92988185	93197884	209700	*
3267	chr4	93197884	93409166	211283	*
3268	chr4	93409166	93633001	223836	*
3269	chr4	93633001	93853735	220735	*
3270	chr4	93853735	94075864	222130	*
3271	chr4	94075864	94316639	240776	*
3272	chr4	94316639	94537514	220876	*
3273	chr4	94537514	94755323	217810	*
3274	chr4	94755323	94975669	220347	*
3275	chr4	94975669	95195759	220091	*
3276	chr4	95195759	95407881	212123	*
3277	chr4	95407881	95619247	211367	*
3278	chr4	95619247	95841011	221765	*
3279	chr4	95841011	96055217	214207	*
3280	chr4	96055217	96260850	205634	*
3281	chr4	96260850	96480417	219568	*
3282	chr4	96480417	96694036	213620	*
3283	chr4	96694036	96911735	217700	*
3284	chr4	96911735	97123555	211821	*
3285	chr4	97123555	97345983	222429	*
3286	chr4	97345983	97579423	233441	*
3287	chr4	97579423	97811464	232042	*
3288	chr4	97811464	98052471	241008	*
3289	chr4	98052471	98270242	217772	*
3290	chr4	98270242	98501112	230871	*
3291	chr4	98501112	98721825	220714	*
3292	chr4	98721825	98951676	229852	*
3293	chr4	98951676	99183914	232239	*
3294	chr4	99183914	99422168	238255	*
3295	chr4	99422168	99642346	220179	*
3296	chr4	99642346	99869159	226814	*
3297	chr4	99869159	100095752	226594	*
3298	chr4	100095752	100308800	213049	*
3299	chr4	100308800	100519915	211116	*
3300	chr4	100519915	100736694	216780	*
3301	chr4	100736694	100954725	218032	*
3302	chr4	100954725	101170270	215546	*
3303	chr4	101170270	101376139	205870	*
3304	chr4	101376139	101607956	231818	*
3305	chr4	101607956	101830215	222260	*
3306	chr4	101830215	102047062	216848	*
3307	chr4	102047062	102270914	223853	*
3308	chr4	102270914	102503626	232713	*
3309	chr4	102503626	102717096	213471	*
3310	chr4	102717096	102983301	266206	*
3311	chr4	102983301	103198853	215553	*
3312	chr4	103198853	103436480	237628	*
3313	chr4	103436480	103674109	237630	*
3314	chr4	103674109	103905512	231404	*
3315	chr4	103905512	104127135	221624	*
3316	chr4	104127135	104348863	221729	*
3317	chr4	104348863	104563022	214160	*
3318	chr4	104563022	104781869	218848	*
3319	chr4	104781869	105006149	224281	*
3320	chr4	105006149	105230617	224469	*
3321	chr4	105230617	105458529	227913	*
3322	chr4	105458529	105674205	215677	*
3323	chr4	105674205	105902195	227991	*
3324	chr4	105902195	106128554	226360	*
3325	chr4	106128554	106346827	218274	*
3326	chr4	106346827	106583554	236728	*
3327	chr4	106583554	106805092	221539	*
3328	chr4	106805092	107027104	222013	*
3329	chr4	107027104	107243046	215943	*
3330	chr4	107243046	107465097	222052	*
3331	chr4	107465097	107683844	218748	*
3332	chr4	107683844	107898673	214830	*
3333	chr4	107898673	108116878	218206	*
3334	chr4	108116878	108329344	212467	*
3335	chr4	108329344	108548756	219413	*
3336	chr4	108548756	108776001	227246	*
3337	chr4	108776001	108990838	214838	*
3338	chr4	108990838	109208897	218060	*
3339	chr4	109208897	109426786	217890	*
3340	chr4	109426786	109658886	232101	*
3341	chr4	109658886	109887100	228215	*
3342	chr4	109887100	110114024	226925	*
3343	chr4	110114024	110346517	232494	*
3344	chr4	110346517	110580620	234104	*
3345	chr4	110580620	110798351	217732	*
3346	chr4	110798351	111013711	215361	*
3347	chr4	111013711	111238518	224808	*
3348	chr4	111238518	111474993	236476	*
3349	chr4	111474993	111693682	218690	*
3350	chr4	111693682	111907181	213500	*
3351	chr4	111907181	112131058	223878	*
3352	chr4	112131058	112355573	224516	*
3353	chr4	112355573	112585618	230046	*
3354	chr4	112585618	112824244	238627	*
3355	chr4	112824244	113041734	217491	*
3356	chr4	113041734	113250208	208475	*
3357	chr4	113250208	113466957	216750	*
3358	chr4	113466957	113679795	212839	*
3359	chr4	113679795	113893112	213318	*
3360	chr4	113893112	114115005	221894	*
3361	chr4	114115005	114334811	219807	*
3362	chr4	114334811	114550644	215834	*
3363	chr4	114550644	114762966	212323	*
3364	chr4	114762966	114971500	208535	*
3365	chr4	114971500	115186965	215466	*
3366	chr4	115186965	115400271	213307	*
3367	chr4	115400271	115614215	213945	*
3368	chr4	115614215	115831774	217560	*
3369	chr4	115831774	116051151	219378	*
3370	chr4	116051151	116267625	216475	*
3371	chr4	116267625	116484206	216582	*
3372	chr4	116484206	116695071	210866	*
3373	chr4	116695071	116911287	216217	*
3374	chr4	116911287	117121170	209884	*
3375	chr4	117121170	117340803	219634	*
3376	chr4	117340803	117549263	208461	*
3377	chr4	117549263	117775642	226380	*
3378	chr4	117775642	117998740	223099	*
3379	chr4	117998740	118213325	214586	*
3380	chr4	118213325	118821747	608423	*
3381	chr4	118821747	119034640	212894	*
3382	chr4	119034640	119264954	230315	*
3383	chr4	119264954	119571195	306242	*
3384	chr4	119571195	119786797	215603	*
3385	chr4	119786797	120010227	223431	*
3386	chr4	120010227	120226459	216233	*
3387	chr4	120226459	120441210	214752	*
3388	chr4	120441210	120668576	227367	*
3389	chr4	120668576	120885802	217227	*
3390	chr4	120885802	121102402	216601	*
3391	chr4	121102402	121318346	215945	*
3392	chr4	121318346	121537881	219536	*
3393	chr4	121537881	121764280	226400	*
3394	chr4	121764280	121974116	209837	*
3395	chr4	121974116	122195823	221708	*
3396	chr4	122195823	122411593	215771	*
3397	chr4	122411593	122642245	230653	*
3398	chr4	122642245	122864087	221843	*
3399	chr4	122864087	123094094	230008	*
3400	chr4	123094094	123312783	218690	*
3401	chr4	123312783	123537193	224411	*
3402	chr4	123537193	123766835	229643	*
3403	chr4	123766835	123978860	212026	*
3404	chr4	123978860	124200273	221414	*
3405	chr4	124200273	124427925	227653	*
3406	chr4	124427925	124643379	215455	*
3407	chr4	124643379	124854000	210622	*
3408	chr4	124854000	125065136	211137	*
3409	chr4	125065136	125280186	215051	*
3410	chr4	125280186	125487943	207758	*
3411	chr4	125487943	125704072	216130	*
3412	chr4	125704072	125922481	218410	*
3413	chr4	125922481	126136679	214199	*
3414	chr4	126136679	126353605	216927	*
3415	chr4	126353605	126573363	219759	*
3416	chr4	126573363	126785639	212277	*
3417	chr4	126785639	127008264	222626	*
3418	chr4	127008264	127236019	227756	*
3419	chr4	127236019	127455998	219980	*
3420	chr4	127455998	127697032	241035	*
3421	chr4	127697032	127928007	230976	*
3422	chr4	127928007	128170401	242395	*
3423	chr4	128170401	128395379	224979	*
3424	chr4	128395379	128620743	225365	*
3425	chr4	128620743	128853666	232924	*
3426	chr4	128853666	129083832	230167	*
3427	chr4	129083832	129305540	221709	*
3428	chr4	129305540	129516033	210494	*
3429	chr4	129516033	129737495	221463	*
3430	chr4	129737495	129958076	220582	*
3431	chr4	129958076	130181493	223418	*
3432	chr4	130181493	130389223	207731	*
3433	chr4	130389223	130604158	214936	*
3434	chr4	130604158	130822728	218571	*
3435	chr4	130822728	131034990	212263	*
3436	chr4	131034990	131253396	218407	*
3437	chr4	131253396	131476883	223488	*
3438	chr4	131476883	132090101	613219	*
3439	chr4	132090101	132310252	220152	*
3440	chr4	132310252	132528372	218121	*
3441	chr4	132528372	132742618	214247	*
3442	chr4	132742618	132960246	217629	*
3443	chr4	132960246	133167580	207335	*
3444	chr4	133167580	133382936	215357	*
3445	chr4	133382936	133591942	209007	*
3446	chr4	133591942	133814266	222325	*
3447	chr4	133814266	134028696	214431	*
3448	chr4	134028696	134245899	217204	*
3449	chr4	134245899	134457519	211621	*
3450	chr4	134457519	134670332	212814	*
3451	chr4	134670332	134895417	225086	*
3452	chr4	134895417	135125327	229911	*
3453	chr4	135125327	135339985	214659	*
3454	chr4	135339985	135561045	221061	*
3455	chr4	135561045	135775935	214891	*
3456	chr4	135775935	135985267	209333	*
3457	chr4	135985267	136191701	206435	*
3458	chr4	136191701	136411313	219613	*
3459	chr4	136411313	136617069	205757	*
3460	chr4	136617069	136822942	205874	*
3461	chr4	136822942	137034642	211701	*
3462	chr4	137034642	137242919	208278	*
3463	chr4	137242919	137452323	209405	*
3464	chr4	137452323	137676527	224205	*
3465	chr4	137676527	137889714	213188	*
3466	chr4	137889714	138105927	216214	*
3467	chr4	138105927	138313701	207775	*
3468	chr4	138313701	138536080	222380	*
3469	chr4	138536080	138754148	218069	*
3470	chr4	138754148	138984677	230530	*
3471	chr4	138984677	139220505	235829	*
3472	chr4	139220505	139455896	235392	*
3473	chr4	139455896	139678570	222675	*
3474	chr4	139678570	139894220	215651	*
3475	chr4	139894220	140106317	212098	*
3476	chr4	140106317	140322256	215940	*
3477	chr4	140322256	140549117	226862	*
3478	chr4	140549117	140760539	211423	*
3479	chr4	140760539	140989601	229063	*
3480	chr4	140989601	141210454	220854	*
3481	chr4	141210454	141435043	224590	*
3482	chr4	141435043	141653229	218187	*
3483	chr4	141653229	141871289	218061	*
3484	chr4	141871289	142097906	226618	*
3485	chr4	142097906	142317340	219435	*
3486	chr4	142317340	142528363	211024	*
3487	chr4	142528363	142748634	220272	*
3488	chr4	142748634	142964688	216055	*
3489	chr4	142964688	143198519	233832	*
3490	chr4	143198519	143415372	216854	*
3491	chr4	143415372	143635492	220121	*
3492	chr4	143635492	143949410	313919	*
3493	chr4	143949410	144268314	318905	*
3494	chr4	144268314	144489096	220783	*
3495	chr4	144489096	144701912	212817	*
3496	chr4	144701912	144935810	233899	*
3497	chr4	144935810	145169283	233474	*
3498	chr4	145169283	145407506	238224	*
3499	chr4	145407506	145631351	223846	*
3500	chr4	145631351	145856536	225186	*
3501	chr4	145856536	146077255	220720	*
3502	chr4	146077255	146283834	206580	*
3503	chr4	146283834	146498863	215030	*
3504	chr4	146498863	146734115	235253	*
3505	chr4	146734115	146952447	218333	*
3506	chr4	146952447	147164902	212456	*
3507	chr4	147164902	147383545	218644	*
3508	chr4	147383545	147610960	227416	*
3509	chr4	147610960	147838574	227615	*
3510	chr4	147838574	148056731	218158	*
3511	chr4	148056731	148272059	215329	*
3512	chr4	148272059	148484916	212858	*
3513	chr4	148484916	148711367	226452	*
3514	chr4	148711367	148926436	215070	*
3515	chr4	148926436	149148734	222299	*
3516	chr4	149148734	149369339	220606	*
3517	chr4	149369339	149583621	214283	*
3518	chr4	149583621	149802168	218548	*
3519	chr4	149802168	150028449	226282	*
3520	chr4	150028449	150241784	213336	*
3521	chr4	150241784	150457548	215765	*
3522	chr4	150457548	150675046	217499	*
3523	chr4	150675046	150893600	218555	*
3524	chr4	150893600	151132183	238584	*
3525	chr4	151132183	151359787	227605	*
3526	chr4	151359787	151585540	225754	*
3527	chr4	151585540	151798717	213178	*
3528	chr4	151798717	152010586	211870	*
3529	chr4	152010586	152223517	212932	*
3530	chr4	152223517	152428535	205019	*
3531	chr4	152428535	152642776	214242	*
3532	chr4	152642776	152867619	224844	*
3533	chr4	152867619	153081713	214095	*
3534	chr4	153081713	153299626	217914	*
3535	chr4	153299626	153524104	224479	*
3536	chr4	153524104	153740060	215957	*
3537	chr4	153740060	153954769	214710	*
3538	chr4	153954769	154186095	231327	*
3539	chr4	154186095	154395245	209151	*
3540	chr4	154395245	154600366	205122	*
3541	chr4	154600366	154815586	215221	*
3542	chr4	154815586	155037084	221499	*
3543	chr4	155037084	155249685	212602	*
3544	chr4	155249685	155463789	214105	*
3545	chr4	155463789	155678781	214993	*
3546	chr4	155678781	155887466	208686	*
3547	chr4	155887466	156106462	218997	*
3548	chr4	156106462	156323747	217286	*
3549	chr4	156323747	156540790	217044	*
3550	chr4	156540790	156751712	210923	*
3551	chr4	156751712	156959693	207982	*
3552	chr4	156959693	157172004	212312	*
3553	chr4	157172004	157384760	212757	*
3554	chr4	157384760	157600624	215865	*
3555	chr4	157600624	157824451	223828	*
3556	chr4	157824451	158040123	215673	*
3557	chr4	158040123	158259622	219500	*
3558	chr4	158259622	158497498	237877	*
3559	chr4	158497498	158723856	226359	*
3560	chr4	158723856	158946003	222148	*
3561	chr4	158946003	159176066	230064	*
3562	chr4	159176066	159390712	214647	*
3563	chr4	159390712	159619430	228719	*
3564	chr4	159619430	159845689	226260	*
3565	chr4	159845689	160071230	225542	*
3566	chr4	160071230	160297697	226468	*
3567	chr4	160297697	160512834	215138	*
3568	chr4	160512834	160740271	227438	*
3569	chr4	160740271	160956493	216223	*
3570	chr4	160956493	161173056	216564	*
3571	chr4	161173056	161384579	211524	*
3572	chr4	161384579	161597818	213240	*
3573	chr4	161597818	161812464	214647	*
3574	chr4	161812464	162027519	215056	*
3575	chr4	162027519	162236416	208898	*
3576	chr4	162236416	162446476	210061	*
3577	chr4	162446476	162663372	216897	*
3578	chr4	162663372	162881910	218539	*
3579	chr4	162881910	163105016	223107	*
3580	chr4	163105016	163324001	218986	*
3581	chr4	163324001	163540456	216456	*
3582	chr4	163540456	163764845	224390	*
3583	chr4	163764845	163973408	208564	*
3584	chr4	163973408	164198372	224965	*
3585	chr4	164198372	164427420	229049	*
3586	chr4	164427420	164664707	237288	*
3587	chr4	164664707	164896305	231599	*
3588	chr4	164896305	165145450	249146	*
3589	chr4	165145450	165402073	256624	*
3590	chr4	165402073	165615139	213067	*
3591	chr4	165615139	165829825	214687	*
3592	chr4	165829825	166044048	214224	*
3593	chr4	166044048	166257702	213655	*
3594	chr4	166257702	166482603	224902	*
3595	chr4	166482603	166699888	217286	*
3596	chr4	166699888	166930088	230201	*
3597	chr4	166930088	167145263	215176	*
3598	chr4	167145263	167373685	228423	*
3599	chr4	167373685	167591113	217429	*
3600	chr4	167591113	167805092	213980	*
3601	chr4	167805092	168030428	225337	*
3602	chr4	168030428	168246313	215886	*
3603	chr4	168246313	168469437	223125	*
3604	chr4	168469437	168679346	209910	*
3605	chr4	168679346	168894883	215538	*
3606	chr4	168894883	169122487	227605	*
3607	chr4	169122487	169344451	221965	*
3608	chr4	169344451	169581307	236857	*
3609	chr4	169581307	169806483	225177	*
3610	chr4	169806483	170027586	221104	*
3611	chr4	170027586	170258048	230463	*
3612	chr4	170258048	170496748	238701	*
3613	chr4	170496748	170723400	226653	*
3614	chr4	170723400	170936293	212894	*
3615	chr4	170936293	171145455	209163	*
3616	chr4	171145455	171360994	215540	*
3617	chr4	171360994	171570633	209640	*
3618	chr4	171570633	171781277	210645	*
3619	chr4	171781277	171998722	217446	*
3620	chr4	171998722	172210678	211957	*
3621	chr4	172210678	172428107	217430	*
3622	chr4	172428107	172640878	212772	*
3623	chr4	172640878	172849612	208735	*
3624	chr4	172849612	173072491	222880	*
3625	chr4	173072491	173292564	220074	*
3626	chr4	173292564	173503324	210761	*
3627	chr4	173503324	173730132	226809	*
3628	chr4	173730132	173947492	217361	*
3629	chr4	173947492	174159021	211530	*
3630	chr4	174159021	174370389	211369	*
3631	chr4	174370389	174587385	216997	*
3632	chr4	174587385	174804675	217291	*
3633	chr4	174804675	175018084	213410	*
3634	chr4	175018084	175235291	217208	*
3635	chr4	175235291	175447389	212099	*
3636	chr4	175447389	175671486	224098	*
3637	chr4	175671486	175882278	210793	*
3638	chr4	175882278	176095386	213109	*
3639	chr4	176095386	176312203	216818	*
3640	chr4	176312203	176526446	214244	*
3641	chr4	176526446	176740487	214042	*
3642	chr4	176740487	176953701	213215	*
3643	chr4	176953701	177167865	214165	*
3644	chr4	177167865	177381435	213571	*
3645	chr4	177381435	177604904	223470	*
3646	chr4	177604904	177819793	214890	*
3647	chr4	177819793	178041605	221813	*
3648	chr4	178041605	178258523	216919	*
3649	chr4	178258523	178469417	210895	*
3650	chr4	178469417	178682163	212747	*
3651	chr4	178682163	178898967	216805	*
3652	chr4	178898967	179114676	215710	*
3653	chr4	179114676	179326814	212139	*
3654	chr4	179326814	179538619	211806	*
3655	chr4	179538619	179764682	226064	*
3656	chr4	179764682	179974259	209578	*
3657	chr4	179974259	180183246	208988	*
3658	chr4	180183246	180397939	214694	*
3659	chr4	180397939	180609404	211466	*
3660	chr4	180609404	180817788	208385	*
3661	chr4	180817788	181033984	216197	*
3662	chr4	181033984	181248692	214709	*
3663	chr4	181248692	181463397	214706	*
3664	chr4	181463397	181675647	212251	*
3665	chr4	181675647	181886755	211109	*
3666	chr4	181886755	182107907	221153	*
3667	chr4	182107907	182319222	211316	*
3668	chr4	182319222	182536246	217025	*
3669	chr4	182536246	182746748	210503	*
3670	chr4	182746748	182972882	226135	*
3671	chr4	182972882	183201062	228181	*
3672	chr4	183201062	183418318	217257	*
3673	chr4	183418318	183649426	231109	*
3674	chr4	183649426	183874019	224594	*
3675	chr4	183874019	184086173	212155	*
3676	chr4	184086173	184306307	220135	*
3677	chr4	184306307	184519965	213659	*
3678	chr4	184519965	184756041	236077	*
3679	chr4	184756041	184976838	220798	*
3680	chr4	184976838	185199768	222931	*
3681	chr4	185199768	185422883	223116	*
3682	chr4	185422883	185639573	216691	*
3683	chr4	185639573	185848596	209024	*
3684	chr4	185848596	186070967	222372	*
3685	chr4	186070967	186300143	229177	*
3686	chr4	186300143	186531233	231091	*
3687	chr4	186531233	186745213	213981	*
3688	chr4	186745213	186969228	224016	*
3689	chr4	186969228	187190821	221594	*
3690	chr4	187190821	187399552	208732	*
3691	chr4	187399552	187619694	220143	*
3692	chr4	187619694	187836689	216996	*
3693	chr4	187836689	188078553	241865	*
3694	chr4	188078553	188316985	238433	*
3695	chr4	188316985	188546126	229142	*
3696	chr4	188546126	188770692	224567	*
3697	chr4	188770692	188986574	215883	*
3698	chr4	188986574	189207834	221261	*
3699	chr4	189207834	189434385	226552	*
3700	chr4	189434385	189689301	254917	*
3701	chr4	189689301	189924023	234723	*
3702	chr5	0	273456	273457	*
3703	chr5	273456	507432	233977	*
3704	chr5	507432	795940	288509	*
3705	chr5	795940	1048166	252227	*
3706	chr5	1048166	1261986	213821	*
3707	chr5	1261986	1481913	219928	*
3708	chr5	1481913	1737388	255476	*
3709	chr5	1737388	1945518	208131	*
3710	chr5	1945518	2164042	218525	*
3711	chr5	2164042	2374077	210036	*
3712	chr5	2374077	2581963	207887	*
3713	chr5	2581963	2787740	205778	*
3714	chr5	2787740	2996345	208606	*
3715	chr5	2996345	3204496	208152	*
3716	chr5	3204496	3416798	212303	*
3717	chr5	3416798	3629983	213186	*
3718	chr5	3629983	3844222	214240	*
3719	chr5	3844222	4052608	208387	*
3720	chr5	4052608	4261430	208823	*
3721	chr5	4261430	4469596	208167	*
3722	chr5	4469596	4689660	220065	*
3723	chr5	4689660	4908369	218710	*
3724	chr5	4908369	5120399	212031	*
3725	chr5	5120399	5330116	209718	*
3726	chr5	5330116	5547289	217174	*
3727	chr5	5547289	5755525	208237	*
3728	chr5	5755525	5963593	208069	*
3729	chr5	5963593	6174759	211167	*
3730	chr5	6174759	6382631	207873	*
3731	chr5	6382631	6593822	211192	*
3732	chr5	6593822	6805554	211733	*
3733	chr5	6805554	7022016	216463	*
3734	chr5	7022016	7261612	239597	*
3735	chr5	7261612	7493330	231719	*
3736	chr5	7493330	7706011	212682	*
3737	chr5	7706011	7913698	207688	*
3738	chr5	7913698	8130579	216882	*
3739	chr5	8130579	8351224	220646	*
3740	chr5	8351224	8561907	210684	*
3741	chr5	8561907	8783137	221231	*
3742	chr5	8783137	8992182	209046	*
3743	chr5	8992182	9208896	216715	*
3744	chr5	9208896	9421643	212748	*
3745	chr5	9421643	9633884	212242	*
3746	chr5	9633884	9846777	212894	*
3747	chr5	9846777	10073126	226350	*
3748	chr5	10073126	10295485	222360	*
3749	chr5	10295485	10515320	219836	*
3750	chr5	10515320	10732522	217203	*
3751	chr5	10732522	10949493	216972	*
3752	chr5	10949493	11159324	209832	*
3753	chr5	11159324	11371434	212111	*
3754	chr5	11371434	11578992	207559	*
3755	chr5	11578992	11791815	212824	*
3756	chr5	11791815	12001731	209917	*
3757	chr5	12001731	12220320	218590	*
3758	chr5	12220320	12430331	210012	*
3759	chr5	12430331	12648671	218341	*
3760	chr5	12648671	12861012	212342	*
3761	chr5	12861012	13070789	209778	*
3762	chr5	13070789	13283954	213166	*
3763	chr5	13283954	13500526	216573	*
3764	chr5	13500526	13712680	212155	*
3765	chr5	13712680	13930382	217703	*
3766	chr5	13930382	14150527	220146	*
3767	chr5	14150527	14357323	206797	*
3768	chr5	14357323	14571407	214085	*
3769	chr5	14571407	14784725	213319	*
3770	chr5	14784725	15008166	223442	*
3771	chr5	15008166	15222738	214573	*
3772	chr5	15222738	15451482	228745	*
3773	chr5	15451482	15665939	214458	*
3774	chr5	15665939	15879417	213479	*
3775	chr5	15879417	16094373	214957	*
3776	chr5	16094373	16305794	211422	*
3777	chr5	16305794	16531459	225666	*
3778	chr5	16531459	16763633	232175	*
3779	chr5	16763633	16997388	233756	*
3780	chr5	16997388	17233700	236313	*
3781	chr5	17233700	17776144	542445	*
3782	chr5	17776144	17991290	215147	*
3783	chr5	17991290	18207152	215863	*
3784	chr5	18207152	18424457	217306	*
3785	chr5	18424457	18645019	220563	*
3786	chr5	18645019	18862075	217057	*
3787	chr5	18862075	19073230	211156	*
3788	chr5	19073230	19294938	221709	*
3789	chr5	19294938	19509242	214305	*
3790	chr5	19509242	19723436	214195	*
3791	chr5	19723436	19935909	212474	*
3792	chr5	19935909	20152263	216355	*
3793	chr5	20152263	20366996	214734	*
3794	chr5	20366996	20954666	587671	*
3795	chr5	20954666	21526595	571930	*
3796	chr5	21526595	21742396	215802	*
3797	chr5	21742396	21978780	236385	*
3798	chr5	21978780	22271707	292928	*
3799	chr5	22271707	22489038	217332	*
3800	chr5	22489038	22700626	211589	*
3801	chr5	22700626	22911017	210392	*
3802	chr5	22911017	23121635	210619	*
3803	chr5	23121635	23338178	216544	*
3804	chr5	23338178	23553221	215044	*
3805	chr5	23553221	23766988	213768	*
3806	chr5	23766988	23983919	216932	*
3807	chr5	23983919	24199734	215816	*
3808	chr5	24199734	24421244	221511	*
3809	chr5	24421244	24630763	209520	*
3810	chr5	24630763	24847600	216838	*
3811	chr5	24847600	25060618	213019	*
3812	chr5	25060618	25287250	226633	*
3813	chr5	25287250	25513297	226048	*
3814	chr5	25513297	25726616	213320	*
3815	chr5	25726616	25942920	216305	*
3816	chr5	25942920	26154335	211416	*
3817	chr5	26154335	26370700	216366	*
3818	chr5	26370700	26589595	218896	*
3819	chr5	26589595	26798011	208417	*
3820	chr5	26798011	27010046	212036	*
3821	chr5	27010046	27226450	216405	*
3822	chr5	27226450	27436657	210208	*
3823	chr5	27436657	27649237	212581	*
3824	chr5	27649237	27864721	215485	*
3825	chr5	27864721	28083361	218641	*
3826	chr5	28083361	28299043	215683	*
3827	chr5	28299043	28514041	214999	*
3828	chr5	28514041	28727904	213864	*
3829	chr5	28727904	28954947	227044	*
3830	chr5	28954947	29171456	216510	*
3831	chr5	29171456	29387232	215777	*
3832	chr5	29387232	29618936	231705	*
3833	chr5	29618936	29830745	211810	*
3834	chr5	29830745	30043883	213139	*
3835	chr5	30043883	30256154	212272	*
3836	chr5	30256154	30473035	216882	*
3837	chr5	30473035	30693711	220677	*
3838	chr5	30693711	30911853	218143	*
3839	chr5	30911853	31128121	216269	*
3840	chr5	31128121	31336146	208026	*
3841	chr5	31336146	31550462	214317	*
3842	chr5	31550462	31780724	230263	*
3843	chr5	31780724	32011700	230977	*
3844	chr5	32011700	32247321	235622	*
3845	chr5	32247321	32475722	228402	*
3846	chr5	32475722	32709151	233430	*
3847	chr5	32709151	32941976	232826	*
3848	chr5	32941976	33167981	226006	*
3849	chr5	33167981	33387414	219434	*
3850	chr5	33387414	33615324	227911	*
3851	chr5	33615324	33822880	207557	*
3852	chr5	33822880	34503820	680941	*
3853	chr5	34503820	34724617	220798	*
3854	chr5	34724617	34947594	222978	*
3855	chr5	34947594	35173590	225997	*
3856	chr5	35173590	35393861	220272	*
3857	chr5	35393861	35625206	231346	*
3858	chr5	35625206	35838465	213260	*
3859	chr5	35838465	36056957	218493	*
3860	chr5	36056957	36273282	216326	*
3861	chr5	36273282	36497892	224611	*
3862	chr5	36497892	36713509	215618	*
3863	chr5	36713509	36933431	219923	*
3864	chr5	36933431	37156914	223484	*
3865	chr5	37156914	37404847	247934	*
3866	chr5	37404847	37660056	255210	*
3867	chr5	37660056	37885534	225479	*
3868	chr5	37885534	38093528	207995	*
3869	chr5	38093528	38310758	217231	*
3870	chr5	38310758	38522845	212088	*
3871	chr5	38522845	38741453	218609	*
3872	chr5	38741453	38954839	213387	*
3873	chr5	38954839	39172416	217578	*
3874	chr5	39172416	39394905	222490	*
3875	chr5	39394905	39606727	211823	*
3876	chr5	39606727	39829106	222380	*
3877	chr5	39829106	40045466	216361	*
3878	chr5	40045466	40263831	218366	*
3879	chr5	40263831	40486016	222186	*
3880	chr5	40486016	40720719	234704	*
3881	chr5	40720719	40952009	231291	*
3882	chr5	40952009	41175192	223184	*
3883	chr5	41175192	41395076	219885	*
3884	chr5	41395076	41620929	225854	*
3885	chr5	41620929	41834356	213428	*
3886	chr5	41834356	42052392	218037	*
3887	chr5	42052392	42278574	226183	*
3888	chr5	42278574	42503358	224785	*
3889	chr5	42503358	42721227	217870	*
3890	chr5	42721227	42957728	236502	*
3891	chr5	42957728	43198691	240964	*
3892	chr5	43198691	43447360	248670	*
3893	chr5	43447360	43680112	232753	*
3894	chr5	43680112	43916497	236386	*
3895	chr5	43916497	44163626	247130	*
3896	chr5	44163626	44376171	212546	*
3897	chr5	44376171	44591395	215225	*
3898	chr5	44591395	44817818	226424	*
3899	chr5	44817818	45033545	215728	*
3900	chr5	45033545	45255308	221764	*
3901	chr5	45255308	45475266	219959	*
3902	chr5	45475266	45707414	232149	*
3903	chr5	45707414	45951144	243731	*
3904	chr5	45951144	50186555	4235412	*
3905	chr5	50186555	50479677	293123	*
3906	chr5	50479677	50751979	272303	*
3907	chr5	50751979	50964282	212304	*
3908	chr5	50964282	51175312	211031	*
3909	chr5	51175312	51402666	227355	*
3910	chr5	51402666	51608146	205481	*
3911	chr5	51608146	51835379	227234	*
3912	chr5	51835379	52048510	213132	*
3913	chr5	52048510	52276614	228105	*
3914	chr5	52276614	52494125	217512	*
3915	chr5	52494125	52717441	223317	*
3916	chr5	52717441	52931750	214310	*
3917	chr5	52931750	53152145	220396	*
3918	chr5	53152145	53377815	225671	*
3919	chr5	53377815	53595486	217672	*
3920	chr5	53595486	53841638	246153	*
3921	chr5	53841638	54063548	221911	*
3922	chr5	54063548	54278752	215205	*
3923	chr5	54278752	54503472	224721	*
3924	chr5	54503472	54720046	216575	*
3925	chr5	54720046	54940903	220858	*
3926	chr5	54940903	55167859	226957	*
3927	chr5	55167859	55385829	217971	*
3928	chr5	55385829	55615738	229910	*
3929	chr5	55615738	55847700	231963	*
3930	chr5	55847700	56076633	228934	*
3931	chr5	56076633	56309427	232795	*
3932	chr5	56309427	56521612	212186	*
3933	chr5	56521612	56733619	212008	*
3934	chr5	56733619	56950580	216962	*
3935	chr5	56950580	57184312	233733	*
3936	chr5	57184312	57412295	227984	*
3937	chr5	57412295	57628281	215987	*
3938	chr5	57628281	57835120	206840	*
3939	chr5	57835120	58063141	228022	*
3940	chr5	58063141	58280796	217656	*
3941	chr5	58280796	58505888	225093	*
3942	chr5	58505888	58740368	234481	*
3943	chr5	58740368	58951128	210761	*
3944	chr5	58951128	59167526	216399	*
3945	chr5	59167526	59379016	211491	*
3946	chr5	59379016	59592470	213455	*
3947	chr5	59592470	59806774	214305	*
3948	chr5	59806774	60014414	207641	*
3949	chr5	60014414	60240198	225785	*
3950	chr5	60240198	60462883	222686	*
3951	chr5	60462883	60693687	230805	*
3952	chr5	60693687	60928421	234735	*
3953	chr5	60928421	61152998	224578	*
3954	chr5	61152998	61372196	219199	*
3955	chr5	61372196	61587483	215288	*
3956	chr5	61587483	61795225	207743	*
3957	chr5	61795225	62005895	210671	*
3958	chr5	62005895	62238580	232686	*
3959	chr5	62238580	62475116	236537	*
3960	chr5	62475116	62707962	232847	*
3961	chr5	62707962	62954661	246700	*
3962	chr5	62954661	63167992	213332	*
3963	chr5	63167992	63388623	220632	*
3964	chr5	63388623	63613383	224761	*
3965	chr5	63613383	63833276	219894	*
3966	chr5	63833276	64046731	213456	*
3967	chr5	64046731	64279973	233243	*
3968	chr5	64279973	64514250	234278	*
3969	chr5	64514250	64730148	215899	*
3970	chr5	64730148	64947030	216883	*
3971	chr5	64947030	65158653	211624	*
3972	chr5	65158653	65384709	226057	*
3973	chr5	65384709	65608282	223574	*
3974	chr5	65608282	65830110	221829	*
3975	chr5	65830110	66056596	226487	*
3976	chr5	66056596	66288414	231819	*
3977	chr5	66288414	66517536	229123	*
3978	chr5	66517536	66725022	207487	*
3979	chr5	66725022	66934708	209687	*
3980	chr5	66934708	67140801	206094	*
3981	chr5	67140801	67357969	217169	*
3982	chr5	67357969	67570001	212033	*
3983	chr5	67570001	67814076	244076	*
3984	chr5	67814076	68041602	227527	*
3985	chr5	68041602	68266267	224666	*
3986	chr5	68266267	68472953	206687	*
3987	chr5	68472953	68685147	212195	*
3988	chr5	68685147	68905768	220622	*
3989	chr5	68905768	69137156	231389	*
3990	chr5	69137156	71455844	2318689	*
3991	chr5	71455844	71694402	238559	*
3992	chr5	71694402	71919206	224805	*
3993	chr5	71919206	72130030	210825	*
3994	chr5	72130030	72340508	210479	*
3995	chr5	72340508	72548628	208121	*
3996	chr5	72548628	72771224	222597	*
3997	chr5	72771224	73003948	232725	*
3998	chr5	73003948	73219043	215096	*
3999	chr5	73219043	73427494	208452	*
4000	chr5	73427494	73645078	217585	*
4001	chr5	73645078	73856626	211549	*
4002	chr5	73856626	74069464	212839	*
4003	chr5	74069464	74276344	206881	*
4004	chr5	74276344	74488115	211772	*
4005	chr5	74488115	74703702	215588	*
4006	chr5	74703702	74939276	235575	*
4007	chr5	74939276	75165031	225756	*
4008	chr5	75165031	75406109	241079	*
4009	chr5	75406109	75625881	219773	*
4010	chr5	75625881	75870659	244779	*
4011	chr5	75870659	76104332	233674	*
4012	chr5	76104332	76326917	222586	*
4013	chr5	76326917	76554044	227128	*
4014	chr5	76554044	76769119	215076	*
4015	chr5	76769119	77014068	244950	*
4016	chr5	77014068	77227569	213502	*
4017	chr5	77227569	77441415	213847	*
4018	chr5	77441415	77677279	235865	*
4019	chr5	77677279	77893386	216108	*
4020	chr5	77893386	78108099	214714	*
4021	chr5	78108099	78334103	226005	*
4022	chr5	78334103	78557570	223468	*
4023	chr5	78557570	78791673	234104	*
4024	chr5	78791673	79024922	233250	*
4025	chr5	79024922	79259506	234585	*
4026	chr5	79259506	79484496	224991	*
4027	chr5	79484496	79710995	226500	*
4028	chr5	79710995	79940968	229974	*
4029	chr5	79940968	80156732	215765	*
4030	chr5	80156732	80400974	244243	*
4031	chr5	80400974	80640361	239388	*
4032	chr5	80640361	80862649	222289	*
4033	chr5	80862649	81088666	226018	*
4034	chr5	81088666	81310468	221803	*
4035	chr5	81310468	81531393	220926	*
4036	chr5	81531393	81757288	225896	*
4037	chr5	81757288	81978088	220801	*
4038	chr5	81978088	82209557	231470	*
4039	chr5	82209557	82424182	214626	*
4040	chr5	82424182	82652669	228488	*
4041	chr5	82652669	82865342	212674	*
4042	chr5	82865342	83092381	227040	*
4043	chr5	83092381	83308196	215816	*
4044	chr5	83308196	83529264	221069	*
4045	chr5	83529264	83739465	210202	*
4046	chr5	83739465	83957489	218025	*
4047	chr5	83957489	84173115	215627	*
4048	chr5	84173115	84387714	214600	*
4049	chr5	84387714	84598477	210764	*
4050	chr5	84598477	84812858	214382	*
4051	chr5	84812858	85026488	213631	*
4052	chr5	85026488	85235479	208992	*
4053	chr5	85235479	85453954	218476	*
4054	chr5	85453954	85677333	223380	*
4055	chr5	85677333	85894044	216712	*
4056	chr5	85894044	86108423	214380	*
4057	chr5	86108423	86346718	238296	*
4058	chr5	86346718	86565097	218380	*
4059	chr5	86565097	86788565	223469	*
4060	chr5	86788565	87002477	213913	*
4061	chr5	87002477	87237612	235136	*
4062	chr5	87237612	87448794	211183	*
4063	chr5	87448794	87675981	227188	*
4064	chr5	87675981	87889240	213260	*
4065	chr5	87889240	88117275	228036	*
4066	chr5	88117275	88341484	224210	*
4067	chr5	88341484	88551257	209774	*
4068	chr5	88551257	88763641	212385	*
4069	chr5	88763641	88985432	221792	*
4070	chr5	88985432	89202271	216840	*
4071	chr5	89202271	89410556	208286	*
4072	chr5	89410556	89619214	208659	*
4073	chr5	89619214	89846016	226803	*
4074	chr5	89846016	90058781	212766	*
4075	chr5	90058781	90292319	233539	*
4076	chr5	90292319	90506153	213835	*
4077	chr5	90506153	90729752	223600	*
4078	chr5	90729752	90954620	224869	*
4079	chr5	90954620	91171054	216435	*
4080	chr5	91171054	91395561	224508	*
4081	chr5	91395561	91613157	217597	*
4082	chr5	91613157	91833106	219950	*
4083	chr5	91833106	92040082	206977	*
4084	chr5	92040082	92262163	222082	*
4085	chr5	92262163	92491043	228881	*
4086	chr5	92491043	92700426	209384	*
4087	chr5	92700426	92914554	214129	*
4088	chr5	92914554	93120837	206284	*
4089	chr5	93120837	93347402	226566	*
4090	chr5	93347402	93573312	225911	*
4091	chr5	93573312	93794848	221537	*
4092	chr5	93794848	94013164	218317	*
4093	chr5	94013164	94234777	221614	*
4094	chr5	94234777	94452353	217577	*
4095	chr5	94452353	94671148	218796	*
4096	chr5	94671148	94882120	210973	*
4097	chr5	94882120	95092617	210498	*
4098	chr5	95092617	95316131	223515	*
4099	chr5	95316131	95531715	215585	*
4100	chr5	95531715	95747229	215515	*
4101	chr5	95747229	95961878	214650	*
4102	chr5	95961878	96178561	216684	*
4103	chr5	96178561	96398964	220404	*
4104	chr5	96398964	96618774	219811	*
4105	chr5	96618774	96830340	211567	*
4106	chr5	96830340	97042684	212345	*
4107	chr5	97042684	97264137	221454	*
4108	chr5	97264137	97493457	229321	*
4109	chr5	97493457	97727345	233889	*
4110	chr5	97727345	97956212	228868	*
4111	chr5	97956212	98188634	232423	*
4112	chr5	98188634	98412112	223479	*
4113	chr5	98412112	98632569	220458	*
4114	chr5	98632569	98856441	223873	*
4115	chr5	98856441	99077038	220598	*
4116	chr5	99077038	99294318	217281	*
4117	chr5	99294318	99611746	317429	*
4118	chr5	99611746	99834342	222597	*
4119	chr5	99834342	100055603	221262	*
4120	chr5	100055603	100306959	251357	*
4121	chr5	100306959	100589190	282232	*
4122	chr5	100589190	100809043	219854	*
4123	chr5	100809043	101032978	223936	*
4124	chr5	101032978	101262761	229784	*
4125	chr5	101262761	101480088	217328	*
4126	chr5	101480088	101702655	222568	*
4127	chr5	101702655	101922332	219678	*
4128	chr5	101922332	102148054	225723	*
4129	chr5	102148054	102382071	234018	*
4130	chr5	102382071	102601277	219207	*
4131	chr5	102601277	102822635	221359	*
4132	chr5	102822635	103029738	207104	*
4133	chr5	103029738	103250079	220342	*
4134	chr5	103250079	103460129	210051	*
4135	chr5	103460129	103667400	207272	*
4136	chr5	103667400	103883405	216006	*
4137	chr5	103883405	104110708	227304	*
4138	chr5	104110708	104319036	208329	*
4139	chr5	104319036	104542722	223687	*
4140	chr5	104542722	104756238	213517	*
4141	chr5	104756238	104969772	213535	*
4142	chr5	104969772	105187915	218144	*
4143	chr5	105187915	105400318	212404	*
4144	chr5	105400318	105619223	218906	*
4145	chr5	105619223	105828198	208976	*
4146	chr5	105828198	106040711	212514	*
4147	chr5	106040711	106251792	211082	*
4148	chr5	106251792	106465847	214056	*
4149	chr5	106465847	106684568	218722	*
4150	chr5	106684568	106918849	234282	*
4151	chr5	106918849	107130534	211686	*
4152	chr5	107130534	107339726	209193	*
4153	chr5	107339726	107548385	208660	*
4154	chr5	107548385	107755696	207312	*
4155	chr5	107755696	107958927	203232	*
4156	chr5	107958927	108169850	210924	*
4157	chr5	108169850	108381492	211643	*
4158	chr5	108381492	108619172	237681	*
4159	chr5	108619172	108832619	213448	*
4160	chr5	108832619	109055725	223107	*
4161	chr5	109055725	109274767	219043	*
4162	chr5	109274767	109503477	228711	*
4163	chr5	109503477	109721550	218074	*
4164	chr5	109721550	109932334	210785	*
4165	chr5	109932334	110146254	213921	*
4166	chr5	110146254	110368303	222050	*
4167	chr5	110368303	110579473	211171	*
4168	chr5	110579473	110810352	230880	*
4169	chr5	110810352	111045288	234937	*
4170	chr5	111045288	111261325	216038	*
4171	chr5	111261325	111483940	222616	*
4172	chr5	111483940	111704514	220575	*
4173	chr5	111704514	111922298	217785	*
4174	chr5	111922298	112144151	221854	*
4175	chr5	112144151	112354285	210135	*
4176	chr5	112354285	112594739	240455	*
4177	chr5	112594739	112810145	215407	*
4178	chr5	112810145	113030234	220090	*
4179	chr5	113030234	113241851	211618	*
4180	chr5	113241851	113460755	218905	*
4181	chr5	113460755	113685305	224551	*
4182	chr5	113685305	113904458	219154	*
4183	chr5	113904458	114124644	220187	*
4184	chr5	114124644	114351422	226779	*
4185	chr5	114351422	114569842	218421	*
4186	chr5	114569842	114792688	222847	*
4187	chr5	114792688	115033731	241044	*
4188	chr5	115033731	115261839	228109	*
4189	chr5	115261839	115480608	218770	*
4190	chr5	115480608	115695495	214888	*
4191	chr5	115695495	115911973	216479	*
4192	chr5	115911973	116132365	220393	*
4193	chr5	116132365	116355912	223548	*
4194	chr5	116355912	116560266	204355	*
4195	chr5	116560266	116775873	215608	*
4196	chr5	116775873	116994196	218324	*
4197	chr5	116994196	117212301	218106	*
4198	chr5	117212301	117425363	213063	*
4199	chr5	117425363	117642693	217331	*
4200	chr5	117642693	117858459	215767	*
4201	chr5	117858459	118072246	213788	*
4202	chr5	118072246	118284643	212398	*
4203	chr5	118284643	118508198	223556	*
4204	chr5	118508198	118724289	216092	*
4205	chr5	118724289	118939482	215194	*
4206	chr5	118939482	119175444	235963	*
4207	chr5	119175444	119391367	215924	*
4208	chr5	119391367	119620832	229466	*
4209	chr5	119620832	119852426	231595	*
4210	chr5	119852426	120067371	214946	*
4211	chr5	120067371	120293830	226460	*
4212	chr5	120293830	120518104	224275	*
4213	chr5	120518104	120737427	219324	*
4214	chr5	120737427	120949202	211776	*
4215	chr5	120949202	121169044	219843	*
4216	chr5	121169044	121385623	216580	*
4217	chr5	121385623	121607469	221847	*
4218	chr5	121607469	121831695	224227	*
4219	chr5	121831695	122053298	221604	*
4220	chr5	122053298	122273903	220606	*
4221	chr5	122273903	122490902	217000	*
4222	chr5	122490902	122724395	233494	*
4223	chr5	122724395	122947394	223000	*
4224	chr5	122947394	123156387	208994	*
4225	chr5	123156387	123381503	225117	*
4226	chr5	123381503	123592876	211374	*
4227	chr5	123592876	123807928	215053	*
4228	chr5	123807928	124024600	216673	*
4229	chr5	124024600	124236663	212064	*
4230	chr5	124236663	124457580	220918	*
4231	chr5	124457580	124676654	219075	*
4232	chr5	124676654	124892557	215904	*
4233	chr5	124892557	125109318	216762	*
4234	chr5	125109318	125320146	210829	*
4235	chr5	125320146	125536099	215954	*
4236	chr5	125536099	125758551	222453	*
4237	chr5	125758551	125973695	215145	*
4238	chr5	125973695	126197319	223625	*
4239	chr5	126197319	126421038	223720	*
4240	chr5	126421038	126651284	230247	*
4241	chr5	126651284	126908204	256921	*
4242	chr5	126908204	127131460	223257	*
4243	chr5	127131460	127356828	225369	*
4244	chr5	127356828	127570019	213192	*
4245	chr5	127570019	127795234	225216	*
4246	chr5	127795234	128009780	214547	*
4247	chr5	128009780	128225254	215475	*
4248	chr5	128225254	128442582	217329	*
4249	chr5	128442582	128662125	219544	*
4250	chr5	128662125	128876321	214197	*
4251	chr5	128876321	129101834	225514	*
4252	chr5	129101834	129334637	232804	*
4253	chr5	129334637	129545037	210401	*
4254	chr5	129545037	129764110	219074	*
4255	chr5	129764110	129986024	221915	*
4256	chr5	129986024	130199371	213348	*
4257	chr5	130199371	130418960	219590	*
4258	chr5	130418960	130654754	235795	*
4259	chr5	130654754	130890628	235875	*
4260	chr5	130890628	131149738	259111	*
4261	chr5	131149738	131389216	239479	*
4262	chr5	131389216	131607593	218378	*
4263	chr5	131607593	131830122	222530	*
4264	chr5	131830122	132057004	226883	*
4265	chr5	132057004	132282589	225586	*
4266	chr5	132282589	132502204	219616	*
4267	chr5	132502204	132729496	227293	*
4268	chr5	132729496	132952196	222701	*
4269	chr5	132952196	133202305	250110	*
4270	chr5	133202305	133409871	207567	*
4271	chr5	133409871	133622304	212434	*
4272	chr5	133622304	133830128	207825	*
4273	chr5	133830128	134053313	223186	*
4274	chr5	134053313	134279096	225784	*
4275	chr5	134279096	134520173	241078	*
4276	chr5	134520173	134761540	241368	*
4277	chr5	134761540	134996668	235129	*
4278	chr5	134996668	135209268	212601	*
4279	chr5	135209268	135414646	205379	*
4280	chr5	135414646	135622052	207407	*
4281	chr5	135622052	135831876	209825	*
4282	chr5	135831876	136040027	208152	*
4283	chr5	136040027	136246121	206095	*
4284	chr5	136246121	136464645	218525	*
4285	chr5	136464645	136686252	221608	*
4286	chr5	136686252	136917725	231474	*
4287	chr5	136917725	137141781	224057	*
4288	chr5	137141781	137346972	205192	*
4289	chr5	137346972	137573565	226594	*
4290	chr5	137573565	137784299	210735	*
4291	chr5	137784299	138014212	229914	*
4292	chr5	138014212	138254327	240116	*
4293	chr5	138254327	138492543	238217	*
4294	chr5	138492543	138727698	235156	*
4295	chr5	138727698	138950924	223227	*
4296	chr5	138950924	139177939	227016	*
4297	chr5	139177939	139413462	235524	*
4298	chr5	139413462	139666689	253228	*
4299	chr5	139666689	139882372	215684	*
4300	chr5	139882372	140094777	212406	*
4301	chr5	140094777	140311534	216758	*
4302	chr5	140311534	140548957	237424	*
4303	chr5	140548957	140783771	234815	*
4304	chr5	140783771	141008447	224677	*
4305	chr5	141008447	141238532	230086	*
4306	chr5	141238532	141460883	222352	*
4307	chr5	141460883	141678153	217271	*
4308	chr5	141678153	141888100	209948	*
4309	chr5	141888100	142118056	229957	*
4310	chr5	142118056	142344634	226579	*
4311	chr5	142344634	142571798	227165	*
4312	chr5	142571798	142786468	214671	*
4313	chr5	142786468	143002256	215789	*
4314	chr5	143002256	143214446	212191	*
4315	chr5	143214446	143426139	211694	*
4316	chr5	143426139	143637986	211848	*
4317	chr5	143637986	143847326	209341	*
4318	chr5	143847326	144071691	224366	*
4319	chr5	144071691	144278881	207191	*
4320	chr5	144278881	144490476	211596	*
4321	chr5	144490476	144732455	241980	*
4322	chr5	144732455	144958621	226167	*
4323	chr5	144958621	145176800	218180	*
4324	chr5	145176800	145397102	220303	*
4325	chr5	145397102	145622175	225074	*
4326	chr5	145622175	145841811	219637	*
4327	chr5	145841811	146065253	223443	*
4328	chr5	146065253	146293288	228036	*
4329	chr5	146293288	146508136	214849	*
4330	chr5	146508136	146725385	217250	*
4331	chr5	146725385	146939257	213873	*
4332	chr5	146939257	147159807	220551	*
4333	chr5	147159807	147379304	219498	*
4334	chr5	147379304	147594216	214913	*
4335	chr5	147594216	147815557	221342	*
4336	chr5	147815557	148040121	224565	*
4337	chr5	148040121	148258854	218734	*
4338	chr5	148258854	148476503	217650	*
4339	chr5	148476503	148698885	222383	*
4340	chr5	148698885	148910030	211146	*
4341	chr5	148910030	149128880	218851	*
4342	chr5	149128880	149335857	206978	*
4343	chr5	149335857	149558198	222342	*
4344	chr5	149558198	149780711	222514	*
4345	chr5	149780711	149999402	218692	*
4346	chr5	149999402	150208725	209324	*
4347	chr5	150208725	150418700	209976	*
4348	chr5	150418700	150639645	220946	*
4349	chr5	150639645	150868792	229148	*
4350	chr5	150868792	151085900	217109	*
4351	chr5	151085900	151302709	216810	*
4352	chr5	151302709	151525793	223085	*
4353	chr5	151525793	151739752	213960	*
4354	chr5	151739752	151957521	217770	*
4355	chr5	151957521	152189332	231812	*
4356	chr5	152189332	152410258	220927	*
4357	chr5	152410258	152628202	217945	*
4358	chr5	152628202	152862491	234290	*
4359	chr5	152862491	153094183	231693	*
4360	chr5	153094183	153321988	227806	*
4361	chr5	153321988	153545733	223746	*
4362	chr5	153545733	153758369	212637	*
4363	chr5	153758369	153971677	213309	*
4364	chr5	153971677	154190004	218328	*
4365	chr5	154190004	154399136	209133	*
4366	chr5	154399136	154619359	220224	*
4367	chr5	154619359	154855511	236153	*
4368	chr5	154855511	155082898	227388	*
4369	chr5	155082898	155312192	229295	*
4370	chr5	155312192	155524274	212083	*
4371	chr5	155524274	155743659	219386	*
4372	chr5	155743659	155954037	210379	*
4373	chr5	155954037	156173683	219647	*
4374	chr5	156173683	156385619	211937	*
4375	chr5	156385619	156599274	213656	*
4376	chr5	156599274	156831312	232039	*
4377	chr5	156831312	157063786	232475	*
4378	chr5	157063786	157287782	223997	*
4379	chr5	157287782	157509659	221878	*
4380	chr5	157509659	157742283	232625	*
4381	chr5	157742283	157974018	231736	*
4382	chr5	157974018	158191338	217321	*
4383	chr5	158191338	158402067	210730	*
4384	chr5	158402067	158620556	218490	*
4385	chr5	158620556	158823288	202733	*
4386	chr5	158823288	159030600	207313	*
4387	chr5	159030600	159247461	216862	*
4388	chr5	159247461	159463199	215739	*
4389	chr5	159463199	159674927	211729	*
4390	chr5	159674927	159893919	218993	*
4391	chr5	159893919	160110190	216272	*
4392	chr5	160110190	160347443	237254	*
4393	chr5	160347443	160560439	212997	*
4394	chr5	160560439	160789181	228743	*
4395	chr5	160789181	161018801	229621	*
4396	chr5	161018801	161235174	216374	*
4397	chr5	161235174	161449309	214136	*
4398	chr5	161449309	161666163	216855	*
4399	chr5	161666163	161876501	210339	*
4400	chr5	161876501	162092920	216420	*
4401	chr5	162092920	162309429	216510	*
4402	chr5	162309429	162528341	218913	*
4403	chr5	162528341	162761345	233005	*
4404	chr5	162761345	162980054	218710	*
4405	chr5	162980054	163209483	229430	*
4406	chr5	163209483	163441856	232374	*
4407	chr5	163441856	163657911	216056	*
4408	chr5	163657911	163876868	218958	*
4409	chr5	163876868	164088611	211744	*
4410	chr5	164088611	164299424	210814	*
4411	chr5	164299424	164510025	210602	*
4412	chr5	164510025	164729657	219633	*
4413	chr5	164729657	164946794	217138	*
4414	chr5	164946794	165161707	214914	*
4415	chr5	165161707	165370387	208681	*
4416	chr5	165370387	165590960	220574	*
4417	chr5	165590960	165804925	213966	*
4418	chr5	165804925	166020535	215611	*
4419	chr5	166020535	166237795	217261	*
4420	chr5	166237795	166450031	212237	*
4421	chr5	166450031	166660554	210524	*
4422	chr5	166660554	166883243	222690	*
4423	chr5	166883243	167103270	220028	*
4424	chr5	167103270	167314580	211311	*
4425	chr5	167314580	167524765	210186	*
4426	chr5	167524765	167729866	205102	*
4427	chr5	167729866	167938537	208672	*
4428	chr5	167938537	168157399	218863	*
4429	chr5	168157399	168375837	218439	*
4430	chr5	168375837	168602271	226435	*
4431	chr5	168602271	168821177	218907	*
4432	chr5	168821177	169029473	208297	*
4433	chr5	169029473	169239134	209662	*
4434	chr5	169239134	169452214	213081	*
4435	chr5	169452214	169674288	222075	*
4436	chr5	169674288	169887857	213570	*
4437	chr5	169887857	170095578	207722	*
4438	chr5	170095578	170309856	214279	*
4439	chr5	170309856	170518499	208644	*
4440	chr5	170518499	170723612	205114	*
4441	chr5	170723612	170953482	229871	*
4442	chr5	170953482	171189577	236096	*
4443	chr5	171189577	171420528	230952	*
4444	chr5	171420528	171634583	214056	*
4445	chr5	171634583	171844504	209922	*
4446	chr5	171844504	172067859	223356	*
4447	chr5	172067859	172302980	235122	*
4448	chr5	172302980	172525301	222322	*
4449	chr5	172525301	172736647	211347	*
4450	chr5	172736647	172954959	218313	*
4451	chr5	172954959	173194882	239924	*
4452	chr5	173194882	173415382	220501	*
4453	chr5	173415382	173624367	208986	*
4454	chr5	173624367	173835509	211143	*
4455	chr5	173835509	174054025	218517	*
4456	chr5	174054025	174265296	211272	*
4457	chr5	174265296	174484773	219478	*
4458	chr5	174484773	174707477	222705	*
4459	chr5	174707477	174930828	223352	*
4460	chr5	174930828	175147085	216258	*
4461	chr5	175147085	175357349	210265	*
4462	chr5	175357349	175580392	223044	*
4463	chr5	175580392	176195325	614934	*
4464	chr5	176195325	176505062	309738	*
4465	chr5	176505062	176722530	217469	*
4466	chr5	176722530	176936717	214188	*
4467	chr5	176936717	177181808	245092	*
4468	chr5	177181808	177406768	224961	*
4469	chr5	177406768	178170456	763689	*
4470	chr5	178170456	178389103	218648	*
4471	chr5	178389103	178608823	219721	*
4472	chr5	178608823	178844265	235443	*
4473	chr5	178844265	179072249	227985	*
4474	chr5	179072249	179289751	217503	*
4475	chr5	179289751	179523817	234067	*
4476	chr5	179523817	179784080	260264	*
4477	chr5	179784080	180010476	226397	*
4478	chr5	180010476	180233337	222862	*
4479	chr5	180233337	180466402	233066	*
4480	chr5	180466402	180696768	230367	*
4481	chr5	180696768	180936789	240022	*
4482	chr5	180936789	181172195	235407	*
4483	chr6	410963	625500	214538	*
4484	chr6	625500	843761	218262	*
4485	chr6	843761	1061041	217281	*
4486	chr6	1061041	1272569	211529	*
4487	chr6	1272569	1492857	220289	*
4488	chr6	1492857	1704151	211295	*
4489	chr6	1704151	1915214	211064	*
4490	chr6	1915214	2130919	215706	*
4491	chr6	2130919	2353418	222500	*
4492	chr6	2353418	2568437	215020	*
4493	chr6	2568437	2781529	213093	*
4494	chr6	2781529	3007008	225480	*
4495	chr6	3007008	3244525	237518	*
4496	chr6	3244525	3454062	209538	*
4497	chr6	3454062	3664937	210876	*
4498	chr6	3664937	3882748	217812	*
4499	chr6	3882748	4103286	220539	*
4500	chr6	4103286	4335868	232583	*
4501	chr6	4335868	4549308	213441	*
4502	chr6	4549308	4770841	221534	*
4503	chr6	4770841	4987310	216470	*
4504	chr6	4987310	5203973	216664	*
4505	chr6	5203973	5415496	211524	*
4506	chr6	5415496	5628049	212554	*
4507	chr6	5628049	5854807	226759	*
4508	chr6	5854807	6083178	228372	*
4509	chr6	6083178	6316624	233447	*
4510	chr6	6316624	6528817	212194	*
4511	chr6	6528817	6741436	212620	*
4512	chr6	6741436	6960084	218649	*
4513	chr6	6960084	7186192	226109	*
4514	chr6	7186192	7410950	224759	*
4515	chr6	7410950	7631042	220093	*
4516	chr6	7631042	7841706	210665	*
4517	chr6	7841706	8068565	226860	*
4518	chr6	8068565	8288682	220118	*
4519	chr6	8288682	8506599	217918	*
4520	chr6	8506599	8724862	218264	*
4521	chr6	8724862	8942089	217228	*
4522	chr6	8942089	9155896	213808	*
4523	chr6	9155896	9370746	214851	*
4524	chr6	9370746	9585837	215092	*
4525	chr6	9585837	9804122	218286	*
4526	chr6	9804122	10033152	229031	*
4527	chr6	10033152	10247345	214194	*
4528	chr6	10247345	10468096	220752	*
4529	chr6	10468096	10695006	226911	*
4530	chr6	10695006	10934522	239517	*
4531	chr6	10934522	11159754	225233	*
4532	chr6	11159754	11374625	214872	*
4533	chr6	11374625	11593197	218573	*
4534	chr6	11593197	11804178	210982	*
4535	chr6	11804178	12021369	217192	*
4536	chr6	12021369	12236609	215241	*
4537	chr6	12236609	12446918	210310	*
4538	chr6	12446918	12673951	227034	*
4539	chr6	12673951	12883663	209713	*
4540	chr6	12883663	13096542	212880	*
4541	chr6	13096542	13309950	213409	*
4542	chr6	13309950	13528316	218367	*
4543	chr6	13528316	13745125	216810	*
4544	chr6	13745125	13971624	226500	*
4545	chr6	13971624	14187265	215642	*
4546	chr6	14187265	14398847	211583	*
4547	chr6	14398847	14613408	214562	*
4548	chr6	14613408	14822617	209210	*
4549	chr6	14822617	15053822	231206	*
4550	chr6	15053822	15299623	245802	*
4551	chr6	15299623	15509327	209705	*
4552	chr6	15509327	15723595	214269	*
4553	chr6	15723595	15942658	219064	*
4554	chr6	15942658	16161104	218447	*
4555	chr6	16161104	16385896	224793	*
4556	chr6	16385896	16602409	216514	*
4557	chr6	16602409	16819170	216762	*
4558	chr6	16819170	17036774	217605	*
4559	chr6	17036774	17265142	228369	*
4560	chr6	17265142	17496152	231011	*
4561	chr6	17496152	17728608	232457	*
4562	chr6	17728608	17955305	226698	*
4563	chr6	17955305	18185945	230641	*
4564	chr6	18185945	18418442	232498	*
4565	chr6	18418442	18632298	213857	*
4566	chr6	18632298	18845625	213328	*
4567	chr6	18845625	19059514	213890	*
4568	chr6	19059514	19289673	230160	*
4569	chr6	19289673	19514167	224495	*
4570	chr6	19514167	19737523	223357	*
4571	chr6	19737523	19960823	223301	*
4572	chr6	19960823	20176380	215558	*
4573	chr6	20176380	20399163	222784	*
4574	chr6	20399163	20627628	228466	*
4575	chr6	20627628	20840999	213372	*
4576	chr6	20840999	21056673	215675	*
4577	chr6	21056673	21270196	213524	*
4578	chr6	21270196	21498091	227896	*
4579	chr6	21498091	21734760	236670	*
4580	chr6	21734760	21967813	233054	*
4581	chr6	21967813	22189600	221788	*
4582	chr6	22189600	22405260	215661	*
4583	chr6	22405260	22618083	212824	*
4584	chr6	22618083	22826036	207954	*
4585	chr6	22826036	23042679	216644	*
4586	chr6	23042679	23270813	228135	*
4587	chr6	23270813	23487026	216214	*
4588	chr6	23487026	23695240	208215	*
4589	chr6	23695240	23923300	228061	*
4590	chr6	23923300	24145048	221749	*
4591	chr6	24145048	24358320	213273	*
4592	chr6	24358320	24587880	229561	*
4593	chr6	24587880	24824307	236428	*
4594	chr6	24824307	25039670	215364	*
4595	chr6	25039670	25264135	224466	*
4596	chr6	25264135	25476724	212590	*
4597	chr6	25476724	25684250	207527	*
4598	chr6	25684250	25892569	208320	*
4599	chr6	25892569	26110506	217938	*
4600	chr6	26110506	26329011	218506	*
4601	chr6	26329011	27041037	712027	*
4602	chr6	27041037	27265897	224861	*
4603	chr6	27265897	27482179	216283	*
4604	chr6	27482179	27713359	231181	*
4605	chr6	27713359	27940340	226982	*
4606	chr6	27940340	28162166	221827	*
4607	chr6	28162166	28375272	213107	*
4608	chr6	28375272	33515738	5140467	*
4609	chr6	33515738	33745279	229542	*
4610	chr6	33745279	33954195	208917	*
4611	chr6	33954195	34160619	206425	*
4612	chr6	34160619	34405259	244641	*
4613	chr6	34405259	34629810	224552	*
4614	chr6	34629810	34871990	242181	*
4615	chr6	34871990	35089548	217559	*
4616	chr6	35089548	35307744	218197	*
4617	chr6	35307744	35545887	238144	*
4618	chr6	35545887	35778242	232356	*
4619	chr6	35778242	36014410	236169	*
4620	chr6	36014410	36231121	216712	*
4621	chr6	36231121	36452114	220994	*
4622	chr6	36452114	36686084	233971	*
4623	chr6	36686084	36902931	216848	*
4624	chr6	36902931	37129955	227025	*
4625	chr6	37129955	37362063	232109	*
4626	chr6	37362063	37580657	218595	*
4627	chr6	37580657	37796194	215538	*
4628	chr6	37796194	38013317	217124	*
4629	chr6	38013317	38224346	211030	*
4630	chr6	38224346	38449689	225344	*
4631	chr6	38449689	38666833	217145	*
4632	chr6	38666833	38884597	217765	*
4633	chr6	38884597	39093891	209295	*
4634	chr6	39093891	39311998	218108	*
4635	chr6	39311998	39529849	217852	*
4636	chr6	39529849	39750237	220389	*
4637	chr6	39750237	39959856	209620	*
4638	chr6	39959856	40169526	209671	*
4639	chr6	40169526	40376670	207145	*
4640	chr6	40376670	40582453	205784	*
4641	chr6	40582453	40786012	203560	*
4642	chr6	40786012	40998490	212479	*
4643	chr6	40998490	41211792	213303	*
4644	chr6	41211792	41426453	214662	*
4645	chr6	41426453	41640276	213824	*
4646	chr6	41640276	41863459	223184	*
4647	chr6	41863459	42103811	240353	*
4648	chr6	42103811	42331704	227894	*
4649	chr6	42331704	42551020	219317	*
4650	chr6	42551020	42782594	231575	*
4651	chr6	42782594	43035363	252770	*
4652	chr6	43035363	43263553	228191	*
4653	chr6	43263553	43491136	227584	*
4654	chr6	43491136	43723797	232662	*
4655	chr6	43723797	43930402	206606	*
4656	chr6	43930402	44139157	208756	*
4657	chr6	44139157	44360346	221190	*
4658	chr6	44360346	44572753	212408	*
4659	chr6	44572753	44801258	228506	*
4660	chr6	44801258	45036231	234974	*
4661	chr6	45036231	45262713	226483	*
4662	chr6	45262713	45482125	219413	*
4663	chr6	45482125	45694258	212134	*
4664	chr6	45694258	45903535	209278	*
4665	chr6	45903535	46115563	212029	*
4666	chr6	46115563	46336854	221292	*
4667	chr6	46336854	46548809	211956	*
4668	chr6	46548809	46756538	207730	*
4669	chr6	46756538	46975341	218804	*
4670	chr6	46975341	47195637	220297	*
4671	chr6	47195637	47421155	225519	*
4672	chr6	47421155	47647189	226035	*
4673	chr6	47647189	47853328	206140	*
4674	chr6	47853328	48063101	209774	*
4675	chr6	48063101	48277609	214509	*
4676	chr6	48277609	48498710	221102	*
4677	chr6	48498710	48712610	213901	*
4678	chr6	48712610	48931932	219323	*
4679	chr6	48931932	49154591	222660	*
4680	chr6	49154591	49370262	215672	*
4681	chr6	49370262	49595966	225705	*
4682	chr6	49595966	49821895	225930	*
4683	chr6	49821895	50032454	210560	*
4684	chr6	50032454	50245295	212842	*
4685	chr6	50245295	50459654	214360	*
4686	chr6	50459654	50683189	223536	*
4687	chr6	50683189	50891136	207948	*
4688	chr6	50891136	51118718	227583	*
4689	chr6	51118718	51437723	319006	*
4690	chr6	51437723	51647008	209286	*
4691	chr6	51647008	51863114	216107	*
4692	chr6	51863114	52087451	224338	*
4693	chr6	52087451	52307674	220224	*
4694	chr6	52307674	52531443	223770	*
4695	chr6	52531443	52748232	216790	*
4696	chr6	52748232	53012773	264542	*
4697	chr6	53012773	53234558	221786	*
4698	chr6	53234558	53459122	224565	*
4699	chr6	53459122	53678908	219787	*
4700	chr6	53678908	53894020	215113	*
4701	chr6	53894020	54102213	208194	*
4702	chr6	54102213	54314545	212333	*
4703	chr6	54314545	54537542	222998	*
4704	chr6	54537542	54753533	215992	*
4705	chr6	54753533	54976053	222521	*
4706	chr6	54976053	55201724	225672	*
4707	chr6	55201724	55425677	223954	*
4708	chr6	55425677	55637188	211512	*
4709	chr6	55637188	55856910	219723	*
4710	chr6	55856910	56068207	211298	*
4711	chr6	56068207	56284858	216652	*
4712	chr6	56284858	56496405	211548	*
4713	chr6	56496405	56710455	214051	*
4714	chr6	56710455	56937293	226839	*
4715	chr6	56937293	57157060	219768	*
4716	chr6	57157060	57390810	233751	*
4717	chr6	57390810	57619647	228838	*
4718	chr6	57619647	61139562	3519916	*
4719	chr6	61139562	61687021	547460	*
4720	chr6	61687021	61905685	218665	*
4721	chr6	61905685	62123075	217391	*
4722	chr6	62123075	62338620	215546	*
4723	chr6	62338620	62562104	223485	*
4724	chr6	62562104	62776567	214464	*
4725	chr6	62776567	62996428	219862	*
4726	chr6	62996428	63236353	239926	*
4727	chr6	63236353	63471898	235546	*
4728	chr6	63471898	63695310	223413	*
4729	chr6	63695310	63928357	233048	*
4730	chr6	63928357	64153310	224954	*
4731	chr6	64153310	64376555	223246	*
4732	chr6	64376555	64601974	225420	*
4733	chr6	64601974	64820578	218605	*
4734	chr6	64820578	65034168	213591	*
4735	chr6	65034168	65242311	208144	*
4736	chr6	65242311	65472662	230352	*
4737	chr6	65472662	65696480	223819	*
4738	chr6	65696480	65913179	216700	*
4739	chr6	65913179	66127768	214590	*
4740	chr6	66127768	66342761	214994	*
4741	chr6	66342761	66560841	218081	*
4742	chr6	66560841	66784515	223675	*
4743	chr6	66784515	67001234	216720	*
4744	chr6	67001234	67217885	216652	*
4745	chr6	67217885	67432816	214932	*
4746	chr6	67432816	67651350	218535	*
4747	chr6	67651350	67865745	214396	*
4748	chr6	67865745	68087713	221969	*
4749	chr6	68087713	68309346	221634	*
4750	chr6	68309346	68524985	215640	*
4751	chr6	68524985	68739106	214122	*
4752	chr6	68739106	68958229	219124	*
4753	chr6	68958229	69167444	209216	*
4754	chr6	69167444	69378156	210713	*
4755	chr6	69378156	69617900	239745	*
4756	chr6	69617900	69829164	211265	*
4757	chr6	69829164	70048908	219745	*
4758	chr6	70048908	70259748	210841	*
4759	chr6	70259748	70485539	225792	*
4760	chr6	70485539	70712839	227301	*
4761	chr6	70712839	70956912	244074	*
4762	chr6	70956912	71181509	224598	*
4763	chr6	71181509	71402170	220662	*
4764	chr6	71402170	71612664	210495	*
4765	chr6	71612664	71835338	222675	*
4766	chr6	71835338	72047179	211842	*
4767	chr6	72047179	72268026	220848	*
4768	chr6	72268026	72485498	217473	*
4769	chr6	72485498	72704362	218865	*
4770	chr6	72704362	72918397	214036	*
4771	chr6	72918397	73143571	225175	*
4772	chr6	73143571	73384227	240657	*
4773	chr6	73384227	73639641	255415	*
4774	chr6	73639641	73873253	233613	*
4775	chr6	73873253	74118207	244955	*
4776	chr6	74118207	74349125	230919	*
4777	chr6	74349125	74586997	237873	*
4778	chr6	74586997	74811688	224692	*
4779	chr6	74811688	75047717	236030	*
4780	chr6	75047717	75256263	208547	*
4781	chr6	75256263	75474220	217958	*
4782	chr6	75474220	75697832	223613	*
4783	chr6	75697832	75924053	226222	*
4784	chr6	75924053	76157863	233811	*
4785	chr6	76157863	76389846	231984	*
4786	chr6	76389846	76608050	218205	*
4787	chr6	76608050	76833356	225307	*
4788	chr6	76833356	77064211	230856	*
4789	chr6	77064211	77286772	222562	*
4790	chr6	77286772	77496105	209334	*
4791	chr6	77496105	77736855	240751	*
4792	chr6	77736855	77977432	240578	*
4793	chr6	77977432	78198721	221290	*
4794	chr6	78198721	78414382	215662	*
4795	chr6	78414382	78632964	218583	*
4796	chr6	78632964	78883596	250633	*
4797	chr6	78883596	79101356	217761	*
4798	chr6	79101356	79326522	225167	*
4799	chr6	79326522	79548687	222166	*
4800	chr6	79548687	79769499	220813	*
4801	chr6	79769499	79981847	212349	*
4802	chr6	79981847	80204690	222844	*
4803	chr6	80204690	80424168	219479	*
4804	chr6	80424168	80661078	236911	*
4805	chr6	80661078	80896576	235499	*
4806	chr6	80896576	81121557	224982	*
4807	chr6	81121557	81346556	225000	*
4808	chr6	81346556	81578251	231696	*
4809	chr6	81578251	81794003	215753	*
4810	chr6	81794003	82014617	220615	*
4811	chr6	82014617	82242542	227926	*
4812	chr6	82242542	82475896	233355	*
4813	chr6	82475896	82711493	235598	*
4814	chr6	82711493	82938918	227426	*
4815	chr6	82938918	83152903	213986	*
4816	chr6	83152903	83385788	232886	*
4817	chr6	83385788	83619065	233278	*
4818	chr6	83619065	83840934	221870	*
4819	chr6	83840934	84061850	220917	*
4820	chr6	84061850	84291659	229810	*
4821	chr6	84291659	84510094	218436	*
4822	chr6	84510094	84742784	232691	*
4823	chr6	84742784	84967662	224879	*
4824	chr6	84967662	85186518	218857	*
4825	chr6	85186518	85426172	239655	*
4826	chr6	85426172	85646619	220448	*
4827	chr6	85646619	85913095	266477	*
4828	chr6	85913095	86165212	252118	*
4829	chr6	86165212	86399342	234131	*
4830	chr6	86399342	86628925	229584	*
4831	chr6	86628925	86885675	256751	*
4832	chr6	86885675	87114447	228773	*
4833	chr6	87114447	87342444	227998	*
4834	chr6	87342444	87564909	222466	*
4835	chr6	87564909	87800003	235095	*
4836	chr6	87800003	88013274	213272	*
4837	chr6	88013274	88223235	209962	*
4838	chr6	88223235	88464476	241242	*
4839	chr6	88464476	88682082	217607	*
4840	chr6	88682082	88899433	217352	*
4841	chr6	88899433	89132929	233497	*
4842	chr6	89132929	89359212	226284	*
4843	chr6	89359212	89577630	218419	*
4844	chr6	89577630	89797374	219745	*
4845	chr6	89797374	90024321	226948	*
4846	chr6	90024321	90243700	219380	*
4847	chr6	90243700	90451545	207846	*
4848	chr6	90451545	90666634	215090	*
4849	chr6	90666634	90878446	211813	*
4850	chr6	90878446	91090517	212072	*
4851	chr6	91090517	91303006	212490	*
4852	chr6	91303006	91518779	215774	*
4853	chr6	91518779	91729324	210546	*
4854	chr6	91729324	91943043	213720	*
4855	chr6	91943043	92158337	215295	*
4856	chr6	92158337	92367536	209200	*
4857	chr6	92367536	92576897	209362	*
4858	chr6	92576897	92797479	220583	*
4859	chr6	92797479	93020157	222679	*
4860	chr6	93020157	93234635	214479	*
4861	chr6	93234635	93440094	205460	*
4862	chr6	93440094	93656717	216624	*
4863	chr6	93656717	93875225	218509	*
4864	chr6	93875225	94081010	205786	*
4865	chr6	94081010	94294094	213085	*
4866	chr6	94294094	94501793	207700	*
4867	chr6	94501793	94715392	213600	*
4868	chr6	94715392	95587218	871827	*
4869	chr6	95587218	95806947	219730	*
4870	chr6	95806947	96026350	219404	*
4871	chr6	96026350	96239401	213052	*
4872	chr6	96239401	96456966	217566	*
4873	chr6	96456966	96676922	219957	*
4874	chr6	96676922	96891326	214405	*
4875	chr6	96891326	97103950	212625	*
4876	chr6	97103950	97316489	212540	*
4877	chr6	97316489	97534268	217780	*
4878	chr6	97534268	97745277	211010	*
4879	chr6	97745277	97964096	218820	*
4880	chr6	97964096	98185115	221020	*
4881	chr6	98185115	98398227	213113	*
4882	chr6	98398227	98617022	218796	*
4883	chr6	98617022	98828112	211091	*
4884	chr6	98828112	99045213	217102	*
4885	chr6	99045213	99263317	218105	*
4886	chr6	99263317	99488527	225211	*
4887	chr6	99488527	99719199	230673	*
4888	chr6	99719199	99945356	226158	*
4889	chr6	99945356	100169305	223950	*
4890	chr6	100169305	100386528	217224	*
4891	chr6	100386528	100599997	213470	*
4892	chr6	100599997	100809361	209365	*
4893	chr6	100809361	101034775	225415	*
4894	chr6	101034775	101268268	233494	*
4895	chr6	101268268	101474497	206230	*
4896	chr6	101474497	101683871	209375	*
4897	chr6	101683871	101898432	214562	*
4898	chr6	101898432	102112474	214043	*
4899	chr6	102112474	102337947	225474	*
4900	chr6	102337947	102546952	209006	*
4901	chr6	102546952	102767180	220229	*
4902	chr6	102767180	102985422	218243	*
4903	chr6	102985422	103198218	212797	*
4904	chr6	103198218	103416563	218346	*
4905	chr6	103416563	103642283	225721	*
4906	chr6	103642283	103865100	222818	*
4907	chr6	103865100	104078722	213623	*
4908	chr6	104078722	104298182	219461	*
4909	chr6	104298182	104522433	224252	*
4910	chr6	104522433	104736284	213852	*
4911	chr6	104736284	104972668	236385	*
4912	chr6	104972668	105194636	221969	*
4913	chr6	105194636	105428448	233813	*
4914	chr6	105428448	105639399	210952	*
4915	chr6	105639399	105861706	222308	*
4916	chr6	105861706	106076266	214561	*
4917	chr6	106076266	106292212	215947	*
4918	chr6	106292212	106510897	218686	*
4919	chr6	106510897	106736004	225108	*
4920	chr6	106736004	107099111	363108	*
4921	chr6	107099111	107338936	239826	*
4922	chr6	107338936	107560071	221136	*
4923	chr6	107560071	107768592	208522	*
4924	chr6	107768592	108003739	235148	*
4925	chr6	108003739	108227068	223330	*
4926	chr6	108227068	108462239	235172	*
4927	chr6	108462239	108679777	217539	*
4928	chr6	108679777	108901760	221984	*
4929	chr6	108901760	109122241	220482	*
4930	chr6	109122241	109349907	227667	*
4931	chr6	109349907	109576097	226191	*
4932	chr6	109576097	109817342	241246	*
4933	chr6	109817342	110039341	222000	*
4934	chr6	110039341	110266852	227512	*
4935	chr6	110266852	110481843	214992	*
4936	chr6	110481843	110708515	226673	*
4937	chr6	110708515	110955499	246985	*
4938	chr6	110955499	111189540	234042	*
4939	chr6	111189540	111416584	227045	*
4940	chr6	111416584	111635727	219144	*
4941	chr6	111635727	111848012	212286	*
4942	chr6	111848012	112065526	217515	*
4943	chr6	112065526	112274275	208750	*
4944	chr6	112274275	112487658	213384	*
4945	chr6	112487658	112719151	231494	*
4946	chr6	112719151	112939669	220519	*
4947	chr6	112939669	113151364	211696	*
4948	chr6	113151364	113369651	218288	*
4949	chr6	113369651	113587470	217820	*
4950	chr6	113587470	113809291	221822	*
4951	chr6	113809291	114027924	218634	*
4952	chr6	114027924	114237308	209385	*
4953	chr6	114237308	114450795	213488	*
4954	chr6	114450795	114669287	218493	*
4955	chr6	114669287	114888810	219524	*
4956	chr6	114888810	115132554	243745	*
4957	chr6	115132554	115367561	235008	*
4958	chr6	115367561	115587755	220195	*
4959	chr6	115587755	115803823	216069	*
4960	chr6	115803823	116029164	225342	*
4961	chr6	116029164	116241353	212190	*
4962	chr6	116241353	116460178	218826	*
4963	chr6	116460178	116681785	221608	*
4964	chr6	116681785	116907835	226051	*
4965	chr6	116907835	117136592	228758	*
4966	chr6	117136592	117360743	224152	*
4967	chr6	117360743	117573268	212526	*
4968	chr6	117573268	117814889	241622	*
4969	chr6	117814889	118036809	221921	*
4970	chr6	118036809	118248988	212180	*
4971	chr6	118248988	118472421	223434	*
4972	chr6	118472421	118687376	214956	*
4973	chr6	118687376	118912751	225376	*
4974	chr6	118912751	119130320	217570	*
4975	chr6	119130320	119341123	210804	*
4976	chr6	119341123	119562347	221225	*
4977	chr6	119562347	119774502	212156	*
4978	chr6	119774502	119982204	207703	*
4979	chr6	119982204	120196384	214181	*
4980	chr6	120196384	120416381	219998	*
4981	chr6	120416381	120645636	229256	*
4982	chr6	120645636	120880974	235339	*
4983	chr6	120880974	121101460	220487	*
4984	chr6	121101460	121336985	235526	*
4985	chr6	121336985	121563703	226719	*
4986	chr6	121563703	121791319	227617	*
4987	chr6	121791319	122008753	217435	*
4988	chr6	122008753	122217883	209131	*
4989	chr6	122217883	122432369	214487	*
4990	chr6	122432369	122655615	223247	*
4991	chr6	122655615	122877146	221532	*
4992	chr6	122877146	123098007	220862	*
4993	chr6	123098007	123316339	218333	*
4994	chr6	123316339	123531708	215370	*
4995	chr6	123531708	123745330	213623	*
4996	chr6	123745330	123952498	207169	*
4997	chr6	123952498	124160542	208045	*
4998	chr6	124160542	124381856	221315	*
4999	chr6	124381856	124593085	211230	*
5000	chr6	124593085	124814461	221377	*
5001	chr6	124814461	125036117	221657	*
5002	chr6	125036117	125246752	210636	*
5003	chr6	125246752	125470024	223273	*
5004	chr6	125470024	125682019	211996	*
5005	chr6	125682019	125900409	218391	*
5006	chr6	125900409	126112657	212249	*
5007	chr6	126112657	126336052	223396	*
5008	chr6	126336052	126551113	215062	*
5009	chr6	126551113	126780915	229803	*
5010	chr6	126780915	126999283	218369	*
5011	chr6	126999283	127211652	212370	*
5012	chr6	127211652	127442976	231325	*
5013	chr6	127442976	127657979	215004	*
5014	chr6	127657979	127876114	218136	*
5015	chr6	127876114	128085616	209503	*
5016	chr6	128085616	128293411	207796	*
5017	chr6	128293411	128505563	212153	*
5018	chr6	128505563	128717383	211821	*
5019	chr6	128717383	128943846	226464	*
5020	chr6	128943846	129161122	217277	*
5021	chr6	129161122	129378520	217399	*
5022	chr6	129378520	129592155	213636	*
5023	chr6	129592155	129802336	210182	*
5024	chr6	129802336	130020270	217935	*
5025	chr6	130020270	130238504	218235	*
5026	chr6	130238504	130458387	219884	*
5027	chr6	130458387	130681011	222625	*
5028	chr6	130681011	130897424	216414	*
5029	chr6	130897424	131117446	220023	*
5030	chr6	131117446	131349327	231882	*
5031	chr6	131349327	131577100	227774	*
5032	chr6	131577100	131803195	226096	*
5033	chr6	131803195	132022047	218853	*
5034	chr6	132022047	132234323	212277	*
5035	chr6	132234323	132448542	214220	*
5036	chr6	132448542	132661747	213206	*
5037	chr6	132661747	132881047	219301	*
5038	chr6	132881047	133099066	218020	*
5039	chr6	133099066	133318343	219278	*
5040	chr6	133318343	133531315	212973	*
5041	chr6	133531315	133753244	221930	*
5042	chr6	133753244	133968856	215613	*
5043	chr6	133968856	134188025	219170	*
5044	chr6	134188025	134416848	228824	*
5045	chr6	134416848	134635369	218522	*
5046	chr6	134635369	134859335	223967	*
5047	chr6	134859335	135077313	217979	*
5048	chr6	135077313	135295591	218279	*
5049	chr6	135295591	135510021	214431	*
5050	chr6	135510021	135729163	219143	*
5051	chr6	135729163	135944321	215159	*
5052	chr6	135944321	136168463	224143	*
5053	chr6	136168463	136386524	218062	*
5054	chr6	136386524	136602500	215977	*
5055	chr6	136602500	136820002	217503	*
5056	chr6	136820002	137040115	220114	*
5057	chr6	137040115	137260666	220552	*
5058	chr6	137260666	137469249	208584	*
5059	chr6	137469249	137682433	213185	*
5060	chr6	137682433	137902095	219663	*
5061	chr6	137902095	138124095	222001	*
5062	chr6	138124095	138339622	215528	*
5063	chr6	138339622	138559569	219948	*
5064	chr6	138559569	138787505	227937	*
5065	chr6	138787505	139007532	220028	*
5066	chr6	139007532	139240800	233269	*
5067	chr6	139240800	139462474	221675	*
5068	chr6	139462474	139686756	224283	*
5069	chr6	139686756	139900394	213639	*
5070	chr6	139900394	140108737	208344	*
5071	chr6	140108737	140331750	223014	*
5072	chr6	140331750	140541781	210032	*
5073	chr6	140541781	140761179	219399	*
5074	chr6	140761179	140975260	214082	*
5075	chr6	140975260	141190732	215473	*
5076	chr6	141190732	141402303	211572	*
5077	chr6	141402303	141623826	221524	*
5078	chr6	141623826	141843440	219615	*
5079	chr6	141843440	142074791	231352	*
5080	chr6	142074791	142293908	219118	*
5081	chr6	142293908	142504191	210284	*
5082	chr6	142504191	142720750	216560	*
5083	chr6	142720750	142926374	205625	*
5084	chr6	142926374	143152155	225782	*
5085	chr6	143152155	143367978	215824	*
5086	chr6	143367978	143576976	208999	*
5087	chr6	143576976	143794810	217835	*
5088	chr6	143794810	144018363	223554	*
5089	chr6	144018363	144242299	223937	*
5090	chr6	144242299	144460790	218492	*
5091	chr6	144460790	144679028	218239	*
5092	chr6	144679028	144890669	211642	*
5093	chr6	144890669	145112243	221575	*
5094	chr6	145112243	145329787	217545	*
5095	chr6	145329787	145544261	214475	*
5096	chr6	145544261	145771472	227212	*
5097	chr6	145771472	145987572	216101	*
5098	chr6	145987572	146201977	214406	*
5099	chr6	146201977	146414879	212903	*
5100	chr6	146414879	146636800	221922	*
5101	chr6	146636800	146851899	215100	*
5102	chr6	146851899	147062358	210460	*
5103	chr6	147062358	147271698	209341	*
5104	chr6	147271698	147487117	215420	*
5105	chr6	147487117	147698859	211743	*
5106	chr6	147698859	147915200	216342	*
5107	chr6	147915200	148134139	218940	*
5108	chr6	148134139	148363665	229527	*
5109	chr6	148363665	148583156	219492	*
5110	chr6	148583156	148806932	223777	*
5111	chr6	148806932	149025657	218726	*
5112	chr6	149025657	149236112	210456	*
5113	chr6	149236112	149448004	211893	*
5114	chr6	149448004	149683159	235156	*
5115	chr6	149683159	149920440	237282	*
5116	chr6	149920440	150162819	242380	*
5117	chr6	150162819	150375344	212526	*
5118	chr6	150375344	150592517	217174	*
5119	chr6	150592517	150812923	220407	*
5120	chr6	150812923	151047321	234399	*
5121	chr6	151047321	151281406	234086	*
5122	chr6	151281406	151511103	229698	*
5123	chr6	151511103	151737265	226163	*
5124	chr6	151737265	151958646	221382	*
5125	chr6	151958646	152179525	220880	*
5126	chr6	152179525	152395854	216330	*
5127	chr6	152395854	152608185	212332	*
5128	chr6	152608185	152828022	219838	*
5129	chr6	152828022	153049460	221439	*
5130	chr6	153049460	153264731	215272	*
5131	chr6	153264731	153484215	219485	*
5132	chr6	153484215	153700153	215939	*
5133	chr6	153700153	153916512	216360	*
5134	chr6	153916512	154135128	218617	*
5135	chr6	154135128	154358659	223532	*
5136	chr6	154358659	154579687	221029	*
5137	chr6	154579687	154805007	225321	*
5138	chr6	154805007	155033499	228493	*
5139	chr6	155033499	155256220	222722	*
5140	chr6	155256220	155470302	214083	*
5141	chr6	155470302	155678740	208439	*
5142	chr6	155678740	155893018	214279	*
5143	chr6	155893018	156108894	215877	*
5144	chr6	156108894	156321187	212294	*
5145	chr6	156321187	156543644	222458	*
5146	chr6	156543644	156769540	225897	*
5147	chr6	156769540	156978080	208541	*
5148	chr6	156978080	157187335	209256	*
5149	chr6	157187335	157402462	215128	*
5150	chr6	157402462	157618289	215828	*
5151	chr6	157618289	157841968	223680	*
5152	chr6	157841968	158057319	215352	*
5153	chr6	158057319	158290336	233018	*
5154	chr6	158290336	158517199	226864	*
5155	chr6	158517199	158751573	234375	*
5156	chr6	158751573	158984620	233048	*
5157	chr6	158984620	159195852	211233	*
5158	chr6	159195852	159413458	217607	*
5159	chr6	159413458	159630279	216822	*
5160	chr6	159630279	159867125	236847	*
5161	chr6	159867125	160076531	209407	*
5162	chr6	160076531	160308012	231482	*
5163	chr6	160308012	160525805	217794	*
5164	chr6	160525805	160806801	280997	*
5165	chr6	160806801	161026986	220186	*
5166	chr6	161026986	161240928	213943	*
5167	chr6	161240928	161463115	222188	*
5168	chr6	161463115	161676733	213619	*
5169	chr6	161676733	161890309	213577	*
5170	chr6	161890309	162107877	217569	*
5171	chr6	162107877	162318336	210460	*
5172	chr6	162318336	162532079	213744	*
5173	chr6	162532079	162746815	214737	*
5174	chr6	162746815	162961588	214774	*
5175	chr6	162961588	163176961	215374	*
5176	chr6	163176961	163389498	212538	*
5177	chr6	163389498	163599308	209811	*
5178	chr6	163599308	163809066	209759	*
5179	chr6	163809066	164019476	210411	*
5180	chr6	164019476	164231228	211753	*
5181	chr6	164231228	164444636	213409	*
5182	chr6	164444636	164665422	220787	*
5183	chr6	164665422	164897657	232236	*
5184	chr6	164897657	165115906	218250	*
5185	chr6	165115906	165331730	215825	*
5186	chr6	165331730	165549765	218036	*
5187	chr6	165549765	165760648	210884	*
5188	chr6	165760648	165968740	208093	*
5189	chr6	165968740	166180238	211499	*
5190	chr6	166180238	166402615	222378	*
5191	chr6	166402615	166615860	213246	*
5192	chr6	166615860	166830646	214787	*
5193	chr6	166830646	167055550	224905	*
5194	chr6	167055550	167661278	605729	*
5195	chr6	167661278	167871415	210138	*
5196	chr6	167871415	168081724	210310	*
5197	chr6	168081724	168294663	212940	*
5198	chr6	168294663	168509547	214885	*
5199	chr6	168509547	168730685	221139	*
5200	chr6	168730685	168946065	215381	*
5201	chr6	168946065	169164994	218930	*
5202	chr6	169164994	169386866	221873	*
5203	chr6	169386866	169601351	214486	*
5204	chr6	169601351	169820307	218957	*
5205	chr6	169820307	170168146	347840	*
5206	chr7	0	275222	275223	*
5207	chr7	275222	493131	217910	*
5208	chr7	493131	715001	221871	*
5209	chr7	715001	946483	231483	*
5210	chr7	946483	1176749	230267	*
5211	chr7	1176749	1402496	225748	*
5212	chr7	1402496	1618965	216470	*
5213	chr7	1618965	1850683	231719	*
5214	chr7	1850683	2065830	215148	*
5215	chr7	2065830	2283499	217670	*
5216	chr7	2283499	2526491	242993	*
5217	chr7	2526491	2760825	234335	*
5218	chr7	2760825	2981738	220914	*
5219	chr7	2981738	3208973	227236	*
5220	chr7	3208973	3424406	215434	*
5221	chr7	3424406	3634901	210496	*
5222	chr7	3634901	3849073	214173	*
5223	chr7	3849073	4062898	213826	*
5224	chr7	4062898	4278440	215543	*
5225	chr7	4278440	4513885	235446	*
5226	chr7	4513885	4765912	252028	*
5227	chr7	4765912	5008102	242191	*
5228	chr7	5008102	5290445	282344	*
5229	chr7	5290445	5540752	250308	*
5230	chr7	5540752	6135985	595234	*
5231	chr7	6135985	6376245	240261	*
5232	chr7	6376245	7032017	655773	*
5233	chr7	7032017	7257495	225479	*
5234	chr7	7257495	7480526	223032	*
5235	chr7	7480526	7702706	222181	*
5236	chr7	7702706	7914154	211449	*
5237	chr7	7914154	8129384	215231	*
5238	chr7	8129384	8345925	216542	*
5239	chr7	8345925	8556135	210211	*
5240	chr7	8556135	8771024	214890	*
5241	chr7	8771024	8981847	210824	*
5242	chr7	8981847	9192885	211039	*
5243	chr7	9192885	9410696	217812	*
5244	chr7	9410696	9631286	220591	*
5245	chr7	9631286	9854073	222788	*
5246	chr7	9854073	10066133	212061	*
5247	chr7	10066133	10284111	217979	*
5248	chr7	10284111	10502905	218795	*
5249	chr7	10502905	10732521	229617	*
5250	chr7	10732521	10961864	229344	*
5251	chr7	10961864	11174742	212879	*
5252	chr7	11174742	11385953	211212	*
5253	chr7	11385953	11604453	218501	*
5254	chr7	11604453	11812353	207901	*
5255	chr7	11812353	12019960	207608	*
5256	chr7	12019960	12235858	215899	*
5257	chr7	12235858	12450397	214540	*
5258	chr7	12450397	12675854	225458	*
5259	chr7	12675854	12896245	220392	*
5260	chr7	12896245	13118307	222063	*
5261	chr7	13118307	13337026	218720	*
5262	chr7	13337026	13549293	212268	*
5263	chr7	13549293	13764459	215167	*
5264	chr7	13764459	13989325	224867	*
5265	chr7	13989325	14200829	211505	*
5266	chr7	14200829	14424883	224055	*
5267	chr7	14424883	14633159	208277	*
5268	chr7	14633159	14852600	219442	*
5269	chr7	14852600	15059252	206653	*
5270	chr7	15059252	15269896	210645	*
5271	chr7	15269896	15480354	210459	*
5272	chr7	15480354	15695969	215616	*
5273	chr7	15695969	15904852	208884	*
5274	chr7	15904852	16123608	218757	*
5275	chr7	16123608	16345142	221535	*
5276	chr7	16345142	16562161	217020	*
5277	chr7	16562161	16778318	216158	*
5278	chr7	16778318	16992453	214136	*
5279	chr7	16992453	17209689	217237	*
5280	chr7	17209689	17429510	219822	*
5281	chr7	17429510	17643460	213951	*
5282	chr7	17643460	17859725	216266	*
5283	chr7	17859725	18075886	216162	*
5284	chr7	18075886	18289889	214004	*
5285	chr7	18289889	18494706	204818	*
5286	chr7	18494706	18699121	204416	*
5287	chr7	18699121	18907431	208311	*
5288	chr7	18907431	19130277	222847	*
5289	chr7	19130277	19353422	223146	*
5290	chr7	19353422	19569826	216405	*
5291	chr7	19569826	19786769	216944	*
5292	chr7	19786769	20021234	234466	*
5293	chr7	20021234	20240119	218886	*
5294	chr7	20240119	20449066	208948	*
5295	chr7	20449066	20672896	223831	*
5296	chr7	20672896	20896596	223701	*
5297	chr7	20896596	21109286	212691	*
5298	chr7	21109286	21327065	217780	*
5299	chr7	21327065	21546274	219210	*
5300	chr7	21546274	21760265	213992	*
5301	chr7	21760265	21977079	216815	*
5302	chr7	21977079	22191374	214296	*
5303	chr7	22191374	22400863	209490	*
5304	chr7	22400863	22643126	242264	*
5305	chr7	22643126	22867486	224361	*
5306	chr7	22867486	23099733	232248	*
5307	chr7	23099733	23328032	228300	*
5308	chr7	23328032	23562228	234197	*
5309	chr7	23562228	23797694	235467	*
5310	chr7	23797694	24035425	237732	*
5311	chr7	24035425	24251923	216499	*
5312	chr7	24251923	24472985	221063	*
5313	chr7	24472985	24690123	217139	*
5314	chr7	24690123	24903677	213555	*
5315	chr7	24903677	25136185	232509	*
5316	chr7	25136185	25346839	210655	*
5317	chr7	25346839	25555058	208220	*
5318	chr7	25555058	25776222	221165	*
5319	chr7	25776222	25982861	206640	*
5320	chr7	25982861	26212760	229900	*
5321	chr7	26212760	26438631	225872	*
5322	chr7	26438631	26646096	207466	*
5323	chr7	26646096	26863889	217794	*
5324	chr7	26863889	27104308	240420	*
5325	chr7	27104308	27319621	215314	*
5326	chr7	27319621	27541415	221795	*
5327	chr7	27541415	27757457	216043	*
5328	chr7	27757457	27969472	212016	*
5329	chr7	27969472	28182578	213107	*
5330	chr7	28182578	28395754	213177	*
5331	chr7	28395754	28603765	208012	*
5332	chr7	28603765	28811049	207285	*
5333	chr7	28811049	29020838	209790	*
5334	chr7	29020838	29237257	216420	*
5335	chr7	29237257	29448423	211167	*
5336	chr7	29448423	29696625	248203	*
5337	chr7	29696625	29933622	236998	*
5338	chr7	29933622	30152788	219167	*
5339	chr7	30152788	30370787	218000	*
5340	chr7	30370787	30608826	238040	*
5341	chr7	30608826	30824071	215246	*
5342	chr7	30824071	31029210	205140	*
5343	chr7	31029210	31240088	210879	*
5344	chr7	31240088	31452931	212844	*
5345	chr7	31452931	31679104	226174	*
5346	chr7	31679104	31887088	207985	*
5347	chr7	31887088	32107301	220214	*
5348	chr7	32107301	32326392	219092	*
5349	chr7	32326392	32879651	553260	*
5350	chr7	32879651	33136539	256889	*
5351	chr7	33136539	33357774	221236	*
5352	chr7	33357774	33581245	223472	*
5353	chr7	33581245	33787818	206574	*
5354	chr7	33787818	34001735	213918	*
5355	chr7	34001735	34217253	215519	*
5356	chr7	34217253	34434813	217561	*
5357	chr7	34434813	34668583	233771	*
5358	chr7	34668583	35264030	595448	*
5359	chr7	35264030	35472357	208328	*
5360	chr7	35472357	35687410	215054	*
5361	chr7	35687410	35930257	242848	*
5362	chr7	35930257	36171787	241531	*
5363	chr7	36171787	36397001	225215	*
5364	chr7	36397001	36620913	223913	*
5365	chr7	36620913	36834165	213253	*
5366	chr7	36834165	37040716	206552	*
5367	chr7	37040716	37267285	226570	*
5368	chr7	37267285	37485166	217882	*
5369	chr7	37485166	37705666	220501	*
5370	chr7	37705666	37918816	213151	*
5371	chr7	37918816	38131780	212965	*
5372	chr7	38131780	38370144	238365	*
5373	chr7	38370144	38579254	209111	*
5374	chr7	38579254	38791756	212503	*
5375	chr7	38791756	39002048	210293	*
5376	chr7	39002048	39216655	214608	*
5377	chr7	39216655	39426482	209828	*
5378	chr7	39426482	39645493	219012	*
5379	chr7	39645493	39910763	265271	*
5380	chr7	39910763	40145876	235114	*
5381	chr7	40145876	40385335	239460	*
5382	chr7	40385335	40596973	211639	*
5383	chr7	40596973	40804052	207080	*
5384	chr7	40804052	41028186	224135	*
5385	chr7	41028186	41234575	206390	*
5386	chr7	41234575	41445318	210744	*
5387	chr7	41445318	41654720	209403	*
5388	chr7	41654720	41862181	207462	*
5389	chr7	41862181	42068183	206003	*
5390	chr7	42068183	42277431	209249	*
5391	chr7	42277431	42489654	212224	*
5392	chr7	42489654	42705353	215700	*
5393	chr7	42705353	42931839	226487	*
5394	chr7	42931839	43150951	219113	*
5395	chr7	43150951	43367776	216826	*
5396	chr7	43367776	43585371	217596	*
5397	chr7	43585371	43814576	229206	*
5398	chr7	43814576	44102530	287955	*
5399	chr7	44102530	44311406	208877	*
5400	chr7	44311406	44530624	219219	*
5401	chr7	44530624	44763247	232624	*
5402	chr7	44763247	45005059	241813	*
5403	chr7	45005059	45223506	218448	*
5404	chr7	45223506	45447278	223773	*
5405	chr7	45447278	45663814	216537	*
5406	chr7	45663814	45963638	299825	*
5407	chr7	45963638	46179235	215598	*
5408	chr7	46179235	46391827	212593	*
5409	chr7	46391827	46608098	216272	*
5410	chr7	46608098	46815788	207691	*
5411	chr7	46815788	47028541	212754	*
5412	chr7	47028541	47244409	215869	*
5413	chr7	47244409	47453437	209029	*
5414	chr7	47453437	47675188	221752	*
5415	chr7	47675188	47897229	222042	*
5416	chr7	47897229	48117668	220440	*
5417	chr7	48117668	48331594	213927	*
5418	chr7	48331594	48541825	210232	*
5419	chr7	48541825	48763006	221182	*
5420	chr7	48763006	49009374	246369	*
5421	chr7	49009374	49222087	212714	*
5422	chr7	49222087	49430396	208310	*
5423	chr7	49430396	49643169	212774	*
5424	chr7	49643169	49865471	222303	*
5425	chr7	49865471	50081674	216204	*
5426	chr7	50081674	50293408	211735	*
5427	chr7	50293408	50513315	219908	*
5428	chr7	50513315	50730323	217009	*
5429	chr7	50730323	50950834	220512	*
5430	chr7	50950834	51160429	209596	*
5431	chr7	51160429	51387707	227279	*
5432	chr7	51387707	51639481	251775	*
5433	chr7	51639481	51860492	221012	*
5434	chr7	51860492	52081771	221280	*
5435	chr7	52081771	52296590	214820	*
5436	chr7	52296590	52516702	220113	*
5437	chr7	52516702	52725791	209090	*
5438	chr7	52725791	52937179	211389	*
5439	chr7	52937179	53164647	227469	*
5440	chr7	53164647	53381458	216812	*
5441	chr7	53381458	53590959	209502	*
5442	chr7	53590959	53799836	208878	*
5443	chr7	53799836	54014409	214574	*
5444	chr7	54014409	54245581	231173	*
5445	chr7	54245581	54476795	231215	*
5446	chr7	54476795	54695444	218650	*
5447	chr7	54695444	54914888	219445	*
5448	chr7	54914888	55127165	212278	*
5449	chr7	55127165	55348941	221777	*
5450	chr7	55348941	55569089	220149	*
5451	chr7	55569089	55887775	318687	*
5452	chr7	55887775	56463818	576044	*
5453	chr7	56463818	57277223	813406	*
5454	chr7	57277223	62729294	5452072	*
5455	chr7	62729294	62975311	246018	*
5456	chr7	62975311	63969895	994585	*
5457	chr7	63969895	64230160	260266	*
5458	chr7	64230160	64469759	239600	*
5459	chr7	64469759	64708974	239216	*
5460	chr7	64708974	65798339	1089366	*
5461	chr7	65798339	66081872	283534	*
5462	chr7	66081872	66332617	250746	*
5463	chr7	66332617	66610226	277610	*
5464	chr7	66610226	67219513	609288	*
5465	chr7	67219513	67519888	300376	*
5466	chr7	67519888	67745787	225900	*
5467	chr7	67745787	67979620	233834	*
5468	chr7	67979620	68213021	233402	*
5469	chr7	68213021	68438951	225931	*
5470	chr7	68438951	68664854	225904	*
5471	chr7	68664854	68897929	233076	*
5472	chr7	68897929	69124048	226120	*
5473	chr7	69124048	69353415	229368	*
5474	chr7	69353415	69592441	239027	*
5475	chr7	69592441	69798959	206519	*
5476	chr7	69798959	70006478	207520	*
5477	chr7	70006478	70226035	219558	*
5478	chr7	70226035	70436260	210226	*
5479	chr7	70436260	70647464	211205	*
5480	chr7	70647464	70869343	221880	*
5481	chr7	70869343	71095326	225984	*
5482	chr7	71095326	71319988	224663	*
5483	chr7	71319988	71542930	222943	*
5484	chr7	71542930	71771735	228806	*
5485	chr7	71771735	71999461	227727	*
5486	chr7	71999461	72230598	231138	*
5487	chr7	72230598	73476998	1246401	*
5488	chr7	73476998	73719124	242127	*
5489	chr7	73719124	73971664	252541	*
5490	chr7	73971664	74215778	244115	*
5491	chr7	74215778	74470787	255010	*
5492	chr7	74470787	75672357	1201571	*
5493	chr7	75672357	75934268	261912	*
5494	chr7	75934268	76193066	258799	*
5495	chr7	76193066	77180842	987777	*
5496	chr7	77180842	77403275	222434	*
5497	chr7	77403275	77629041	225767	*
5498	chr7	77629041	77857786	228746	*
5499	chr7	77857786	78076439	218654	*
5500	chr7	78076439	78288069	211631	*
5501	chr7	78288069	78505663	217595	*
5502	chr7	78505663	78719636	213974	*
5503	chr7	78719636	78941954	222319	*
5504	chr7	78941954	79155258	213305	*
5505	chr7	79155258	79367950	212693	*
5506	chr7	79367950	79578557	210608	*
5507	chr7	79578557	79793324	214768	*
5508	chr7	79793324	80015877	222554	*
5509	chr7	80015877	80228707	212831	*
5510	chr7	80228707	80439657	210951	*
5511	chr7	80439657	80649617	209961	*
5512	chr7	80649617	80868603	218987	*
5513	chr7	80868603	81097847	229245	*
5514	chr7	81097847	81312482	214636	*
5515	chr7	81312482	81530755	218274	*
5516	chr7	81530755	81737790	207036	*
5517	chr7	81737790	81952781	214992	*
5518	chr7	81952781	82161249	208469	*
5519	chr7	82161249	82369925	208677	*
5520	chr7	82369925	82591041	221117	*
5521	chr7	82591041	82813645	222605	*
5522	chr7	82813645	83021667	208023	*
5523	chr7	83021667	83237303	215637	*
5524	chr7	83237303	83450477	213175	*
5525	chr7	83450477	83668257	217781	*
5526	chr7	83668257	83885821	217565	*
5527	chr7	83885821	84116543	230723	*
5528	chr7	84116543	84330460	213918	*
5529	chr7	84330460	84552083	221624	*
5530	chr7	84552083	84762998	210916	*
5531	chr7	84762998	84973615	210618	*
5532	chr7	84973615	85186520	212906	*
5533	chr7	85186520	85402913	216394	*
5534	chr7	85402913	85611023	208111	*
5535	chr7	85611023	85825692	214670	*
5536	chr7	85825692	86035711	210020	*
5537	chr7	86035711	86261581	225871	*
5538	chr7	86261581	86483316	221736	*
5539	chr7	86483316	86705577	222262	*
5540	chr7	86705577	86913241	207665	*
5541	chr7	86913241	87138143	224903	*
5542	chr7	87138143	87369037	230895	*
5543	chr7	87369037	87584188	215152	*
5544	chr7	87584188	87808254	224067	*
5545	chr7	87808254	88038900	230647	*
5546	chr7	88038900	88255901	217002	*
5547	chr7	88255901	88470217	214317	*
5548	chr7	88470217	88689628	219412	*
5549	chr7	88689628	88902839	213212	*
5550	chr7	88902839	89111566	208728	*
5551	chr7	89111566	89328904	217339	*
5552	chr7	89328904	89557545	228642	*
5553	chr7	89557545	89773564	216020	*
5554	chr7	89773564	89994475	220912	*
5555	chr7	89994475	90249913	255439	*
5556	chr7	90249913	90473420	223508	*
5557	chr7	90473420	90699608	226189	*
5558	chr7	90699608	90918765	219158	*
5559	chr7	90918765	91134053	215289	*
5560	chr7	91134053	91353316	219264	*
5561	chr7	91353316	91598854	245539	*
5562	chr7	91598854	91827733	228880	*
5563	chr7	91827733	92057695	229963	*
5564	chr7	92057695	92285757	228063	*
5565	chr7	92285757	92512633	226877	*
5566	chr7	92512633	92728256	215624	*
5567	chr7	92728256	92945152	216897	*
5568	chr7	92945152	93174956	229805	*
5569	chr7	93174956	93390971	216016	*
5570	chr7	93390971	93607859	216889	*
5571	chr7	93607859	93832372	224514	*
5572	chr7	93832372	94043116	210745	*
5573	chr7	94043116	94255534	212419	*
5574	chr7	94255534	94461985	206452	*
5575	chr7	94461985	94672790	210806	*
5576	chr7	94672790	94907939	235150	*
5577	chr7	94907939	95131210	223272	*
5578	chr7	95131210	95349916	218707	*
5579	chr7	95349916	95565986	216071	*
5580	chr7	95565986	95779351	213366	*
5581	chr7	95779351	95996390	217040	*
5582	chr7	95996390	96205490	209101	*
5583	chr7	96205490	96427905	222416	*
5584	chr7	96427905	96653023	225119	*
5585	chr7	96653023	96874155	221133	*
5586	chr7	96874155	97089807	215653	*
5587	chr7	97089807	97328655	238849	*
5588	chr7	97328655	97557371	228717	*
5589	chr7	97557371	97801961	244591	*
5590	chr7	97801961	98118093	316133	*
5591	chr7	98118093	98343768	225676	*
5592	chr7	98343768	98583616	239849	*
5593	chr7	98583616	98847153	263538	*
5594	chr7	98847153	99069538	222386	*
5595	chr7	99069538	99301672	232135	*
5596	chr7	99301672	99547694	246023	*
5597	chr7	99547694	99787213	239520	*
5598	chr7	99787213	100028821	241609	*
5599	chr7	100028821	100307217	278397	*
5600	chr7	100307217	100573326	266110	*
5601	chr7	100573326	100814460	241135	*
5602	chr7	100814460	101073174	258715	*
5603	chr7	101073174	101322016	248843	*
5604	chr7	101322016	101564977	242962	*
5605	chr7	101564977	101838932	273956	*
5606	chr7	101838932	102068641	229710	*
5607	chr7	102068641	102850636	781996	*
5608	chr7	102850636	103089742	239107	*
5609	chr7	103089742	103398853	309112	*
5610	chr7	103398853	103626735	227883	*
5611	chr7	103626735	103845447	218713	*
5612	chr7	103845447	104065631	220185	*
5613	chr7	104065631	104294426	228796	*
5614	chr7	104294426	104513467	219042	*
5615	chr7	104513467	104756766	243300	*
5616	chr7	104756766	104984079	227314	*
5617	chr7	104984079	105201771	217693	*
5618	chr7	105201771	105441750	239980	*
5619	chr7	105441750	105678143	236394	*
5620	chr7	105678143	105894493	216351	*
5621	chr7	105894493	106110672	216180	*
5622	chr7	106110672	106341809	231138	*
5623	chr7	106341809	106566913	225105	*
5624	chr7	106566913	106792870	225958	*
5625	chr7	106792870	107021762	228893	*
5626	chr7	107021762	107242328	220567	*
5627	chr7	107242328	107460531	218204	*
5628	chr7	107460531	107687142	226612	*
5629	chr7	107687142	107905263	218122	*
5630	chr7	107905263	108121408	216146	*
5631	chr7	108121408	108337614	216207	*
5632	chr7	108337614	108560758	223145	*
5633	chr7	108560758	108780647	219890	*
5634	chr7	108780647	108998444	217798	*
5635	chr7	108998444	109217574	219131	*
5636	chr7	109217574	109435830	218257	*
5637	chr7	109435830	109652827	216998	*
5638	chr7	109652827	109880067	227241	*
5639	chr7	109880067	110107391	227325	*
5640	chr7	110107391	110322834	215444	*
5641	chr7	110322834	110544439	221606	*
5642	chr7	110544439	110772088	227650	*
5643	chr7	110772088	110983630	211543	*
5644	chr7	110983630	111191565	207936	*
5645	chr7	111191565	111406773	215209	*
5646	chr7	111406773	111641042	234270	*
5647	chr7	111641042	111858600	217559	*
5648	chr7	111858600	112075539	216940	*
5649	chr7	112075539	112284719	209181	*
5650	chr7	112284719	112496218	211500	*
5651	chr7	112496218	112727109	230892	*
5652	chr7	112727109	112950714	223606	*
5653	chr7	112950714	113170976	220263	*
5654	chr7	113170976	113393508	222533	*
5655	chr7	113393508	113624871	231364	*
5656	chr7	113624871	113852270	227400	*
5657	chr7	113852270	114070210	217941	*
5658	chr7	114070210	114283311	213102	*
5659	chr7	114283311	114498194	214884	*
5660	chr7	114498194	114705731	207538	*
5661	chr7	114705731	114917181	211451	*
5662	chr7	114917181	115132468	215288	*
5663	chr7	115132468	115349473	217006	*
5664	chr7	115349473	115557006	207534	*
5665	chr7	115557006	115769314	212309	*
5666	chr7	115769314	115981812	212499	*
5667	chr7	115981812	116199446	217635	*
5668	chr7	116199446	116419482	220037	*
5669	chr7	116419482	116633442	213961	*
5670	chr7	116633442	116854538	221097	*
5671	chr7	116854538	117075663	221126	*
5672	chr7	117075663	117285638	209976	*
5673	chr7	117285638	117498513	212876	*
5674	chr7	117498513	117712657	214145	*
5675	chr7	117712657	117920971	208315	*
5676	chr7	117920971	118143237	222267	*
5677	chr7	118143237	118360183	216947	*
5678	chr7	118360183	118573221	213039	*
5679	chr7	118573221	118781332	208112	*
5680	chr7	118781332	118989978	208647	*
5681	chr7	118989978	119200600	210623	*
5682	chr7	119200600	119417687	217088	*
5683	chr7	119417687	119643116	225430	*
5684	chr7	119643116	119855341	212226	*
5685	chr7	119855341	120077514	222174	*
5686	chr7	120077514	120293293	215780	*
5687	chr7	120293293	120502291	208999	*
5688	chr7	120502291	120708597	206307	*
5689	chr7	120708597	120927095	218499	*
5690	chr7	120927095	121136848	209754	*
5691	chr7	121136848	121358298	221451	*
5692	chr7	121358298	121574515	216218	*
5693	chr7	121574515	121789551	215037	*
5694	chr7	121789551	122001052	211502	*
5695	chr7	122001052	122213826	212775	*
5696	chr7	122213826	122435518	221693	*
5697	chr7	122435518	122645885	210368	*
5698	chr7	122645885	122869230	223346	*
5699	chr7	122869230	123089395	220166	*
5700	chr7	123089395	123297367	207973	*
5701	chr7	123297367	123518915	221549	*
5702	chr7	123518915	123739260	220346	*
5703	chr7	123739260	123964394	225135	*
5704	chr7	123964394	124183528	219135	*
5705	chr7	124183528	124398337	214810	*
5706	chr7	124398337	124616841	218505	*
5707	chr7	124616841	124829916	213076	*
5708	chr7	124829916	125058241	228326	*
5709	chr7	125058241	125276177	217937	*
5710	chr7	125276177	125492623	216447	*
5711	chr7	125492623	125699397	206775	*
5712	chr7	125699397	125918494	219098	*
5713	chr7	125918494	126132596	214103	*
5714	chr7	126132596	126349249	216654	*
5715	chr7	126349249	126559010	209762	*
5716	chr7	126559010	126777732	218723	*
5717	chr7	126777732	127011979	234248	*
5718	chr7	127011979	127225383	213405	*
5719	chr7	127225383	127440851	215469	*
5720	chr7	127440851	127665760	224910	*
5721	chr7	127665760	127873322	207563	*
5722	chr7	127873322	128081732	208411	*
5723	chr7	128081732	128300851	219120	*
5724	chr7	128300851	128585418	284568	*
5725	chr7	128585418	128851110	265693	*
5726	chr7	128851110	129074107	222998	*
5727	chr7	129074107	129305469	231363	*
5728	chr7	129305469	129531328	225860	*
5729	chr7	129531328	129760647	229320	*
5730	chr7	129760647	129996267	235621	*
5731	chr7	129996267	130231410	235144	*
5732	chr7	130231410	130741289	509880	*
5733	chr7	130741289	130961835	220547	*
5734	chr7	130961835	131184509	222675	*
5735	chr7	131184509	131408119	223611	*
5736	chr7	131408119	131628854	220736	*
5737	chr7	131628854	131849203	220350	*
5738	chr7	131849203	132067501	218299	*
5739	chr7	132067501	132271551	204051	*
5740	chr7	132271551	132476678	205128	*
5741	chr7	132476678	132688890	212213	*
5742	chr7	132688890	132899393	210504	*
5743	chr7	132899393	133115446	216054	*
5744	chr7	133115446	133344897	229452	*
5745	chr7	133344897	133554650	209754	*
5746	chr7	133554650	133762881	208232	*
5747	chr7	133762881	133980985	218105	*
5748	chr7	133980985	134194554	213570	*
5749	chr7	134194554	134410296	215743	*
5750	chr7	134410296	134633308	223013	*
5751	chr7	134633308	134844211	210904	*
5752	chr7	134844211	135061441	217231	*
5753	chr7	135061441	135283044	221604	*
5754	chr7	135283044	135497621	214578	*
5755	chr7	135497621	135724070	226450	*
5756	chr7	135724070	135944709	220640	*
5757	chr7	135944709	136163914	219206	*
5758	chr7	136163914	136378906	214993	*
5759	chr7	136378906	136600476	221571	*
5760	chr7	136600476	136827929	227454	*
5761	chr7	136827929	137041985	214057	*
5762	chr7	137041985	137269370	227386	*
5763	chr7	137269370	137483340	213971	*
5764	chr7	137483340	137691404	208065	*
5765	chr7	137691404	137902996	211593	*
5766	chr7	137902996	138123482	220487	*
5767	chr7	138123482	138362460	238979	*
5768	chr7	138362460	138599288	236829	*
5769	chr7	138599288	138836384	237097	*
5770	chr7	138836384	139057427	221044	*
5771	chr7	139057427	139290923	233497	*
5772	chr7	139290923	139529483	238561	*
5773	chr7	139529483	139754718	225236	*
5774	chr7	139754718	139972611	217894	*
5775	chr7	139972611	140193963	221353	*
5776	chr7	140193963	140434947	240985	*
5777	chr7	140434947	140684362	249416	*
5778	chr7	140684362	140916661	232300	*
5779	chr7	140916661	141152205	235545	*
5780	chr7	141152205	141367618	215414	*
5781	chr7	141367618	141583137	215520	*
5782	chr7	141583137	141801816	218680	*
5783	chr7	141801816	142030551	228736	*
5784	chr7	142030551	142253786	223236	*
5785	chr7	142253786	142404918	151133	*
5786	chr7	142404918	142811002	406085	*
5787	chr7	142811002	143021062	210061	*
5788	chr7	143021062	143256407	235346	*
5789	chr7	143256407	144407919	1151513	*
5790	chr7	144407919	144628409	220491	*
5791	chr7	144628409	144848926	220518	*
5792	chr7	144848926	145064856	215931	*
5793	chr7	145064856	145286867	222012	*
5794	chr7	145286867	145508265	221399	*
5795	chr7	145508265	145727962	219698	*
5796	chr7	145727962	145940369	212408	*
5797	chr7	145940369	146171862	231494	*
5798	chr7	146171862	146391181	219320	*
5799	chr7	146391181	146599569	208389	*
5800	chr7	146599569	146814451	214883	*
5801	chr7	146814451	147043214	228764	*
5802	chr7	147043214	147256914	213701	*
5803	chr7	147256914	147469895	212982	*
5804	chr7	147469895	147685783	215889	*
5805	chr7	147685783	147912123	226341	*
5806	chr7	147912123	148127801	215679	*
5807	chr7	148127801	148345973	218173	*
5808	chr7	148345973	148580103	234131	*
5809	chr7	148580103	148802523	222421	*
5810	chr7	148802523	149033005	230483	*
5811	chr7	149033005	149285167	252163	*
5812	chr7	149285167	149509818	224652	*
5813	chr7	149509818	150436610	926793	*
5814	chr7	150436610	150689314	252705	*
5815	chr7	150689314	150914615	225302	*
5816	chr7	150914615	151124073	209459	*
5817	chr7	151124073	151336915	212843	*
5818	chr7	151336915	151555395	218481	*
5819	chr7	151555395	151771362	215968	*
5820	chr7	151771362	151987123	215762	*
5821	chr7	151987123	152226252	239130	*
5822	chr7	152226252	152501503	275252	*
5823	chr7	152501503	152760444	258942	*
5824	chr7	152760444	153038133	277690	*
5825	chr7	153038133	153262365	224233	*
5826	chr7	153262365	153487037	224673	*
5827	chr7	153487037	154066196	579160	*
5828	chr7	154066196	154342731	276536	*
5829	chr7	154342731	154557858	215128	*
5830	chr7	154557858	154781322	223465	*
5831	chr7	154781322	154989478	208157	*
5832	chr7	154989478	155208495	219018	*
5833	chr7	155208495	155424924	216430	*
5834	chr7	155424924	155637070	212147	*
5835	chr7	155637070	155847708	210639	*
5836	chr7	155847708	156055572	207865	*
5837	chr7	156055572	156267544	211973	*
5838	chr7	156267544	156478082	210539	*
5839	chr7	156478082	156692463	214382	*
5840	chr7	156692463	156925715	233253	*
5841	chr7	156925715	157154808	229094	*
5842	chr7	157154808	157384779	229972	*
5843	chr7	157384779	157606564	221786	*
5844	chr7	157606564	157827505	220942	*
5845	chr7	157827505	158043957	216453	*
5846	chr7	158043957	158266655	222699	*
5847	chr7	158266655	158496667	230013	*
5848	chr7	158496667	158717433	220767	*
5849	chr7	158717433	158940986	223554	*
5850	chr7	158940986	159161249	220264	*
5851	chr8	482556	702210	219655	*
5852	chr8	702210	923663	221454	*
5853	chr8	923663	1149562	225900	*
5854	chr8	1149562	1378033	228472	*
5855	chr8	1378033	1623563	245531	*
5856	chr8	1623563	1853921	230359	*
5857	chr8	1853921	2065124	211204	*
5858	chr8	2065124	2429570	364447	*
5859	chr8	2429570	2622097	192528	*
5860	chr8	2622097	2831774	209678	*
5861	chr8	2831774	3044456	212683	*
5862	chr8	3044456	3263785	219330	*
5863	chr8	3263785	3489673	225889	*
5864	chr8	3489673	3702103	212431	*
5865	chr8	3702103	3908660	206558	*
5866	chr8	3908660	4119246	210587	*
5867	chr8	4119246	4328331	209086	*
5868	chr8	4328331	4534384	206054	*
5869	chr8	4534384	4744063	209680	*
5870	chr8	4744063	4954562	210500	*
5871	chr8	4954562	5162317	207756	*
5872	chr8	5162317	5374237	211921	*
5873	chr8	5374237	5588854	214618	*
5874	chr8	5588854	5797626	208773	*
5875	chr8	5797626	6010364	212739	*
5876	chr8	6010364	6233792	223429	*
5877	chr8	6233792	6466458	232667	*
5878	chr8	6466458	6680912	214455	*
5879	chr8	6680912	8404951	1724040	*
5880	chr8	8404951	8626947	221997	*
5881	chr8	8626947	8847705	220759	*
5882	chr8	8847705	9072719	225015	*
5883	chr8	9072719	9291644	218926	*
5884	chr8	9291644	9516288	224645	*
5885	chr8	9516288	9735889	219602	*
5886	chr8	9735889	9963715	227827	*
5887	chr8	9963715	10175091	211377	*
5888	chr8	10175091	10380908	205818	*
5889	chr8	10380908	10599173	218266	*
5890	chr8	10599173	10807674	208502	*
5891	chr8	10807674	11017928	210255	*
5892	chr8	11017928	11231010	213083	*
5893	chr8	11231010	11448739	217730	*
5894	chr8	11448739	11659326	210588	*
5895	chr8	11659326	12652245	992920	*
5896	chr8	12652245	12895507	243263	*
5897	chr8	12895507	13114572	219066	*
5898	chr8	13114572	13331959	217388	*
5899	chr8	13331959	13549268	217310	*
5900	chr8	13549268	13762262	212995	*
5901	chr8	13762262	13970582	208321	*
5902	chr8	13970582	14188933	218352	*
5903	chr8	14188933	14404040	215108	*
5904	chr8	14404040	14615631	211592	*
5905	chr8	14615631	14834538	218908	*
5906	chr8	14834538	15044253	209716	*
5907	chr8	15044253	15254350	210098	*
5908	chr8	15254350	15468881	214532	*
5909	chr8	15468881	15690219	221339	*
5910	chr8	15690219	15900520	210302	*
5911	chr8	15900520	16117793	217274	*
5912	chr8	16117793	16330446	212654	*
5913	chr8	16330446	16543639	213194	*
5914	chr8	16543639	16759883	216245	*
5915	chr8	16759883	16988855	228973	*
5916	chr8	16988855	17200115	211261	*
5917	chr8	17200115	17412909	212795	*
5918	chr8	17412909	17628396	215488	*
5919	chr8	17628396	17845615	217220	*
5920	chr8	17845615	18061082	215468	*
5921	chr8	18061082	18276184	215103	*
5922	chr8	18276184	18491575	215392	*
5923	chr8	18491575	18705077	213503	*
5924	chr8	18705077	18917347	212271	*
5925	chr8	18917347	19129814	212468	*
5926	chr8	19129814	19345184	215371	*
5927	chr8	19345184	19557458	212275	*
5928	chr8	19557458	19766070	208613	*
5929	chr8	19766070	19991568	225499	*
5930	chr8	19991568	20211540	219973	*
5931	chr8	20211540	20423930	212391	*
5932	chr8	20423930	20633506	209577	*
5933	chr8	20633506	20847493	213988	*
5934	chr8	20847493	21057608	210116	*
5935	chr8	21057608	21266701	209094	*
5936	chr8	21266701	21480185	213485	*
5937	chr8	21480185	21687910	207726	*
5938	chr8	21687910	21947396	259487	*
5939	chr8	21947396	22161809	214414	*
5940	chr8	22161809	22387771	225963	*
5941	chr8	22387771	22611610	223840	*
5942	chr8	22611610	22819124	207515	*
5943	chr8	22819124	23032540	213417	*
5944	chr8	23032540	23265041	232502	*
5945	chr8	23265041	23492323	227283	*
5946	chr8	23492323	23711172	218850	*
5947	chr8	23711172	23921623	210452	*
5948	chr8	23921623	24131543	209921	*
5949	chr8	24131543	24348868	217326	*
5950	chr8	24348868	24569439	220572	*
5951	chr8	24569439	24778624	209186	*
5952	chr8	24778624	24997076	218453	*
5953	chr8	24997076	25219175	222100	*
5954	chr8	25219175	25438696	219522	*
5955	chr8	25438696	25666184	227489	*
5956	chr8	25666184	25888614	222431	*
5957	chr8	25888614	26096470	207857	*
5958	chr8	26096470	26317966	221497	*
5959	chr8	26317966	26537670	219705	*
5960	chr8	26537670	26752970	215301	*
5961	chr8	26752970	26966205	213236	*
5962	chr8	26966205	27188718	222514	*
5963	chr8	27188718	27399652	210935	*
5964	chr8	27399652	27616155	216504	*
5965	chr8	27616155	27829895	213741	*
5966	chr8	27829895	28043454	213560	*
5967	chr8	28043454	28260063	216610	*
5968	chr8	28260063	28483261	223199	*
5969	chr8	28483261	28706731	223471	*
5970	chr8	28706731	28930909	224179	*
5971	chr8	28930909	29145340	214432	*
5972	chr8	29145340	29367304	221965	*
5973	chr8	29367304	29588796	221493	*
5974	chr8	29588796	29802612	213817	*
5975	chr8	29802612	30015776	213165	*
5976	chr8	30015776	30244491	228716	*
5977	chr8	30244491	30475316	230826	*
5978	chr8	30475316	30697453	222138	*
5979	chr8	30697453	30926664	229212	*
5980	chr8	30926664	31144548	217885	*
5981	chr8	31144548	31369081	224534	*
5982	chr8	31369081	31597567	228487	*
5983	chr8	31597567	31808664	211098	*
5984	chr8	31808664	32024942	216279	*
5985	chr8	32024942	32240530	215589	*
5986	chr8	32240530	32453472	212943	*
5987	chr8	32453472	32663538	210067	*
5988	chr8	32663538	32876314	212777	*
5989	chr8	32876314	33090596	214283	*
5990	chr8	33090596	33309592	218997	*
5991	chr8	33309592	33545412	235821	*
5992	chr8	33545412	33783263	237852	*
5993	chr8	33783263	34005445	222183	*
5994	chr8	34005445	34230305	224861	*
5995	chr8	34230305	34444660	214356	*
5996	chr8	34444660	34665850	221191	*
5997	chr8	34665850	34881075	215226	*
5998	chr8	34881075	35090799	209725	*
5999	chr8	35090799	35305875	215077	*
6000	chr8	35305875	35511756	205882	*
6001	chr8	35511756	35732416	220661	*
6002	chr8	35732416	35946799	214384	*
6003	chr8	35946799	36170698	223900	*
6004	chr8	36170698	36395535	224838	*
6005	chr8	36395535	36620768	225234	*
6006	chr8	36620768	36839513	218746	*
6007	chr8	36839513	37046419	206907	*
6008	chr8	37046419	37254583	208165	*
6009	chr8	37254583	37470950	216368	*
6010	chr8	37470950	37682489	211540	*
6011	chr8	37682489	37906879	224391	*
6012	chr8	37906879	38152392	245514	*
6013	chr8	38152392	38386272	233881	*
6014	chr8	38386272	38614939	228668	*
6015	chr8	38614939	38832490	217552	*
6016	chr8	38832490	39054996	222507	*
6017	chr8	39054996	39287039	232044	*
6018	chr8	39287039	39505788	218750	*
6019	chr8	39505788	39721077	215290	*
6020	chr8	39721077	39949956	228880	*
6021	chr8	39949956	40179749	229794	*
6022	chr8	40179749	40393484	213736	*
6023	chr8	40393484	40617494	224011	*
6024	chr8	40617494	40834637	217144	*
6025	chr8	40834637	41057222	222586	*
6026	chr8	41057222	41280294	223073	*
6027	chr8	41280294	41501858	221565	*
6028	chr8	41501858	41726127	224270	*
6029	chr8	41726127	41939302	213176	*
6030	chr8	41939302	42162817	223516	*
6031	chr8	42162817	42389435	226619	*
6032	chr8	42389435	42630662	241228	*
6033	chr8	42630662	42874249	243588	*
6034	chr8	42874249	43116385	242137	*
6035	chr8	43116385	43370820	254436	*
6036	chr8	43370820	43609047	238228	*
6037	chr8	43609047	46078848	2469802	*
6038	chr8	46078848	46283056	204209	*
6039	chr8	46283056	46492258	209203	*
6040	chr8	46492258	46742508	250251	*
6041	chr8	46742508	46983579	241072	*
6042	chr8	46983579	47240038	256460	*
6043	chr8	47240038	47524596	284559	*
6044	chr8	47524596	47752780	228185	*
6045	chr8	47752780	47980783	228004	*
6046	chr8	47980783	48223662	242880	*
6047	chr8	48223662	48452817	229156	*
6048	chr8	48452817	48672462	219646	*
6049	chr8	48672462	48885173	212712	*
6050	chr8	48885173	49113957	228785	*
6051	chr8	49113957	49326895	212939	*
6052	chr8	49326895	49551328	224434	*
6053	chr8	49551328	49767222	215895	*
6054	chr8	49767222	49981216	213995	*
6055	chr8	49981216	50201409	220194	*
6056	chr8	50201409	50415034	213626	*
6057	chr8	50415034	50634761	219728	*
6058	chr8	50634761	50858267	223507	*
6059	chr8	50858267	51080674	222408	*
6060	chr8	51080674	51300313	219640	*
6061	chr8	51300313	51521083	220771	*
6062	chr8	51521083	51742347	221265	*
6063	chr8	51742347	51961000	218654	*
6064	chr8	51961000	52182678	221679	*
6065	chr8	52182678	52389478	206801	*
6066	chr8	52389478	52608339	218862	*
6067	chr8	52608339	52824267	215929	*
6068	chr8	52824267	53051933	227667	*
6069	chr8	53051933	53272451	220519	*
6070	chr8	53272451	53507011	234561	*
6071	chr8	53507011	53737960	230950	*
6072	chr8	53737960	53970745	232786	*
6073	chr8	53970745	54213513	242769	*
6074	chr8	54213513	54433434	219922	*
6075	chr8	54433434	54657448	224015	*
6076	chr8	54657448	54872262	214815	*
6077	chr8	54872262	55093280	221019	*
6078	chr8	55093280	55301596	208317	*
6079	chr8	55301596	55522078	220483	*
6080	chr8	55522078	55758497	236420	*
6081	chr8	55758497	55984585	226089	*
6082	chr8	55984585	56214352	229768	*
6083	chr8	56214352	56458699	244348	*
6084	chr8	56458699	56675978	217280	*
6085	chr8	56675978	56892473	216496	*
6086	chr8	56892473	57113185	220713	*
6087	chr8	57113185	57343015	229831	*
6088	chr8	57343015	57554533	211519	*
6089	chr8	57554533	57773428	218896	*
6090	chr8	57773428	57986356	212929	*
6091	chr8	57986356	58197968	211613	*
6092	chr8	58197968	58418285	220318	*
6093	chr8	58418285	58636542	218258	*
6094	chr8	58636542	58854676	218135	*
6095	chr8	58854676	59067034	212359	*
6096	chr8	59067034	59280622	213589	*
6097	chr8	59280622	59506741	226120	*
6098	chr8	59506741	59719933	213193	*
6099	chr8	59719933	59942803	222871	*
6100	chr8	59942803	60169473	226671	*
6101	chr8	60169473	60385263	215791	*
6102	chr8	60385263	60614967	229705	*
6103	chr8	60614967	60824090	209124	*
6104	chr8	60824090	61036102	212013	*
6105	chr8	61036102	61267135	231034	*
6106	chr8	61267135	61490942	223808	*
6107	chr8	61490942	61698838	207897	*
6108	chr8	61698838	61913085	214248	*
6109	chr8	61913085	62132526	219442	*
6110	chr8	62132526	62358199	225674	*
6111	chr8	62358199	62566156	207958	*
6112	chr8	62566156	62776998	210843	*
6113	chr8	62776998	63005370	228373	*
6114	chr8	63005370	63235519	230150	*
6115	chr8	63235519	63451902	216384	*
6116	chr8	63451902	63670386	218485	*
6117	chr8	63670386	63887160	216775	*
6118	chr8	63887160	64099226	212067	*
6119	chr8	64099226	64324074	224849	*
6120	chr8	64324074	64537426	213353	*
6121	chr8	64537426	64750404	212979	*
6122	chr8	64750404	64971949	221546	*
6123	chr8	64971949	65193243	221295	*
6124	chr8	65193243	65407046	213804	*
6125	chr8	65407046	65641444	234399	*
6126	chr8	65641444	65862757	221314	*
6127	chr8	65862757	66088888	226132	*
6128	chr8	66088888	66304645	215758	*
6129	chr8	66304645	66523838	219194	*
6130	chr8	66523838	66755896	232059	*
6131	chr8	66755896	66989348	233453	*
6132	chr8	66989348	67213966	224619	*
6133	chr8	67213966	67442771	228806	*
6134	chr8	67442771	67669926	227156	*
6135	chr8	67669926	67884661	214736	*
6136	chr8	67884661	68098687	214027	*
6137	chr8	68098687	68311567	212881	*
6138	chr8	68311567	68536620	225054	*
6139	chr8	68536620	68755140	218521	*
6140	chr8	68755140	68966054	210915	*
6141	chr8	68966054	69192257	226204	*
6142	chr8	69192257	69419459	227203	*
6143	chr8	69419459	69631365	211907	*
6144	chr8	69631365	69858849	227485	*
6145	chr8	69858849	70109888	251040	*
6146	chr8	70109888	70320288	210401	*
6147	chr8	70320288	70540220	219933	*
6148	chr8	70540220	70785759	245540	*
6149	chr8	70785759	71020697	234939	*
6150	chr8	71020697	71226754	206058	*
6151	chr8	71226754	71442095	215342	*
6152	chr8	71442095	71657147	215053	*
6153	chr8	71657147	71882637	225491	*
6154	chr8	71882637	72096414	213778	*
6155	chr8	72096414	72327548	231135	*
6156	chr8	72327548	72545631	218084	*
6157	chr8	72545631	72757891	212261	*
6158	chr8	72757891	72978653	220763	*
6159	chr8	72978653	73199540	220888	*
6160	chr8	73199540	73423184	223645	*
6161	chr8	73423184	73639019	215836	*
6162	chr8	73639019	73867712	228694	*
6163	chr8	73867712	74102565	234854	*
6164	chr8	74102565	74322966	220402	*
6165	chr8	74322966	74548349	225384	*
6166	chr8	74548349	74768120	219772	*
6167	chr8	74768120	74986274	218155	*
6168	chr8	74986274	75200670	214397	*
6169	chr8	75200670	75431028	230359	*
6170	chr8	75431028	75659411	228384	*
6171	chr8	75659411	75870936	211526	*
6172	chr8	75870936	76083840	212905	*
6173	chr8	76083840	76295564	211725	*
6174	chr8	76295564	76520194	224631	*
6175	chr8	76520194	76726448	206255	*
6176	chr8	76726448	76934391	207944	*
6177	chr8	76934391	77159628	225238	*
6178	chr8	77159628	77375770	216143	*
6179	chr8	77375770	77583352	207583	*
6180	chr8	77583352	77794543	211192	*
6181	chr8	77794543	78016796	222254	*
6182	chr8	78016796	78231142	214347	*
6183	chr8	78231142	78445255	214114	*
6184	chr8	78445255	78657731	212477	*
6185	chr8	78657731	78875522	217792	*
6186	chr8	78875522	79088104	212583	*
6187	chr8	79088104	79310609	222506	*
6188	chr8	79310609	79525138	214530	*
6189	chr8	79525138	79744600	219463	*
6190	chr8	79744600	79962824	218225	*
6191	chr8	79962824	80188379	225556	*
6192	chr8	80188379	80430260	241882	*
6193	chr8	80430260	80658123	227864	*
6194	chr8	80658123	80875292	217170	*
6195	chr8	80875292	81088406	213115	*
6196	chr8	81088406	81305978	217573	*
6197	chr8	81305978	81528727	222750	*
6198	chr8	81528727	81745811	217085	*
6199	chr8	81745811	81970693	224883	*
6200	chr8	81970693	82190360	219668	*
6201	chr8	82190360	82405542	215183	*
6202	chr8	82405542	82626957	221416	*
6203	chr8	82626957	82832652	205696	*
6204	chr8	82832652	83042850	210199	*
6205	chr8	83042850	83258113	215264	*
6206	chr8	83258113	83480680	222568	*
6207	chr8	83480680	83705052	224373	*
6208	chr8	83705052	83930103	225052	*
6209	chr8	83930103	84148637	218535	*
6210	chr8	84148637	84357869	209233	*
6211	chr8	84357869	84581587	223719	*
6212	chr8	84581587	84803772	222186	*
6213	chr8	84803772	85035497	231726	*
6214	chr8	85035497	85264853	229357	*
6215	chr8	85264853	85881577	616725	*
6216	chr8	85881577	86092586	211010	*
6217	chr8	86092586	86311525	218940	*
6218	chr8	86311525	86528179	216655	*
6219	chr8	86528179	86748752	220574	*
6220	chr8	86748752	86970369	221618	*
6221	chr8	86970369	87184311	213943	*
6222	chr8	87184311	87427014	242704	*
6223	chr8	87427014	87654543	227530	*
6224	chr8	87654543	87871563	217021	*
6225	chr8	87871563	88082990	211428	*
6226	chr8	88082990	88299989	217000	*
6227	chr8	88299989	88515286	215298	*
6228	chr8	88515286	88747606	232321	*
6229	chr8	88747606	88966538	218933	*
6230	chr8	88966538	89187008	220471	*
6231	chr8	89187008	89412950	225943	*
6232	chr8	89412950	89648155	235206	*
6233	chr8	89648155	89877278	229124	*
6234	chr8	89877278	90098845	221568	*
6235	chr8	90098845	90313218	214374	*
6236	chr8	90313218	90542364	229147	*
6237	chr8	90542364	90760735	218372	*
6238	chr8	90760735	90969554	208820	*
6239	chr8	90969554	91183532	213979	*
6240	chr8	91183532	91398557	215026	*
6241	chr8	91398557	91629055	230499	*
6242	chr8	91629055	91856496	227442	*
6243	chr8	91856496	92077935	221440	*
6244	chr8	92077935	92300025	222091	*
6245	chr8	92300025	92525525	225501	*
6246	chr8	92525525	92735818	210294	*
6247	chr8	92735818	92943510	207693	*
6248	chr8	92943510	93155321	211812	*
6249	chr8	93155321	93366514	211194	*
6250	chr8	93366514	93592906	226393	*
6251	chr8	93592906	93817379	224474	*
6252	chr8	93817379	94049821	232443	*
6253	chr8	94049821	94267315	217495	*
6254	chr8	94267315	94488472	221158	*
6255	chr8	94488472	94721378	232907	*
6256	chr8	94721378	94952563	231186	*
6257	chr8	94952563	95174550	221988	*
6258	chr8	95174550	95391350	216801	*
6259	chr8	95391350	95617093	225744	*
6260	chr8	95617093	95836394	219302	*
6261	chr8	95836394	96053082	216689	*
6262	chr8	96053082	96273380	220299	*
6263	chr8	96273380	96488703	215324	*
6264	chr8	96488703	96701848	213146	*
6265	chr8	96701848	96916592	214745	*
6266	chr8	96916592	97133974	217383	*
6267	chr8	97133974	97360018	226045	*
6268	chr8	97360018	97596698	236681	*
6269	chr8	97596698	97837264	240567	*
6270	chr8	97837264	98061669	224406	*
6271	chr8	98061669	98284296	222628	*
6272	chr8	98284296	98495234	210939	*
6273	chr8	98495234	98736394	241161	*
6274	chr8	98736394	98967413	231020	*
6275	chr8	98967413	99198953	231541	*
6276	chr8	99198953	99429554	230602	*
6277	chr8	99429554	99653261	223708	*
6278	chr8	99653261	99874972	221712	*
6279	chr8	99874972	100110257	235286	*
6280	chr8	100110257	100335069	224813	*
6281	chr8	100335069	100554239	219171	*
6282	chr8	100554239	100780217	225979	*
6283	chr8	100780217	101011995	231779	*
6284	chr8	101011995	101225226	213232	*
6285	chr8	101225226	101444316	219091	*
6286	chr8	101444316	101659493	215178	*
6287	chr8	101659493	101882907	223415	*
6288	chr8	101882907	102101501	218595	*
6289	chr8	102101501	102323304	221804	*
6290	chr8	102323304	102552310	229007	*
6291	chr8	102552310	102771285	218976	*
6292	chr8	102771285	102998580	227296	*
6293	chr8	102998580	103210903	212324	*
6294	chr8	103210903	103426914	216012	*
6295	chr8	103426914	103653191	226278	*
6296	chr8	103653191	103879757	226567	*
6297	chr8	103879757	104096041	216285	*
6298	chr8	104096041	104318696	222656	*
6299	chr8	104318696	104529965	211270	*
6300	chr8	104529965	104749620	219656	*
6301	chr8	104749620	104958244	208625	*
6302	chr8	104958244	105171902	213659	*
6303	chr8	105171902	105387544	215643	*
6304	chr8	105387544	105597496	209953	*
6305	chr8	105597496	105811429	213934	*
6306	chr8	105811429	106037165	225737	*
6307	chr8	106037165	106255264	218100	*
6308	chr8	106255264	106466814	211551	*
6309	chr8	106466814	106681042	214229	*
6310	chr8	106681042	106901971	220930	*
6311	chr8	106901971	107119853	217883	*
6312	chr8	107119853	107331019	211167	*
6313	chr8	107331019	107539907	208889	*
6314	chr8	107539907	107764318	224412	*
6315	chr8	107764318	107985937	221620	*
6316	chr8	107985937	108222275	236339	*
6317	chr8	108222275	108436439	214165	*
6318	chr8	108436439	108654767	218329	*
6319	chr8	108654767	108865086	210320	*
6320	chr8	108865086	109084881	219796	*
6321	chr8	109084881	109298734	213854	*
6322	chr8	109298734	109518645	219912	*
6323	chr8	109518645	109728716	210072	*
6324	chr8	109728716	109954895	226180	*
6325	chr8	109954895	110168775	213881	*
6326	chr8	110168775	110385032	216258	*
6327	chr8	110385032	110600326	215295	*
6328	chr8	110600326	110806844	206519	*
6329	chr8	110806844	111024841	217998	*
6330	chr8	111024841	111239258	214418	*
6331	chr8	111239258	111449090	209833	*
6332	chr8	111449090	111667028	217939	*
6333	chr8	111667028	111877448	210421	*
6334	chr8	111877448	112091455	214008	*
6335	chr8	112091455	112311917	220463	*
6336	chr8	112311917	112519680	207764	*
6337	chr8	112519680	112737276	217597	*
6338	chr8	112737276	112947498	210223	*
6339	chr8	112947498	113153301	205804	*
6340	chr8	113153301	113365082	211782	*
6341	chr8	113365082	113582945	217864	*
6342	chr8	113582945	113795841	212897	*
6343	chr8	113795841	114015938	220098	*
6344	chr8	114015938	114242627	226690	*
6345	chr8	114242627	114460586	217960	*
6346	chr8	114460586	114685938	225353	*
6347	chr8	114685938	114896599	210662	*
6348	chr8	114896599	115111188	214590	*
6349	chr8	115111188	115326368	215181	*
6350	chr8	115326368	115539244	212877	*
6351	chr8	115539244	115743149	203906	*
6352	chr8	115743149	115959160	216012	*
6353	chr8	115959160	116170239	211080	*
6354	chr8	116170239	116388319	218081	*
6355	chr8	116388319	116609184	220866	*
6356	chr8	116609184	116823520	214337	*
6357	chr8	116823520	117038504	214985	*
6358	chr8	117038504	117249829	211326	*
6359	chr8	117249829	117466364	216536	*
6360	chr8	117466364	117681657	215294	*
6361	chr8	117681657	117894616	212960	*
6362	chr8	117894616	118108910	214295	*
6363	chr8	118108910	118322161	213252	*
6364	chr8	118322161	118535848	213688	*
6365	chr8	118535848	118756170	220323	*
6366	chr8	118756170	118970165	213996	*
6367	chr8	118970165	119187893	217729	*
6368	chr8	119187893	119423661	235769	*
6369	chr8	119423661	119654911	231251	*
6370	chr8	119654911	119879871	224961	*
6371	chr8	119879871	120115329	235459	*
6372	chr8	120115329	120338015	222687	*
6373	chr8	120338015	120556070	218056	*
6374	chr8	120556070	120776729	220660	*
6375	chr8	120776729	120988453	211725	*
6376	chr8	120988453	121212418	223966	*
6377	chr8	121212418	121433535	221118	*
6378	chr8	121433535	121653528	219994	*
6379	chr8	121653528	121871167	217640	*
6380	chr8	121871167	122093184	222018	*
6381	chr8	122093184	122316228	223045	*
6382	chr8	122316228	122532957	216730	*
6383	chr8	122532957	122743475	210519	*
6384	chr8	122743475	122957398	213924	*
6385	chr8	122957398	123181826	224429	*
6386	chr8	123181826	123411810	229985	*
6387	chr8	123411810	123634391	222582	*
6388	chr8	123634391	123844909	210519	*
6389	chr8	123844909	124062499	217591	*
6390	chr8	124062499	124279841	217343	*
6391	chr8	124279841	124506606	226766	*
6392	chr8	124506606	124723451	216846	*
6393	chr8	124723451	124945140	221690	*
6394	chr8	124945140	125158174	213035	*
6395	chr8	125158174	125383016	224843	*
6396	chr8	125383016	125607800	224785	*
6397	chr8	125607800	125822923	215124	*
6398	chr8	125822923	126034986	212064	*
6399	chr8	126034986	126251457	216472	*
6400	chr8	126251457	126481634	230178	*
6401	chr8	126481634	126698992	217359	*
6402	chr8	126698992	126920024	221033	*
6403	chr8	126920024	127140460	220437	*
6404	chr8	127140460	127359450	218991	*
6405	chr8	127359450	127575571	216122	*
6406	chr8	127575571	127795645	220075	*
6407	chr8	127795645	128016066	220422	*
6408	chr8	128016066	128224843	208778	*
6409	chr8	128224843	128438074	213232	*
6410	chr8	128438074	128653709	215636	*
6411	chr8	128653709	128889529	235821	*
6412	chr8	128889529	129106655	217127	*
6413	chr8	129106655	129319189	212535	*
6414	chr8	129319189	129536068	216880	*
6415	chr8	129536068	129755881	219814	*
6416	chr8	129755881	129976478	220598	*
6417	chr8	129976478	130198305	221828	*
6418	chr8	130198305	130405590	207286	*
6419	chr8	130405590	130620570	214981	*
6420	chr8	130620570	130832531	211962	*
6421	chr8	130832531	131038889	206359	*
6422	chr8	131038889	131271417	232529	*
6423	chr8	131271417	131490559	219143	*
6424	chr8	131490559	131710137	219579	*
6425	chr8	131710137	131934761	224625	*
6426	chr8	131934761	132149011	214251	*
6427	chr8	132149011	132360592	211582	*
6428	chr8	132360592	132569406	208815	*
6429	chr8	132569406	132787046	217641	*
6430	chr8	132787046	132991653	204608	*
6431	chr8	132991653	133196547	204895	*
6432	chr8	133196547	133405686	209140	*
6433	chr8	133405686	133620352	214667	*
6434	chr8	133620352	133835978	215627	*
6435	chr8	133835978	134050167	214190	*
6436	chr8	134050167	134267975	217809	*
6437	chr8	134267975	134482592	214618	*
6438	chr8	134482592	134696683	214092	*
6439	chr8	134696683	134907760	211078	*
6440	chr8	134907760	135116707	208948	*
6441	chr8	135116707	135334548	217842	*
6442	chr8	135334548	135547522	212975	*
6443	chr8	135547522	135754541	207020	*
6444	chr8	135754541	135984342	229802	*
6445	chr8	135984342	136199349	215008	*
6446	chr8	136199349	136407714	208366	*
6447	chr8	136407714	136622558	214845	*
6448	chr8	136622558	136836427	213870	*
6449	chr8	136836427	137057184	220758	*
6450	chr8	137057184	137273151	215968	*
6451	chr8	137273151	137484334	211184	*
6452	chr8	137484334	137698266	213933	*
6453	chr8	137698266	137919879	221614	*
6454	chr8	137919879	138146444	226566	*
6455	chr8	138146444	138367372	220929	*
6456	chr8	138367372	138581327	213956	*
6457	chr8	138581327	138793840	212514	*
6458	chr8	138793840	139007824	213985	*
6459	chr8	139007824	139219555	211732	*
6460	chr8	139219555	139430544	210990	*
6461	chr8	139430544	139637359	206816	*
6462	chr8	139637359	139844788	207430	*
6463	chr8	139844788	140058952	214165	*
6464	chr8	140058952	140271914	212963	*
6465	chr8	140271914	140511906	239993	*
6466	chr8	140511906	140732603	220698	*
6467	chr8	140732603	140945618	213016	*
6468	chr8	140945618	141169357	223740	*
6469	chr8	141169357	141381181	211825	*
6470	chr8	141381181	141589241	208061	*
6471	chr8	141589241	141803191	213951	*
6472	chr8	141803191	142023681	220491	*
6473	chr8	142023681	142231515	207835	*
6474	chr8	142231515	142440499	208985	*
6475	chr8	142440499	142646391	205893	*
6476	chr8	142646391	142867531	221141	*
6477	chr8	142867531	143102988	235458	*
6478	chr8	143102988	143325010	222023	*
6479	chr8	143325010	143538145	213136	*
6480	chr8	143538145	143765969	227825	*
6481	chr8	143765969	144308082	542114	*
6482	chr8	144308082	144528844	220763	*
6483	chr8	144528844	144765018	236175	*
6484	chr8	144765018	145007597	242580	*
6485	chr9	394723	611237	216515	*
6486	chr9	611237	838170	226934	*
6487	chr9	838170	1055887	217718	*
6488	chr9	1055887	1284403	228517	*
6489	chr9	1284403	1499428	215026	*
6490	chr9	1499428	1721610	222183	*
6491	chr9	1721610	1949292	227683	*
6492	chr9	1949292	2157716	208425	*
6493	chr9	2157716	2371864	214149	*
6494	chr9	2371864	2595940	224077	*
6495	chr9	2595940	2806624	210685	*
6496	chr9	2806624	3021047	214424	*
6497	chr9	3021047	3238213	217167	*
6498	chr9	3238213	3453837	215625	*
6499	chr9	3453837	3675406	221570	*
6500	chr9	3675406	3889708	214303	*
6501	chr9	3889708	4096474	206767	*
6502	chr9	4096474	4311632	215159	*
6503	chr9	4311632	4539381	227750	*
6504	chr9	4539381	4763725	224345	*
6505	chr9	4763725	4993417	229693	*
6506	chr9	4993417	5221199	227783	*
6507	chr9	5221199	5459538	238340	*
6508	chr9	5459538	5687976	228439	*
6509	chr9	5687976	5908151	220176	*
6510	chr9	5908151	6139292	231142	*
6511	chr9	6139292	6392808	253517	*
6512	chr9	6392808	6620611	227804	*
6513	chr9	6620611	6869533	248923	*
6514	chr9	6869533	7080295	210763	*
6515	chr9	7080295	7299125	218831	*
6516	chr9	7299125	7509415	210291	*
6517	chr9	7509415	7728399	218985	*
6518	chr9	7728399	7944555	216157	*
6519	chr9	7944555	8166882	222328	*
6520	chr9	8166882	8383728	216847	*
6521	chr9	8383728	8588029	204302	*
6522	chr9	8588029	8798465	210437	*
6523	chr9	8798465	9012109	213645	*
6524	chr9	9012109	9221523	209415	*
6525	chr9	9221523	9438601	217079	*
6526	chr9	9438601	9644359	205759	*
6527	chr9	9644359	9858958	214600	*
6528	chr9	9858958	10074449	215492	*
6529	chr9	10074449	10287500	213052	*
6530	chr9	10287500	10503392	215893	*
6531	chr9	10503392	10713393	210002	*
6532	chr9	10713393	10942241	228849	*
6533	chr9	10942241	11159548	217308	*
6534	chr9	11159548	11373904	214357	*
6535	chr9	11373904	11586895	212992	*
6536	chr9	11586895	11810147	223253	*
6537	chr9	11810147	12028720	218574	*
6538	chr9	12028720	12242049	213330	*
6539	chr9	12242049	12459322	217274	*
6540	chr9	12459322	12671413	212092	*
6541	chr9	12671413	12881042	209630	*
6542	chr9	12881042	13101309	220268	*
6543	chr9	13101309	13312789	211481	*
6544	chr9	13312789	13528744	215956	*
6545	chr9	13528744	13742395	213652	*
6546	chr9	13742395	13954146	211752	*
6547	chr9	13954146	14165668	211523	*
6548	chr9	14165668	14371858	206191	*
6549	chr9	14371858	14583705	211848	*
6550	chr9	14583705	14800090	216386	*
6551	chr9	14800090	15034046	233957	*
6552	chr9	15034046	15258457	224412	*
6553	chr9	15258457	15491574	233118	*
6554	chr9	15491574	15740280	248707	*
6555	chr9	15740280	15972431	232152	*
6556	chr9	15972431	16186234	213804	*
6557	chr9	16186234	16400655	214422	*
6558	chr9	16400655	16612401	211747	*
6559	chr9	16612401	16824840	212440	*
6560	chr9	16824840	17049115	224276	*
6561	chr9	17049115	17293392	244278	*
6562	chr9	17293392	17505408	212017	*
6563	chr9	17505408	17727998	222591	*
6564	chr9	17727998	17947117	219120	*
6565	chr9	17947117	18155770	208654	*
6566	chr9	18155770	18374654	218885	*
6567	chr9	18374654	18589952	215299	*
6568	chr9	18589952	18808130	218179	*
6569	chr9	18808130	19032171	224042	*
6570	chr9	19032171	19282446	250276	*
6571	chr9	19282446	19510608	228163	*
6572	chr9	19510608	19731826	221219	*
6573	chr9	19731826	19958071	226246	*
6574	chr9	19958071	20179356	221286	*
6575	chr9	20179356	20394385	215030	*
6576	chr9	20394385	20604329	209945	*
6577	chr9	20604329	20824880	220552	*
6578	chr9	20824880	21038929	214050	*
6579	chr9	21038929	21281460	242532	*
6580	chr9	21281460	21504267	222808	*
6581	chr9	21504267	21723096	218830	*
6582	chr9	21723096	21946516	223421	*
6583	chr9	21946516	22165404	218889	*
6584	chr9	22165404	22391686	226283	*
6585	chr9	22391686	22616485	224800	*
6586	chr9	22616485	22842229	225745	*
6587	chr9	22842229	23056887	214659	*
6588	chr9	23056887	23274775	217889	*
6589	chr9	23274775	23488837	214063	*
6590	chr9	23488837	23696768	207932	*
6591	chr9	23696768	23906281	209514	*
6592	chr9	23906281	24137693	231413	*
6593	chr9	24137693	24361160	223468	*
6594	chr9	24361160	24581900	220741	*
6595	chr9	24581900	24805242	223343	*
6596	chr9	24805242	25020188	214947	*
6597	chr9	25020188	25250976	230789	*
6598	chr9	25250976	25463921	212946	*
6599	chr9	25463921	25676906	212986	*
6600	chr9	25676906	25888768	211863	*
6601	chr9	25888768	26111118	222351	*
6602	chr9	26111118	26326908	215791	*
6603	chr9	26326908	26544500	217593	*
6604	chr9	26544500	26760902	216403	*
6605	chr9	26760902	26986979	226078	*
6606	chr9	26986979	27208670	221692	*
6607	chr9	27208670	27434548	225879	*
6608	chr9	27434548	27652277	217730	*
6609	chr9	27652277	27871872	219596	*
6610	chr9	27871872	28076685	204814	*
6611	chr9	28076685	28301116	224432	*
6612	chr9	28301116	28521556	220441	*
6613	chr9	28521556	28739451	217896	*
6614	chr9	28739451	28949204	209754	*
6615	chr9	28949204	29167141	217938	*
6616	chr9	29167141	29386504	219364	*
6617	chr9	29386504	29602708	216205	*
6618	chr9	29602708	29815031	212324	*
6619	chr9	29815031	30027649	212619	*
6620	chr9	30027649	30242524	214876	*
6621	chr9	30242524	30456249	213726	*
6622	chr9	30456249	30678818	222570	*
6623	chr9	30678818	30895039	216222	*
6624	chr9	30895039	31117525	222487	*
6625	chr9	31117525	31345376	227852	*
6626	chr9	31345376	31563882	218507	*
6627	chr9	31563882	31773718	209837	*
6628	chr9	31773718	32002289	228572	*
6629	chr9	32002289	32246766	244478	*
6630	chr9	32246766	32463992	217227	*
6631	chr9	32463992	32693230	229239	*
6632	chr9	32693230	32917274	224045	*
6633	chr9	32917274	33150343	233070	*
6634	chr9	33150343	33374814	224472	*
6635	chr9	33374814	33686086	311273	*
6636	chr9	33686086	33940323	254238	*
6637	chr9	33940323	34193005	252683	*
6638	chr9	34193005	34426318	233314	*
6639	chr9	34426318	34646146	219829	*
6640	chr9	34646146	34888000	241855	*
6641	chr9	34888000	35114947	226948	*
6642	chr9	35114947	35349665	234719	*
6643	chr9	35349665	35569230	219566	*
6644	chr9	35569230	35793026	223797	*
6645	chr9	35793026	36009352	216327	*
6646	chr9	36009352	36232699	223348	*
6647	chr9	36232699	36471148	238450	*
6648	chr9	36471148	36718872	247725	*
6649	chr9	36718872	36926264	207393	*
6650	chr9	36926264	37148695	222432	*
6651	chr9	37148695	37363255	214561	*
6652	chr9	37363255	37586508	223254	*
6653	chr9	37586508	37805668	219161	*
6654	chr9	37805668	38024650	218983	*
6655	chr9	38024650	38240078	215429	*
6656	chr9	38240078	38455275	215198	*
6657	chr9	38455275	68502468	30047194	*
6658	chr9	68502468	68718495	216028	*
6659	chr9	68718495	68926450	207956	*
6660	chr9	68926450	69157299	230850	*
6661	chr9	69157299	69380660	223362	*
6662	chr9	69380660	69619090	238431	*
6663	chr9	69619090	69834809	215720	*
6664	chr9	69834809	70049484	214676	*
6665	chr9	70049484	70278759	229276	*
6666	chr9	70278759	70497159	218401	*
6667	chr9	70497159	70746201	249043	*
6668	chr9	70746201	70956696	210496	*
6669	chr9	70956696	71164507	207812	*
6670	chr9	71164507	71382681	218175	*
6671	chr9	71382681	71599560	216880	*
6672	chr9	71599560	71816336	216777	*
6673	chr9	71816336	72043659	227324	*
6674	chr9	72043659	72279563	235905	*
6675	chr9	72279563	72509705	230143	*
6676	chr9	72509705	72733742	224038	*
6677	chr9	72733742	72949454	215713	*
6678	chr9	72949454	73159459	210006	*
6679	chr9	73159459	73373456	213998	*
6680	chr9	73373456	73581378	207923	*
6681	chr9	73581378	73791282	209905	*
6682	chr9	73791282	74004294	213013	*
6683	chr9	74004294	74229902	225609	*
6684	chr9	74229902	74444270	214369	*
6685	chr9	74444270	74651882	207613	*
6686	chr9	74651882	74869435	217554	*
6687	chr9	74869435	75091635	222201	*
6688	chr9	75091635	75320823	229189	*
6689	chr9	75320823	75542573	221751	*
6690	chr9	75542573	75764615	222043	*
6691	chr9	75764615	75984490	219876	*
6692	chr9	75984490	76194130	209641	*
6693	chr9	76194130	76419224	225095	*
6694	chr9	76419224	76646237	227014	*
6695	chr9	76646237	76869215	222979	*
6696	chr9	76869215	77095271	226057	*
6697	chr9	77095271	77316937	221667	*
6698	chr9	77316937	77542518	225582	*
6699	chr9	77542518	77768466	225949	*
6700	chr9	77768466	77980830	212365	*
6701	chr9	77980830	78219092	238263	*
6702	chr9	78219092	78442218	223127	*
6703	chr9	78442218	78657906	215689	*
6704	chr9	78657906	78867870	209965	*
6705	chr9	78867870	79080777	212908	*
6706	chr9	79080777	79300293	219517	*
6707	chr9	79300293	79520158	219866	*
6708	chr9	79520158	79733581	213424	*
6709	chr9	79733581	79947508	213928	*
6710	chr9	79947508	80162725	215218	*
6711	chr9	80162725	80376199	213475	*
6712	chr9	80376199	80594279	218081	*
6713	chr9	80594279	80827115	232837	*
6714	chr9	80827115	81044580	217466	*
6715	chr9	81044580	81263919	219340	*
6716	chr9	81263919	81486554	222636	*
6717	chr9	81486554	81707995	221442	*
6718	chr9	81707995	81976626	268632	*
6719	chr9	81976626	82196769	220144	*
6720	chr9	82196769	82417405	220637	*
6721	chr9	82417405	82631526	214122	*
6722	chr9	82631526	82853209	221684	*
6723	chr9	82853209	83072074	218866	*
6724	chr9	83072074	83292827	220754	*
6725	chr9	83292827	83504639	211813	*
6726	chr9	83504639	83727000	222362	*
6727	chr9	83727000	84011525	284526	*
6728	chr9	84011525	84236868	225344	*
6729	chr9	84236868	84462362	225495	*
6730	chr9	84462362	84680313	217952	*
6731	chr9	84680313	84886737	206425	*
6732	chr9	84886737	85099911	213175	*
6733	chr9	85099911	85315950	216040	*
6734	chr9	85315950	85541512	225563	*
6735	chr9	85541512	85779706	238195	*
6736	chr9	85779706	86043740	264035	*
6737	chr9	86043740	86293609	249870	*
6738	chr9	86293609	86526417	232809	*
6739	chr9	86526417	86744929	218513	*
6740	chr9	86744929	86956811	211883	*
6741	chr9	86956811	87171890	215080	*
6742	chr9	87171890	87386240	214351	*
6743	chr9	87386240	87611802	225563	*
6744	chr9	87611802	87828302	216501	*
6745	chr9	87828302	88088210	259909	*
6746	chr9	88088210	88351183	262974	*
6747	chr9	88351183	88586677	235495	*
6748	chr9	88586677	88806195	219519	*
6749	chr9	88806195	89023666	217472	*
6750	chr9	89023666	89239921	216256	*
6751	chr9	89239921	89453799	213879	*
6752	chr9	89453799	89977473	523675	*
6753	chr9	89977473	90192603	215131	*
6754	chr9	90192603	90430461	237859	*
6755	chr9	90430461	90640042	209582	*
6756	chr9	90640042	90871529	231488	*
6757	chr9	90871529	91083784	212256	*
6758	chr9	91083784	91303739	219956	*
6759	chr9	91303739	91521762	218024	*
6760	chr9	91521762	91742873	221112	*
6761	chr9	91742873	91958031	215159	*
6762	chr9	91958031	92204284	246254	*
6763	chr9	92204284	92432567	228284	*
6764	chr9	92432567	92663844	231278	*
6765	chr9	92663844	92909426	245583	*
6766	chr9	92909426	93134984	225559	*
6767	chr9	93134984	93358970	223987	*
6768	chr9	93358970	93577977	219008	*
6769	chr9	93577977	93794355	216379	*
6770	chr9	93794355	94009513	215159	*
6771	chr9	94009513	94591872	582360	*
6772	chr9	94591872	94818881	227010	*
6773	chr9	94818881	95034521	215641	*
6774	chr9	95034521	95247680	213160	*
6775	chr9	95247680	95472531	224852	*
6776	chr9	95472531	95684182	211652	*
6777	chr9	95684182	95903647	219466	*
6778	chr9	95903647	96117252	213606	*
6779	chr9	96117252	96337687	220436	*
6780	chr9	96337687	96570975	233289	*
6781	chr9	96570975	97154740	583766	*
6782	chr9	97154740	97417823	263084	*
6783	chr9	97417823	97638630	220808	*
6784	chr9	97638630	97851256	212627	*
6785	chr9	97851256	98080695	229440	*
6786	chr9	98080695	98304720	224026	*
6787	chr9	98304720	98522622	217903	*
6788	chr9	98522622	98732837	210216	*
6789	chr9	98732837	98947159	214323	*
6790	chr9	98947159	99155448	208290	*
6791	chr9	99155448	99367297	211850	*
6792	chr9	99367297	99579075	211779	*
6793	chr9	99579075	99793672	214598	*
6794	chr9	99793672	100011474	217803	*
6795	chr9	100011474	100240943	229470	*
6796	chr9	100240943	100467493	226551	*
6797	chr9	100467493	100700388	232896	*
6798	chr9	100700388	100937456	237069	*
6799	chr9	100937456	101158172	220717	*
6800	chr9	101158172	101372222	214051	*
6801	chr9	101372222	101586619	214398	*
6802	chr9	101586619	101795854	209236	*
6803	chr9	101795854	102015803	219950	*
6804	chr9	102015803	102246419	230617	*
6805	chr9	102246419	102467283	220865	*
6806	chr9	102467283	102681020	213738	*
6807	chr9	102681020	102900067	219048	*
6808	chr9	102900067	103113033	212967	*
6809	chr9	103113033	103333805	220773	*
6810	chr9	103333805	103553444	219640	*
6811	chr9	103553444	103775121	221678	*
6812	chr9	103775121	103987775	212655	*
6813	chr9	103987775	104206120	218346	*
6814	chr9	104206120	104428407	222288	*
6815	chr9	104428407	104648563	220157	*
6816	chr9	104648563	104870161	221599	*
6817	chr9	104870161	105102329	232169	*
6818	chr9	105102329	105326509	224181	*
6819	chr9	105326509	105556159	229651	*
6820	chr9	105556159	105801351	245193	*
6821	chr9	105801351	106016124	214774	*
6822	chr9	106016124	106243428	227305	*
6823	chr9	106243428	106456840	213413	*
6824	chr9	106456840	106684501	227662	*
6825	chr9	106684501	106901254	216754	*
6826	chr9	106901254	107110906	209653	*
6827	chr9	107110906	107326924	216019	*
6828	chr9	107326924	107561368	234445	*
6829	chr9	107561368	107786084	224717	*
6830	chr9	107786084	107997089	211006	*
6831	chr9	107997089	108210924	213836	*
6832	chr9	108210924	108421182	210259	*
6833	chr9	108421182	108641386	220205	*
6834	chr9	108641386	108860138	218753	*
6835	chr9	108860138	109074250	214113	*
6836	chr9	109074250	109290778	216529	*
6837	chr9	109290778	109503746	212969	*
6838	chr9	109503746	109722904	219159	*
6839	chr9	109722904	109938220	215317	*
6840	chr9	109938220	110160987	222768	*
6841	chr9	110160987	110389945	228959	*
6842	chr9	110389945	110616961	227017	*
6843	chr9	110616961	110839012	222052	*
6844	chr9	110839012	111053703	214692	*
6845	chr9	111053703	111278318	224616	*
6846	chr9	111278318	111505695	227378	*
6847	chr9	111505695	111736860	231166	*
6848	chr9	111736860	111963917	227058	*
6849	chr9	111963917	112190060	226144	*
6850	chr9	112190060	112416731	226672	*
6851	chr9	112416731	112635611	218881	*
6852	chr9	112635611	112864076	228466	*
6853	chr9	112864076	113121581	257506	*
6854	chr9	113121581	113345513	223933	*
6855	chr9	113345513	113569958	224446	*
6856	chr9	113569958	113780987	211030	*
6857	chr9	113780987	113989385	208399	*
6858	chr9	113989385	114197912	208528	*
6859	chr9	114197912	114415262	217351	*
6860	chr9	114415262	114632559	217298	*
6861	chr9	114632559	114847887	215329	*
6862	chr9	114847887	115062325	214439	*
6863	chr9	115062325	115273360	211036	*
6864	chr9	115273360	115493699	220340	*
6865	chr9	115493699	115705450	211752	*
6866	chr9	115705450	115932180	226731	*
6867	chr9	115932180	116142907	210728	*
6868	chr9	116142907	116347686	204780	*
6869	chr9	116347686	116566770	219085	*
6870	chr9	116566770	116782868	216099	*
6871	chr9	116782868	116994630	211763	*
6872	chr9	116994630	117209520	214891	*
6873	chr9	117209520	117413753	204234	*
6874	chr9	117413753	117620037	206285	*
6875	chr9	117620037	117826277	206241	*
6876	chr9	117826277	118039121	212845	*
6877	chr9	118039121	118249994	210874	*
6878	chr9	118249994	118455928	205935	*
6879	chr9	118455928	118676484	220557	*
6880	chr9	118676484	118887651	211168	*
6881	chr9	118887651	119102836	215186	*
6882	chr9	119102836	119318977	216142	*
6883	chr9	119318977	119530560	211584	*
6884	chr9	119530560	119748970	218411	*
6885	chr9	119748970	119957050	208081	*
6886	chr9	119957050	120174937	217888	*
6887	chr9	120174937	120391540	216604	*
6888	chr9	120391540	120609906	218367	*
6889	chr9	120609906	120833542	223637	*
6890	chr9	120833542	121052043	218502	*
6891	chr9	121052043	121274186	222144	*
6892	chr9	121274186	121497479	223294	*
6893	chr9	121497479	121719752	222274	*
6894	chr9	121719752	121933073	213322	*
6895	chr9	121933073	122148546	215474	*
6896	chr9	122148546	122364058	215513	*
6897	chr9	122364058	122599946	235889	*
6898	chr9	122599946	122836670	236725	*
6899	chr9	122836670	123061910	225241	*
6900	chr9	123061910	123273626	211717	*
6901	chr9	123273626	123491187	217562	*
6902	chr9	123491187	123701093	209907	*
6903	chr9	123701093	123922114	221022	*
6904	chr9	123922114	124149530	227417	*
6905	chr9	124149530	124368426	218897	*
6906	chr9	124368426	124582818	214393	*
6907	chr9	124582818	124803192	220375	*
6908	chr9	124803192	125042426	239235	*
6909	chr9	125042426	125291613	249188	*
6910	chr9	125291613	125517736	226124	*
6911	chr9	125517736	125743216	225481	*
6912	chr9	125743216	125956612	213397	*
6913	chr9	125956612	126172543	215932	*
6914	chr9	126172543	126383128	210586	*
6915	chr9	126383128	126594562	211435	*
6916	chr9	126594562	126815616	221055	*
6917	chr9	126815616	127043584	227969	*
6918	chr9	127043584	127249605	206022	*
6919	chr9	127249605	127468293	218689	*
6920	chr9	127468293	127700054	231762	*
6921	chr9	127700054	127926921	226868	*
6922	chr9	127926921	128162093	235173	*
6923	chr9	128162093	128400835	238743	*
6924	chr9	128400835	128642615	241781	*
6925	chr9	128642615	128901864	259250	*
6926	chr9	128901864	129141846	239983	*
6927	chr9	129141846	129366141	224296	*
6928	chr9	129366141	129592170	226030	*
6929	chr9	129592170	129823385	231216	*
6930	chr9	129823385	130060253	236869	*
6931	chr9	130060253	130543383	483131	*
6932	chr9	130543383	130776638	233256	*
6933	chr9	130776638	130999187	222550	*
6934	chr9	130999187	131225603	226417	*
6935	chr9	131225603	131470851	245249	*
6936	chr9	131470851	131693195	222345	*
6937	chr9	131693195	131910920	217726	*
6938	chr9	131910920	132124031	213112	*
6939	chr9	132124031	132343939	219909	*
6940	chr9	132343939	132572062	228124	*
6941	chr9	132572062	132787599	215538	*
6942	chr9	132787599	133004245	216647	*
6943	chr9	133004245	133243140	238896	*
6944	chr9	133243140	133475476	232337	*
6945	chr9	133475476	133720482	245007	*
6946	chr9	133720482	133933346	212865	*
6947	chr9	133933346	134166870	233525	*
6948	chr9	134166870	134396196	229327	*
6949	chr9	134396196	134615273	219078	*
6950	chr9	134615273	134822980	207708	*
6951	chr9	134822980	135037946	214967	*
6952	chr9	135037946	135246710	208765	*
6953	chr9	135246710	135466234	219525	*
6954	chr9	135466234	135690747	224514	*
6955	chr9	135690747	135903281	212535	*
6956	chr9	135903281	136140818	237538	*
6957	chr9	136140818	136398609	257792	*
6958	chr9	136398609	136613982	215374	*
6959	chr9	136613982	136842212	228231	*
6960	chr9	136842212	137065056	222845	*
6961	chr9	137065056	137287933	222878	*
6962	chr9	137287933	137521367	233435	*
6963	chr9	137521367	137758298	236932	*
6964	chr10	285157	510562	225406	*
6965	chr10	510562	724630	214069	*
6966	chr10	724630	953936	229307	*
6967	chr10	953936	1175135	221200	*
6968	chr10	1175135	1410662	235528	*
6969	chr10	1410662	1626695	216034	*
6970	chr10	1626695	1839928	213234	*
6971	chr10	1839928	2049929	210002	*
6972	chr10	2049929	2259007	209079	*
6973	chr10	2259007	2467981	208975	*
6974	chr10	2467981	2679773	211793	*
6975	chr10	2679773	2891035	211263	*
6976	chr10	2891035	3107204	216170	*
6977	chr10	3107204	3322726	215523	*
6978	chr10	3322726	3533595	210870	*
6979	chr10	3533595	3745505	211911	*
6980	chr10	3745505	3956788	211284	*
6981	chr10	3956788	4167532	210745	*
6982	chr10	4167532	4373978	206447	*
6983	chr10	4373978	4579927	205950	*
6984	chr10	4579927	4785533	205607	*
6985	chr10	4785533	5040865	255333	*
6986	chr10	5040865	5292016	251152	*
6987	chr10	5292016	5507189	215174	*
6988	chr10	5507189	5718293	211105	*
6989	chr10	5718293	5948387	230095	*
6990	chr10	5948387	6170268	221882	*
6991	chr10	6170268	6402309	232042	*
6992	chr10	6402309	6622892	220584	*
6993	chr10	6622892	6856529	233638	*
6994	chr10	6856529	7079184	222656	*
6995	chr10	7079184	7296605	217422	*
6996	chr10	7296605	7512133	215529	*
6997	chr10	7512133	7733424	221292	*
6998	chr10	7733424	7950596	217173	*
6999	chr10	7950596	8166732	216137	*
7000	chr10	8166732	8380817	214086	*
7001	chr10	8380817	8593889	213073	*
7002	chr10	8593889	8805368	211480	*
7003	chr10	8805368	9016865	211498	*
7004	chr10	9016865	9227136	210272	*
7005	chr10	9227136	9440005	212870	*
7006	chr10	9440005	9659599	219595	*
7007	chr10	9659599	9870074	210476	*
7008	chr10	9870074	10091058	220985	*
7009	chr10	10091058	10305601	214544	*
7010	chr10	10305601	10514557	208957	*
7011	chr10	10514557	10738812	224256	*
7012	chr10	10738812	10950095	211284	*
7013	chr10	10950095	11157734	207640	*
7014	chr10	11157734	11361804	204071	*
7015	chr10	11361804	11576537	214734	*
7016	chr10	11576537	11807582	231046	*
7017	chr10	11807582	12041583	234002	*
7018	chr10	12041583	12290658	249076	*
7019	chr10	12290658	12530708	240051	*
7020	chr10	12530708	12752334	221627	*
7021	chr10	12752334	12976238	223905	*
7022	chr10	12976238	13210021	233784	*
7023	chr10	13210021	13453114	243094	*
7024	chr10	13453114	13667130	214017	*
7025	chr10	13667130	13887872	220743	*
7026	chr10	13887872	14104298	216427	*
7027	chr10	14104298	14315103	210806	*
7028	chr10	14315103	14531279	216177	*
7029	chr10	14531279	14750035	218757	*
7030	chr10	14750035	14980547	230513	*
7031	chr10	14980547	15231561	251015	*
7032	chr10	15231561	15459297	227737	*
7033	chr10	15459297	15681988	222692	*
7034	chr10	15681988	15897645	215658	*
7035	chr10	15897645	16118227	220583	*
7036	chr10	16118227	16344970	226744	*
7037	chr10	16344970	16566377	221408	*
7038	chr10	16566377	16781719	215343	*
7039	chr10	16781719	17000939	219221	*
7040	chr10	17000939	17219406	218468	*
7041	chr10	17219406	17440140	220735	*
7042	chr10	17440140	18071355	631216	*
7043	chr10	18071355	18285739	214385	*
7044	chr10	18285739	18509334	223596	*
7045	chr10	18509334	18741965	232632	*
7046	chr10	18741965	18958618	216654	*
7047	chr10	18958618	19189281	230664	*
7048	chr10	19189281	19402164	212884	*
7049	chr10	19402164	19622521	220358	*
7050	chr10	19622521	19840796	218276	*
7051	chr10	19840796	20054342	213547	*
7052	chr10	20054342	20269283	214942	*
7053	chr10	20269283	20504166	234884	*
7054	chr10	20504166	20731075	226910	*
7055	chr10	20731075	20950358	219284	*
7056	chr10	20950358	21167309	216952	*
7057	chr10	21167309	21401313	234005	*
7058	chr10	21401313	21636274	234962	*
7059	chr10	21636274	21865753	229480	*
7060	chr10	21865753	22087234	221482	*
7061	chr10	22087234	22317665	230432	*
7062	chr10	22317665	22538557	220893	*
7063	chr10	22538557	22750045	211489	*
7064	chr10	22750045	22977754	227710	*
7065	chr10	22977754	23193196	215443	*
7066	chr10	23193196	23415905	222710	*
7067	chr10	23415905	23645310	229406	*
7068	chr10	23645310	23871433	226124	*
7069	chr10	23871433	24092846	221414	*
7070	chr10	24092846	24311886	219041	*
7071	chr10	24311886	24529089	217204	*
7072	chr10	24529089	24754230	225142	*
7073	chr10	24754230	24977383	223154	*
7074	chr10	24977383	25197865	220483	*
7075	chr10	25197865	25420254	222390	*
7076	chr10	25420254	25646965	226712	*
7077	chr10	25646965	25871332	224368	*
7078	chr10	25871332	26096824	225493	*
7079	chr10	26096824	26317322	220499	*
7080	chr10	26317322	26540732	223411	*
7081	chr10	26540732	26779246	238515	*
7082	chr10	26779246	27017882	238637	*
7083	chr10	27017882	27251137	233256	*
7084	chr10	27251137	27501978	250842	*
7085	chr10	27501978	27718909	216932	*
7086	chr10	27718909	27939923	221015	*
7087	chr10	27939923	28159750	219828	*
7088	chr10	28159750	28381108	221359	*
7089	chr10	28381108	28606543	225436	*
7090	chr10	28606543	28834292	227750	*
7091	chr10	28834292	29051183	216892	*
7092	chr10	29051183	29264139	212957	*
7093	chr10	29264139	29497380	233242	*
7094	chr10	29497380	29729113	231734	*
7095	chr10	29729113	29946361	217249	*
7096	chr10	29946361	30167161	220801	*
7097	chr10	30167161	30396865	229705	*
7098	chr10	30396865	30635618	238754	*
7099	chr10	30635618	30867083	231466	*
7100	chr10	30867083	31090108	223026	*
7101	chr10	31090108	31314491	224384	*
7102	chr10	31314491	31540253	225763	*
7103	chr10	31540253	31764439	224187	*
7104	chr10	31764439	31989340	224902	*
7105	chr10	31989340	32225807	236468	*
7106	chr10	32225807	32452086	226280	*
7107	chr10	32452086	32710470	258385	*
7108	chr10	32710470	32952717	242248	*
7109	chr10	32952717	33172422	219706	*
7110	chr10	33172422	33382099	209678	*
7111	chr10	33382099	33600365	218267	*
7112	chr10	33600365	33815643	215279	*
7113	chr10	33815643	34041847	226205	*
7114	chr10	34041847	34255098	213252	*
7115	chr10	34255098	34466021	210924	*
7116	chr10	34466021	34679720	213700	*
7117	chr10	34679720	34908204	228485	*
7118	chr10	34908204	35144870	236667	*
7119	chr10	35144870	35375350	230481	*
7120	chr10	35375350	35594940	219591	*
7121	chr10	35594940	35810551	215612	*
7122	chr10	35810551	36041678	231128	*
7123	chr10	36041678	36256720	215043	*
7124	chr10	36256720	36482553	225834	*
7125	chr10	36482553	36706736	224184	*
7126	chr10	36706736	36946716	239981	*
7127	chr10	36946716	37238996	292281	*
7128	chr10	37238996	37468352	229357	*
7129	chr10	37468352	37711406	243055	*
7130	chr10	37711406	37949951	238546	*
7131	chr10	37949951	42424178	4474228	*
7132	chr10	42424178	42690269	266092	*
7133	chr10	42690269	42950298	260030	*
7134	chr10	42950298	43158746	208449	*
7135	chr10	43158746	43380704	221959	*
7136	chr10	43380704	43628390	247687	*
7137	chr10	43628390	43848362	219973	*
7138	chr10	43848362	44059889	211528	*
7139	chr10	44059889	44301128	241240	*
7140	chr10	44301128	44527182	226055	*
7141	chr10	44527182	44741993	214812	*
7142	chr10	44741993	44948541	206549	*
7143	chr10	44948541	45184605	236065	*
7144	chr10	45184605	45437795	253191	*
7145	chr10	45437795	47429021	1991227	*
7146	chr10	47429021	48210231	781211	*
7147	chr10	48210231	48424792	214562	*
7148	chr10	48424792	48629908	205117	*
7149	chr10	48629908	48838900	208993	*
7150	chr10	48838900	49046574	207675	*
7151	chr10	49046574	49258711	212138	*
7152	chr10	49258711	49471246	212536	*
7153	chr10	49471246	50334132	862887	*
7154	chr10	50334132	50552533	218402	*
7155	chr10	50552533	50847251	294719	*
7156	chr10	50847251	51057952	210702	*
7157	chr10	51057952	51269227	211276	*
7158	chr10	51269227	51484825	215599	*
7159	chr10	51484825	51700319	215495	*
7160	chr10	51700319	51909057	208739	*
7161	chr10	51909057	52129229	220173	*
7162	chr10	52129229	52348628	219400	*
7163	chr10	52348628	52569932	221305	*
7164	chr10	52569932	52788662	218731	*
7165	chr10	52788662	53004544	215883	*
7166	chr10	53004544	53218881	214338	*
7167	chr10	53218881	53437844	218964	*
7168	chr10	53437844	53660969	223126	*
7169	chr10	53660969	53879200	218232	*
7170	chr10	53879200	54099812	220613	*
7171	chr10	54099812	54321456	221645	*
7172	chr10	54321456	54544833	223378	*
7173	chr10	54544833	54754942	210110	*
7174	chr10	54754942	54964899	209958	*
7175	chr10	54964899	55179804	214906	*
7176	chr10	55179804	55389329	209526	*
7177	chr10	55389329	55599671	210343	*
7178	chr10	55599671	55835758	236088	*
7179	chr10	55835758	56053426	217669	*
7180	chr10	56053426	56271412	217987	*
7181	chr10	56271412	56488831	217420	*
7182	chr10	56488831	56714919	226089	*
7183	chr10	56714919	56924965	210047	*
7184	chr10	56924965	57139073	214109	*
7185	chr10	57139073	57349340	210268	*
7186	chr10	57349340	57571979	222640	*
7187	chr10	57571979	57789977	217999	*
7188	chr10	57789977	58008477	218501	*
7189	chr10	58008477	58228235	219759	*
7190	chr10	58228235	58455353	227119	*
7191	chr10	58455353	58674118	218766	*
7192	chr10	58674118	58896201	222084	*
7193	chr10	58896201	59107938	211738	*
7194	chr10	59107938	59323009	215072	*
7195	chr10	59323009	59550049	227041	*
7196	chr10	59550049	59775639	225591	*
7197	chr10	59775639	59996076	220438	*
7198	chr10	59996076	60209457	213382	*
7199	chr10	60209457	60419950	210494	*
7200	chr10	60419950	60626711	206762	*
7201	chr10	60626711	60843094	216384	*
7202	chr10	60843094	61059736	216643	*
7203	chr10	61059736	61269434	209699	*
7204	chr10	61269434	61480171	210738	*
7205	chr10	61480171	61692432	212262	*
7206	chr10	61692432	61903137	210706	*
7207	chr10	61903137	62115949	212813	*
7208	chr10	62115949	62331558	215610	*
7209	chr10	62331558	62543807	212250	*
7210	chr10	62543807	62765536	221730	*
7211	chr10	62765536	62986224	220689	*
7212	chr10	62986224	63216342	230119	*
7213	chr10	63216342	63440573	224232	*
7214	chr10	63440573	63659126	218554	*
7215	chr10	63659126	63888496	229371	*
7216	chr10	63888496	64112090	223595	*
7217	chr10	64112090	64327068	214979	*
7218	chr10	64327068	64544167	217100	*
7219	chr10	64544167	64757215	213049	*
7220	chr10	64757215	64981603	224389	*
7221	chr10	64981603	65200274	218672	*
7222	chr10	65200274	65413134	212861	*
7223	chr10	65413134	65637314	224181	*
7224	chr10	65637314	65846879	209566	*
7225	chr10	65846879	66064245	217367	*
7226	chr10	66064245	66274642	210398	*
7227	chr10	66274642	66504686	230045	*
7228	chr10	66504686	66718942	214257	*
7229	chr10	66718942	66932272	213331	*
7230	chr10	66932272	67140082	207811	*
7231	chr10	67140082	67361212	221131	*
7232	chr10	67361212	67610957	249746	*
7233	chr10	67610957	67865246	254290	*
7234	chr10	67865246	68094675	229430	*
7235	chr10	68094675	68321382	226708	*
7236	chr10	68321382	68572179	250798	*
7237	chr10	68572179	68816253	244075	*
7238	chr10	68816253	69055456	239204	*
7239	chr10	69055456	69285108	229653	*
7240	chr10	69285108	69506364	221257	*
7241	chr10	69506364	69721232	214869	*
7242	chr10	69721232	69925630	204399	*
7243	chr10	69925630	70144379	218750	*
7244	chr10	70144379	70368549	224171	*
7245	chr10	70368549	70591528	222980	*
7246	chr10	70591528	70812780	221253	*
7247	chr10	70812780	71023305	210526	*
7248	chr10	71023305	71234281	210977	*
7249	chr10	71234281	71441402	207122	*
7250	chr10	71441402	71646670	205269	*
7251	chr10	71646670	71856775	210106	*
7252	chr10	71856775	72087269	230495	*
7253	chr10	72087269	72327182	239914	*
7254	chr10	72327182	72563977	236796	*
7255	chr10	72563977	72798644	234668	*
7256	chr10	72798644	73031364	232721	*
7257	chr10	73031364	73263494	232131	*
7258	chr10	73263494	73498148	234655	*
7259	chr10	73498148	73779646	281499	*
7260	chr10	73779646	74006370	226725	*
7261	chr10	74006370	74239634	233265	*
7262	chr10	74239634	74459399	219766	*
7263	chr10	74459399	74682914	223516	*
7264	chr10	74682914	74915423	232510	*
7265	chr10	74915423	75132386	216964	*
7266	chr10	75132386	75365519	233134	*
7267	chr10	75365519	75587193	221675	*
7268	chr10	75587193	75792730	205538	*
7269	chr10	75792730	76001263	208534	*
7270	chr10	76001263	76215153	213891	*
7271	chr10	76215153	76431163	216011	*
7272	chr10	76431163	76652585	221423	*
7273	chr10	76652585	76878580	225996	*
7274	chr10	76878580	77083560	204981	*
7275	chr10	77083560	77290701	207142	*
7276	chr10	77290701	77498055	207355	*
7277	chr10	77498055	77712475	214421	*
7278	chr10	77712475	77934166	221692	*
7279	chr10	77934166	78170169	236004	*
7280	chr10	78170169	78376155	205987	*
7281	chr10	78376155	78581715	205561	*
7282	chr10	78581715	78795942	214228	*
7283	chr10	78795942	78999975	204034	*
7284	chr10	78999975	79204346	204372	*
7285	chr10	79204346	79410313	205968	*
7286	chr10	79410313	80105462	695150	*
7287	chr10	80105462	80361838	256377	*
7288	chr10	80361838	80586058	224221	*
7289	chr10	80586058	80809408	223351	*
7290	chr10	80809408	81040909	231502	*
7291	chr10	81040909	81254207	213299	*
7292	chr10	81254207	81470263	216057	*
7293	chr10	81470263	81689682	219420	*
7294	chr10	81689682	81915426	225745	*
7295	chr10	81915426	82127876	212451	*
7296	chr10	82127876	82334876	207001	*
7297	chr10	82334876	82550119	215244	*
7298	chr10	82550119	82761442	211324	*
7299	chr10	82761442	82973663	212222	*
7300	chr10	82973663	83191730	218068	*
7301	chr10	83191730	83412969	221240	*
7302	chr10	83412969	83622829	209861	*
7303	chr10	83622829	83840558	217730	*
7304	chr10	83840558	84059080	218523	*
7305	chr10	84059080	84287000	227921	*
7306	chr10	84287000	84511192	224193	*
7307	chr10	84511192	84737503	226312	*
7308	chr10	84737503	84961255	223753	*
7309	chr10	84961255	85184293	223039	*
7310	chr10	85184293	85403372	219080	*
7311	chr10	85403372	85618603	215232	*
7312	chr10	85618603	85836037	217435	*
7313	chr10	85836037	86048367	212331	*
7314	chr10	86048367	86258752	210386	*
7315	chr10	86258752	86475962	217211	*
7316	chr10	86475962	86706114	230153	*
7317	chr10	86706114	87424504	718391	*
7318	chr10	87424504	87708809	284306	*
7319	chr10	87708809	87926420	217612	*
7320	chr10	87926420	88137739	211320	*
7321	chr10	88137739	88345374	207636	*
7322	chr10	88345374	88561638	216265	*
7323	chr10	88561638	88776105	214468	*
7324	chr10	88776105	88984281	208177	*
7325	chr10	88984281	89194928	210648	*
7326	chr10	89194928	89420019	225092	*
7327	chr10	89420019	89641887	221869	*
7328	chr10	89641887	89855747	213861	*
7329	chr10	89855747	90074424	218678	*
7330	chr10	90074424	90313326	238903	*
7331	chr10	90313326	90527549	214224	*
7332	chr10	90527549	90742528	214980	*
7333	chr10	90742528	90960644	218117	*
7334	chr10	90960644	91178504	217861	*
7335	chr10	91178504	91404988	226485	*
7336	chr10	91404988	91640127	235140	*
7337	chr10	91640127	91867556	227430	*
7338	chr10	91867556	92087485	219930	*
7339	chr10	92087485	92327912	240428	*
7340	chr10	92327912	92570501	242590	*
7341	chr10	92570501	92807783	237283	*
7342	chr10	92807783	93026222	218440	*
7343	chr10	93026222	93248866	222645	*
7344	chr10	93248866	93474695	225830	*
7345	chr10	93474695	93701078	226384	*
7346	chr10	93701078	93912119	211042	*
7347	chr10	93912119	94128962	216844	*
7348	chr10	94128962	94348018	219057	*
7349	chr10	94348018	94579925	231908	*
7350	chr10	94579925	94852209	272285	*
7351	chr10	94852209	95114375	262167	*
7352	chr10	95114375	95350248	235874	*
7353	chr10	95350248	95561582	211335	*
7354	chr10	95561582	95789377	227796	*
7355	chr10	95789377	96019741	230365	*
7356	chr10	96019741	96236225	216485	*
7357	chr10	96236225	96446649	210425	*
7358	chr10	96446649	96658465	211817	*
7359	chr10	96658465	96895591	237127	*
7360	chr10	96895591	97107903	212313	*
7361	chr10	97107903	97336708	228806	*
7362	chr10	97336708	97575143	238436	*
7363	chr10	97575143	97804311	229169	*
7364	chr10	97804311	98014519	210209	*
7365	chr10	98014519	98235597	221079	*
7366	chr10	98235597	98445260	209664	*
7367	chr10	98445260	98668264	223005	*
7368	chr10	98668264	98899121	230858	*
7369	chr10	98899121	99141051	241931	*
7370	chr10	99141051	99371506	230456	*
7371	chr10	99371506	99593963	222458	*
7372	chr10	99593963	99828609	234647	*
7373	chr10	99828609	100070874	242266	*
7374	chr10	100070874	100297403	226530	*
7375	chr10	100297403	100541201	243799	*
7376	chr10	100541201	100757717	216517	*
7377	chr10	100757717	100971332	213616	*
7378	chr10	100971332	101187517	216186	*
7379	chr10	101187517	101415244	227728	*
7380	chr10	101415244	101632008	216765	*
7381	chr10	101632008	101852828	220821	*
7382	chr10	101852828	102087890	235063	*
7383	chr10	102087890	102326540	238651	*
7384	chr10	102326540	102558819	232280	*
7385	chr10	102558819	102790035	231217	*
7386	chr10	102790035	103030721	240687	*
7387	chr10	103030721	103266783	236063	*
7388	chr10	103266783	103506406	239624	*
7389	chr10	103506406	103721903	215498	*
7390	chr10	103721903	103932686	210784	*
7391	chr10	103932686	104143327	210642	*
7392	chr10	104143327	104356207	212881	*
7393	chr10	104356207	104574949	218743	*
7394	chr10	104574949	104788144	213196	*
7395	chr10	104788144	104998973	210830	*
7396	chr10	104998973	105205295	206323	*
7397	chr10	105205295	105426824	221530	*
7398	chr10	105426824	105646513	219690	*
7399	chr10	105646513	105871943	225431	*
7400	chr10	105871943	106087127	215185	*
7401	chr10	106087127	106300629	213503	*
7402	chr10	106300629	106515613	214985	*
7403	chr10	106515613	106725877	210265	*
7404	chr10	106725877	106953709	227833	*
7405	chr10	106953709	107166572	212864	*
7406	chr10	107166572	107378686	212115	*
7407	chr10	107378686	107590313	211628	*
7408	chr10	107590313	107797792	207480	*
7409	chr10	107797792	108007256	209465	*
7410	chr10	108007256	108225924	218669	*
7411	chr10	108225924	108444025	218102	*
7412	chr10	108444025	108663223	219199	*
7413	chr10	108663223	108876650	213428	*
7414	chr10	108876650	109102186	225537	*
7415	chr10	109102186	109328117	225932	*
7416	chr10	109328117	109554421	226305	*
7417	chr10	109554421	109789368	234948	*
7418	chr10	109789368	110021887	232520	*
7419	chr10	110021887	110240215	218329	*
7420	chr10	110240215	110455535	215321	*
7421	chr10	110455535	110672805	217271	*
7422	chr10	110672805	110883558	210754	*
7423	chr10	110883558	111099090	215533	*
7424	chr10	111099090	111310568	211479	*
7425	chr10	111310568	111520095	209528	*
7426	chr10	111520095	111743767	223673	*
7427	chr10	111743767	111960295	216529	*
7428	chr10	111960295	112180630	220336	*
7429	chr10	112180630	112404036	223407	*
7430	chr10	112404036	112618256	214221	*
7431	chr10	112618256	112830746	212491	*
7432	chr10	112830746	113049056	218311	*
7433	chr10	113049056	113258019	208964	*
7434	chr10	113258019	113464751	206733	*
7435	chr10	113464751	113679012	214262	*
7436	chr10	113679012	113893950	214939	*
7437	chr10	113893950	114106997	213048	*
7438	chr10	114106997	114320984	213988	*
7439	chr10	114320984	114535734	214751	*
7440	chr10	114535734	114752426	216693	*
7441	chr10	114752426	114972982	220557	*
7442	chr10	114972982	115195151	222170	*
7443	chr10	115195151	115423539	228389	*
7444	chr10	115423539	115646684	223146	*
7445	chr10	115646684	115861043	214360	*
7446	chr10	115861043	116071371	210329	*
7447	chr10	116071371	116277916	206546	*
7448	chr10	116277916	116496326	218411	*
7449	chr10	116496326	116714519	218194	*
7450	chr10	116714519	116925654	211136	*
7451	chr10	116925654	117156990	231337	*
7452	chr10	117156990	117369543	212554	*
7453	chr10	117369543	117582068	212526	*
7454	chr10	117582068	117789891	207824	*
7455	chr10	117789891	118003365	213475	*
7456	chr10	118003365	118210177	206813	*
7457	chr10	118210177	118415964	205788	*
7458	chr10	118415964	118626658	210695	*
7459	chr10	118626658	118856788	230131	*
7460	chr10	118856788	119083896	227109	*
7461	chr10	119083896	119321286	237391	*
7462	chr10	119321286	119537638	216353	*
7463	chr10	119537638	119770469	232832	*
7464	chr10	119770469	119994760	224292	*
7465	chr10	119994760	120211059	216300	*
7466	chr10	120211059	120428950	217892	*
7467	chr10	120428950	120643526	214577	*
7468	chr10	120643526	120862830	219305	*
7469	chr10	120862830	121085816	222987	*
7470	chr10	121085816	121295988	210173	*
7471	chr10	121295988	121511277	215290	*
7472	chr10	121511277	121728533	217257	*
7473	chr10	121728533	121951950	223418	*
7474	chr10	121951950	122180285	228336	*
7475	chr10	122180285	122394966	214682	*
7476	chr10	122394966	122630248	235283	*
7477	chr10	122630248	122842063	211816	*
7478	chr10	122842063	123065614	223552	*
7479	chr10	123065614	123275920	210307	*
7480	chr10	123275920	123486136	210217	*
7481	chr10	123486136	123693316	207181	*
7482	chr10	123693316	123904125	210810	*
7483	chr10	123904125	124232114	327990	*
7484	chr10	124232114	124449369	217256	*
7485	chr10	124449369	124664136	214768	*
7486	chr10	124664136	124893386	229251	*
7487	chr10	124893386	125109333	215948	*
7488	chr10	125109333	125329780	220448	*
7489	chr10	125329780	125542396	212617	*
7490	chr10	125542396	125765660	223265	*
7491	chr10	125765660	126004066	238407	*
7492	chr10	126004066	126213917	209852	*
7493	chr10	126213917	126425762	211846	*
7494	chr10	126425762	126637616	211855	*
7495	chr10	126637616	127122917	485302	*
7496	chr10	127122917	127332302	209386	*
7497	chr10	127332302	127542837	210536	*
7498	chr10	127542837	127759989	217153	*
7499	chr10	127759989	127971509	211521	*
7500	chr10	127971509	128183296	211788	*
7501	chr10	128183296	128396615	213320	*
7502	chr10	128396615	128602483	205869	*
7503	chr10	128602483	128808644	206162	*
7504	chr10	128808644	129015355	206712	*
7505	chr10	129015355	129221531	206177	*
7506	chr10	129221531	129425960	204430	*
7507	chr10	129425960	129632462	206503	*
7508	chr10	129632462	129843682	211221	*
7509	chr10	129843682	130052870	209189	*
7510	chr10	130052870	130273088	220219	*
7511	chr10	130273088	130490961	217874	*
7512	chr10	130490961	130705372	214412	*
7513	chr10	130705372	130914575	209204	*
7514	chr10	130914575	131127474	212900	*
7515	chr10	131127474	131336062	208589	*
7516	chr10	131336062	131549793	213732	*
7517	chr10	131549793	131777867	228075	*
7518	chr10	131777867	132067958	290092	*
7519	chr10	132067958	132287819	219862	*
7520	chr10	132287819	132501364	213546	*
7521	chr10	132501364	132716934	215571	*
7522	chr10	132716934	132938624	221691	*
7523	chr10	132938624	133158384	219761	*
7524	chr11	415372	647020	231649	*
7525	chr11	647020	879401	232382	*
7526	chr11	879401	1107500	228100	*
7527	chr11	1107500	1354243	246744	*
7528	chr11	1354243	1572299	218057	*
7529	chr11	1572299	1810064	237766	*
7530	chr11	1810064	2020119	210056	*
7531	chr11	2020119	2228422	208304	*
7532	chr11	2228422	2444153	215732	*
7533	chr11	2444153	2662090	217938	*
7534	chr11	2662090	2863120	201031	*
7535	chr11	2863120	3082716	219597	*
7536	chr11	3082716	3739109	656394	*
7537	chr11	3739109	3970806	231698	*
7538	chr11	3970806	4550532	579727	*
7539	chr11	4550532	4763683	213152	*
7540	chr11	4763683	4981684	218002	*
7541	chr11	4981684	5198577	216894	*
7542	chr11	5198577	5433020	234444	*
7543	chr11	5433020	5655187	222168	*
7544	chr11	5655187	5877112	221926	*
7545	chr11	5877112	6102745	225634	*
7546	chr11	6102745	6331090	228346	*
7547	chr11	6331090	6549146	218057	*
7548	chr11	6549146	6765063	215918	*
7549	chr11	6765063	6994158	229096	*
7550	chr11	6994158	7213319	219162	*
7551	chr11	7213319	7429691	216373	*
7552	chr11	7429691	7636947	207257	*
7553	chr11	7636947	7879635	242689	*
7554	chr11	7879635	8100183	220549	*
7555	chr11	8100183	8316644	216462	*
7556	chr11	8316644	8549294	232651	*
7557	chr11	8549294	8762293	213000	*
7558	chr11	8762293	8990114	227822	*
7559	chr11	8990114	9208593	218480	*
7560	chr11	9208593	9464234	255642	*
7561	chr11	9464234	9709567	245334	*
7562	chr11	9709567	9936820	227254	*
7563	chr11	9936820	10161902	225083	*
7564	chr11	10161902	10394508	232607	*
7565	chr11	10394508	10611092	216585	*
7566	chr11	10611092	10823599	212508	*
7567	chr11	10823599	11043974	220376	*
7568	chr11	11043974	11256551	212578	*
7569	chr11	11256551	11464236	207686	*
7570	chr11	11464236	11667529	203294	*
7571	chr11	11667529	11889031	221503	*
7572	chr11	11889031	12100303	211273	*
7573	chr11	12100303	12307933	207631	*
7574	chr11	12307933	12526600	218668	*
7575	chr11	12526600	12739321	212722	*
7576	chr11	12739321	12948249	208929	*
7577	chr11	12948249	13162456	214208	*
7578	chr11	13162456	13370076	207621	*
7579	chr11	13370076	13612124	242049	*
7580	chr11	13612124	13844517	232394	*
7581	chr11	13844517	14063892	219376	*
7582	chr11	14063892	14290573	226682	*
7583	chr11	14290573	14517664	227092	*
7584	chr11	14517664	14764931	247268	*
7585	chr11	14764931	14999161	234231	*
7586	chr11	14999161	15210993	211833	*
7587	chr11	15210993	15421219	210227	*
7588	chr11	15421219	15627089	205871	*
7589	chr11	15627089	15830523	203435	*
7590	chr11	15830523	16034470	203948	*
7591	chr11	16034470	16246540	212071	*
7592	chr11	16246540	16454177	207638	*
7593	chr11	16454177	16694357	240181	*
7594	chr11	16694357	16915032	220676	*
7595	chr11	16915032	17150242	235211	*
7596	chr11	17150242	17386608	236367	*
7597	chr11	17386608	17592945	206338	*
7598	chr11	17592945	17798245	205301	*
7599	chr11	17798245	18005612	207368	*
7600	chr11	18005612	18241751	236140	*
7601	chr11	18241751	18479731	237981	*
7602	chr11	18479731	18721464	241734	*
7603	chr11	18721464	18956245	234782	*
7604	chr11	18956245	19185585	229341	*
7605	chr11	19185585	19396847	211263	*
7606	chr11	19396847	19608854	212008	*
7607	chr11	19608854	19821429	212576	*
7608	chr11	19821429	20032810	211382	*
7609	chr11	20032810	20246962	214153	*
7610	chr11	20246962	20460952	213991	*
7611	chr11	20460952	20682825	221874	*
7612	chr11	20682825	20909950	227126	*
7613	chr11	20909950	21117283	207334	*
7614	chr11	21117283	21333976	216694	*
7615	chr11	21333976	21543368	209393	*
7616	chr11	21543368	21763465	220098	*
7617	chr11	21763465	21976907	213443	*
7618	chr11	21976907	22202916	226010	*
7619	chr11	22202916	22417081	214166	*
7620	chr11	22417081	22632937	215857	*
7621	chr11	22632937	22850636	217700	*
7622	chr11	22850636	23075472	224837	*
7623	chr11	23075472	23304186	228715	*
7624	chr11	23304186	23529376	225191	*
7625	chr11	23529376	23742550	213175	*
7626	chr11	23742550	23961314	218765	*
7627	chr11	23961314	24172371	211058	*
7628	chr11	24172371	24399364	226994	*
7629	chr11	24399364	24610439	211076	*
7630	chr11	24610439	24821881	211443	*
7631	chr11	24821881	25053772	231892	*
7632	chr11	25053772	25269800	216029	*
7633	chr11	25269800	25501014	231215	*
7634	chr11	25501014	25725241	224228	*
7635	chr11	25725241	25946583	221343	*
7636	chr11	25946583	26160316	213734	*
7637	chr11	26160316	26381444	221129	*
7638	chr11	26381444	26600116	218673	*
7639	chr11	26600116	26808152	208037	*
7640	chr11	26808152	27032229	224078	*
7641	chr11	27032229	27257409	225181	*
7642	chr11	27257409	27477658	220250	*
7643	chr11	27477658	27701505	223848	*
7644	chr11	27701505	27910170	208666	*
7645	chr11	27910170	28127047	216878	*
7646	chr11	28127047	28354618	227572	*
7647	chr11	28354618	28578397	223780	*
7648	chr11	28578397	28790489	212093	*
7649	chr11	28790489	29004407	213919	*
7650	chr11	29004407	29222049	217643	*
7651	chr11	29222049	29446356	224308	*
7652	chr11	29446356	29654554	208199	*
7653	chr11	29654554	29880904	226351	*
7654	chr11	29880904	30101970	221067	*
7655	chr11	30101970	30321682	219713	*
7656	chr11	30321682	30525837	204156	*
7657	chr11	30525837	30737122	211286	*
7658	chr11	30737122	30943985	206864	*
7659	chr11	30943985	31158731	214747	*
7660	chr11	31158731	31383277	224547	*
7661	chr11	31383277	31606929	223653	*
7662	chr11	31606929	31823191	216263	*
7663	chr11	31823191	32038508	215318	*
7664	chr11	32038508	32250311	211804	*
7665	chr11	32250311	32467099	216789	*
7666	chr11	32467099	32705772	238674	*
7667	chr11	32705772	32948673	242902	*
7668	chr11	32948673	33171602	222930	*
7669	chr11	33171602	33401296	229695	*
7670	chr11	33401296	33617716	216421	*
7671	chr11	33617716	33838062	220347	*
7672	chr11	33838062	34063472	225411	*
7673	chr11	34063472	34280492	217021	*
7674	chr11	34280492	34499861	219370	*
7675	chr11	34499861	34712329	212469	*
7676	chr11	34712329	34931019	218691	*
7677	chr11	34931019	35152678	221660	*
7678	chr11	35152678	35359554	206877	*
7679	chr11	35359554	35571510	211957	*
7680	chr11	35571510	35801514	230005	*
7681	chr11	35801514	36015468	213955	*
7682	chr11	36015468	36230394	214927	*
7683	chr11	36230394	36442184	211791	*
7684	chr11	36442184	36670687	228504	*
7685	chr11	36670687	36884463	213777	*
7686	chr11	36884463	37096850	212388	*
7687	chr11	37096850	37314324	217475	*
7688	chr11	37314324	37533522	219199	*
7689	chr11	37533522	37745719	212198	*
7690	chr11	37745719	37958476	212758	*
7691	chr11	37958476	38172680	214205	*
7692	chr11	38172680	38388538	215859	*
7693	chr11	38388538	38602469	213932	*
7694	chr11	38602469	38821340	218872	*
7695	chr11	38821340	39042530	221191	*
7696	chr11	39042530	39260596	218067	*
7697	chr11	39260596	39492128	231533	*
7698	chr11	39492128	39716443	224316	*
7699	chr11	39716443	39959442	243000	*
7700	chr11	39959442	40180935	221494	*
7701	chr11	40180935	40392818	211884	*
7702	chr11	40392818	40612908	220091	*
7703	chr11	40612908	40829122	216215	*
7704	chr11	40829122	41046998	217877	*
7705	chr11	41046998	41258957	211960	*
7706	chr11	41258957	41467807	208851	*
7707	chr11	41467807	41687161	219355	*
7708	chr11	41687161	41909036	221876	*
7709	chr11	41909036	42119737	210702	*
7710	chr11	42119737	42339484	219748	*
7711	chr11	42339484	42571702	232219	*
7712	chr11	42571702	42789093	217392	*
7713	chr11	42789093	43025779	236687	*
7714	chr11	43025779	43250760	224982	*
7715	chr11	43250760	43473671	222912	*
7716	chr11	43473671	43692552	218882	*
7717	chr11	43692552	43914120	221569	*
7718	chr11	43914120	44128047	213928	*
7719	chr11	44128047	44335761	207715	*
7720	chr11	44335761	44555975	220215	*
7721	chr11	44555975	44769221	213247	*
7722	chr11	44769221	44976966	207746	*
7723	chr11	44976966	45196798	219833	*
7724	chr11	45196798	45405619	208822	*
7725	chr11	45405619	45612041	206423	*
7726	chr11	45612041	45831574	219534	*
7727	chr11	45831574	46048784	217211	*
7728	chr11	46048784	46270950	222167	*
7729	chr11	46270950	46493988	223039	*
7730	chr11	46493988	46733085	239098	*
7731	chr11	46733085	46965062	231978	*
7732	chr11	46965062	47202498	237437	*
7733	chr11	47202498	47435659	233162	*
7734	chr11	47435659	47674808	239150	*
7735	chr11	47674808	47924618	249811	*
7736	chr11	47924618	48156432	231815	*
7737	chr11	48156432	49855361	1698930	*
7738	chr11	49855361	50233950	378590	*
7739	chr11	50233950	50508653	274704	*
7740	chr11	50508653	55130157	4621505	*
7741	chr11	55130157	55413973	283817	*
7742	chr11	55413973	55657120	243148	*
7743	chr11	55657120	55902955	245836	*
7744	chr11	55902955	56127967	225013	*
7745	chr11	56127967	56347675	219709	*
7746	chr11	56347675	56567965	220291	*
7747	chr11	56567965	56799511	231547	*
7748	chr11	56799511	57025532	226022	*
7749	chr11	57025532	57240956	215425	*
7750	chr11	57240956	57454944	213989	*
7751	chr11	57454944	57682578	227635	*
7752	chr11	57682578	57922795	240218	*
7753	chr11	57922795	58162620	239826	*
7754	chr11	58162620	58387178	224559	*
7755	chr11	58387178	58608378	221201	*
7756	chr11	58608378	58833396	225019	*
7757	chr11	58833396	59078358	244963	*
7758	chr11	59078358	59302034	223677	*
7759	chr11	59302034	59540260	238227	*
7760	chr11	59540260	59769312	229053	*
7761	chr11	59769312	59992064	222753	*
7762	chr11	59992064	60225292	233229	*
7763	chr11	60225292	60446508	221217	*
7764	chr11	60446508	60686020	239513	*
7765	chr11	60686020	60907353	221334	*
7766	chr11	60907353	61125713	218361	*
7767	chr11	61125713	61401602	275890	*
7768	chr11	61401602	61618421	216820	*
7769	chr11	61618421	61837841	219421	*
7770	chr11	61837841	62072976	235136	*
7771	chr11	62072976	62315856	242881	*
7772	chr11	62315856	62563726	247871	*
7773	chr11	62563726	62806753	243028	*
7774	chr11	62806753	63044221	237469	*
7775	chr11	63044221	63319159	274939	*
7776	chr11	63319159	63584146	264988	*
7777	chr11	63584146	63827769	243624	*
7778	chr11	63827769	64055139	227371	*
7779	chr11	64055139	64277107	221969	*
7780	chr11	64277107	64504212	227106	*
7781	chr11	64504212	64714389	210178	*
7782	chr11	64714389	64934299	219911	*
7783	chr11	64934299	65170119	235821	*
7784	chr11	65170119	65408503	238385	*
7785	chr11	65408503	65634845	226343	*
7786	chr11	65634845	65866573	231729	*
7787	chr11	65866573	66099590	233018	*
7788	chr11	66099590	66323538	223949	*
7789	chr11	66323538	66558175	234638	*
7790	chr11	66558175	66796616	238442	*
7791	chr11	66796616	67032202	235587	*
7792	chr11	67032202	67274441	242240	*
7793	chr11	67274441	67497999	223559	*
7794	chr11	67497999	68137423	639425	*
7795	chr11	68137423	68368359	230937	*
7796	chr11	68368359	68590135	221777	*
7797	chr11	68590135	68820041	229907	*
7798	chr11	68820041	69049563	229523	*
7799	chr11	69049563	69260899	211337	*
7800	chr11	69260899	69471785	210887	*
7801	chr11	69471785	69683609	211825	*
7802	chr11	69683609	69943820	260212	*
7803	chr11	69943820	70158282	214463	*
7804	chr11	70158282	70389412	231131	*
7805	chr11	70389412	70603995	214584	*
7806	chr11	70603995	70813755	209761	*
7807	chr11	70813755	71172044	358290	*
7808	chr11	71172044	71386621	214578	*
7809	chr11	71386621	72029640	643020	*
7810	chr11	72029640	72260316	230677	*
7811	chr11	72260316	72478786	218471	*
7812	chr11	72478786	72695023	216238	*
7813	chr11	72695023	72918248	223226	*
7814	chr11	72918248	73149112	230865	*
7815	chr11	73149112	73360082	210971	*
7816	chr11	73360082	73578948	218867	*
7817	chr11	73578948	73820276	241329	*
7818	chr11	73820276	74052335	232060	*
7819	chr11	74052335	74277229	224895	*
7820	chr11	74277229	74505568	228340	*
7821	chr11	74505568	74728588	223021	*
7822	chr11	74728588	74960620	232033	*
7823	chr11	74960620	75189967	229348	*
7824	chr11	75189967	75414642	224676	*
7825	chr11	75414642	75624792	210151	*
7826	chr11	75624792	75850356	225565	*
7827	chr11	75850356	76069902	219547	*
7828	chr11	76069902	76280653	210752	*
7829	chr11	76280653	76504289	223637	*
7830	chr11	76504289	76718357	214069	*
7831	chr11	76718357	76945091	226735	*
7832	chr11	76945091	77164870	219780	*
7833	chr11	77164870	77386117	221248	*
7834	chr11	77386117	77614657	228541	*
7835	chr11	77614657	77841555	226899	*
7836	chr11	77841555	78115351	273797	*
7837	chr11	78115351	78338277	222927	*
7838	chr11	78338277	78558000	219724	*
7839	chr11	78558000	78778997	220998	*
7840	chr11	78778997	78985234	206238	*
7841	chr11	78985234	79198859	213626	*
7842	chr11	79198859	79403240	204382	*
7843	chr11	79403240	79618048	214809	*
7844	chr11	79618048	79827877	209830	*
7845	chr11	79827877	80038764	210888	*
7846	chr11	80038764	80249907	211144	*
7847	chr11	80249907	80460587	210681	*
7848	chr11	80460587	80688000	227414	*
7849	chr11	80688000	80902484	214485	*
7850	chr11	80902484	81111136	208653	*
7851	chr11	81111136	81322401	211266	*
7852	chr11	81322401	81532444	210044	*
7853	chr11	81532444	81745053	212610	*
7854	chr11	81745053	81960424	215372	*
7855	chr11	81960424	82183421	222998	*
7856	chr11	82183421	82400959	217539	*
7857	chr11	82400959	82616958	216000	*
7858	chr11	82616958	82833950	216993	*
7859	chr11	82833950	83056478	222529	*
7860	chr11	83056478	83283338	226861	*
7861	chr11	83283338	83518832	235495	*
7862	chr11	83518832	83733224	214393	*
7863	chr11	83733224	83948847	215624	*
7864	chr11	83948847	84164166	215320	*
7865	chr11	84164166	84382192	218027	*
7866	chr11	84382192	84590851	208660	*
7867	chr11	84590851	84802534	211684	*
7868	chr11	84802534	85017418	214885	*
7869	chr11	85017418	85230631	213214	*
7870	chr11	85230631	85469435	238805	*
7871	chr11	85469435	85699594	230160	*
7872	chr11	85699594	85917672	218079	*
7873	chr11	85917672	86142159	224488	*
7874	chr11	86142159	86367605	225447	*
7875	chr11	86367605	86587285	219681	*
7876	chr11	86587285	86812576	225292	*
7877	chr11	86812576	87055348	242773	*
7878	chr11	87055348	87283070	227723	*
7879	chr11	87283070	87506068	222999	*
7880	chr11	87506068	87736775	230708	*
7881	chr11	87736775	87959490	222716	*
7882	chr11	87959490	88206551	247062	*
7883	chr11	88206551	88429547	222997	*
7884	chr11	88429547	88642372	212826	*
7885	chr11	88642372	89199318	556947	*
7886	chr11	89199318	90105123	905806	*
7887	chr11	90105123	90330658	225536	*
7888	chr11	90330658	90547740	217083	*
7889	chr11	90547740	90767469	219730	*
7890	chr11	90767469	90990510	223042	*
7891	chr11	90990510	91208288	217779	*
7892	chr11	91208288	91427424	219137	*
7893	chr11	91427424	91645147	217724	*
7894	chr11	91645147	91854925	209779	*
7895	chr11	91854925	92079331	224407	*
7896	chr11	92079331	92293894	214564	*
7897	chr11	92293894	92505747	211854	*
7898	chr11	92505747	92717809	212063	*
7899	chr11	92717809	92924139	206331	*
7900	chr11	92924139	93156223	232085	*
7901	chr11	93156223	93378494	222272	*
7902	chr11	93378494	93609183	230690	*
7903	chr11	93609183	93829019	219837	*
7904	chr11	93829019	94057866	228848	*
7905	chr11	94057866	94296511	238646	*
7906	chr11	94296511	94538517	242007	*
7907	chr11	94538517	94753702	215186	*
7908	chr11	94753702	94962922	209221	*
7909	chr11	94962922	95177714	214793	*
7910	chr11	95177714	95394448	216735	*
7911	chr11	95394448	95613799	219352	*
7912	chr11	95613799	95829438	215640	*
7913	chr11	95829438	96045598	216161	*
7914	chr11	96045598	96256693	211096	*
7915	chr11	96256693	96713369	456677	*
7916	chr11	96713369	96941448	228080	*
7917	chr11	96941448	97161493	220046	*
7918	chr11	97161493	97375509	214017	*
7919	chr11	97375509	97586620	211112	*
7920	chr11	97586620	97805362	218743	*
7921	chr11	97805362	98019121	213760	*
7922	chr11	98019121	98233782	214662	*
7923	chr11	98233782	98464354	230573	*
7924	chr11	98464354	98683824	219471	*
7925	chr11	98683824	98903501	219678	*
7926	chr11	98903501	99123390	219890	*
7927	chr11	99123390	99332224	208835	*
7928	chr11	99332224	99541358	209135	*
7929	chr11	99541358	99759811	218454	*
7930	chr11	99759811	99977190	217380	*
7931	chr11	99977190	100193025	215836	*
7932	chr11	100193025	100415101	222077	*
7933	chr11	100415101	100646087	230987	*
7934	chr11	100646087	100869043	222957	*
7935	chr11	100869043	101086458	217416	*
7936	chr11	101086458	101315006	228549	*
7937	chr11	101315006	101533794	218789	*
7938	chr11	101533794	101764918	231125	*
7939	chr11	101764918	101990106	225189	*
7940	chr11	101990106	102217254	227149	*
7941	chr11	102217254	102452691	235438	*
7942	chr11	102452691	102669955	217265	*
7943	chr11	102669955	102888698	218744	*
7944	chr11	102888698	103110500	221803	*
7945	chr11	103110500	103327084	216585	*
7946	chr11	103327084	103548554	221471	*
7947	chr11	103548554	103770856	222303	*
7948	chr11	103770856	103992045	221190	*
7949	chr11	103992045	104203213	211169	*
7950	chr11	104203213	104414409	211197	*
7951	chr11	104414409	104625722	211314	*
7952	chr11	104625722	104834476	208755	*
7953	chr11	104834476	105053293	218818	*
7954	chr11	105053293	105270242	216950	*
7955	chr11	105270242	105484750	214509	*
7956	chr11	105484750	105692713	207964	*
7957	chr11	105692713	105904908	212196	*
7958	chr11	105904908	106113892	208985	*
7959	chr11	106113892	106329569	215678	*
7960	chr11	106329569	106543083	213515	*
7961	chr11	106543083	106756890	213808	*
7962	chr11	106756890	106978716	221827	*
7963	chr11	106978716	107191191	212476	*
7964	chr11	107191191	107424135	232945	*
7965	chr11	107424135	107642740	218606	*
7966	chr11	107642740	107873626	230887	*
7967	chr11	107873626	108111522	237897	*
7968	chr11	108111522	108341016	229495	*
7969	chr11	108341016	108588091	247076	*
7970	chr11	108588091	108802639	214549	*
7971	chr11	108802639	109015846	213208	*
7972	chr11	109015846	109249089	233244	*
7973	chr11	109249089	109470991	221903	*
7974	chr11	109470991	109695020	224030	*
7975	chr11	109695020	109909142	214123	*
7976	chr11	109909142	110122350	213209	*
7977	chr11	110122350	110349635	227286	*
7978	chr11	110349635	110586009	236375	*
7979	chr11	110586009	110804624	218616	*
7980	chr11	110804624	111012711	208088	*
7981	chr11	111012711	111224627	211917	*
7982	chr11	111224627	111437633	213007	*
7983	chr11	111437633	111648381	210749	*
7984	chr11	111648381	111867922	219542	*
7985	chr11	111867922	112102999	235078	*
7986	chr11	112102999	112331006	228008	*
7987	chr11	112331006	112543530	212525	*
7988	chr11	112543530	112757250	213721	*
7989	chr11	112757250	112964236	206987	*
7990	chr11	112964236	113171044	206809	*
7991	chr11	113171044	113383010	211967	*
7992	chr11	113383010	113591867	208858	*
7993	chr11	113591867	113820469	228603	*
7994	chr11	113820469	114047208	226740	*
7995	chr11	114047208	114254276	207069	*
7996	chr11	114254276	114467947	213672	*
7997	chr11	114467947	114702646	234700	*
7998	chr11	114702646	114919562	216917	*
7999	chr11	114919562	115123957	204396	*
8000	chr11	115123957	115328312	204356	*
8001	chr11	115328312	115534946	206635	*
8002	chr11	115534946	115745587	210642	*
8003	chr11	115745587	115957016	211430	*
8004	chr11	115957016	116173162	216147	*
8005	chr11	116173162	116380959	207798	*
8006	chr11	116380959	116595744	214786	*
8007	chr11	116595744	116814552	218809	*
8008	chr11	116814552	117032489	217938	*
8009	chr11	117032489	117275556	243068	*
8010	chr11	117275556	117498711	223156	*
8011	chr11	117498711	117708900	210190	*
8012	chr11	117708900	117917745	208846	*
8013	chr11	117917745	118134445	216701	*
8014	chr11	118134445	118353080	218636	*
8015	chr11	118353080	118579963	226884	*
8016	chr11	118579963	118822552	242590	*
8017	chr11	118822552	119063291	240740	*
8018	chr11	119063291	119292872	229582	*
8019	chr11	119292872	119508965	216094	*
8020	chr11	119508965	119721782	212818	*
8021	chr11	119721782	119927219	205438	*
8022	chr11	119927219	120135139	207921	*
8023	chr11	120135139	120346374	211236	*
8024	chr11	120346374	120560860	214487	*
8025	chr11	120560860	120776770	215911	*
8026	chr11	120776770	120984535	207766	*
8027	chr11	120984535	121199921	215387	*
8028	chr11	121199921	121417803	217883	*
8029	chr11	121417803	121630187	212385	*
8030	chr11	121630187	121852728	222542	*
8031	chr11	121852728	122074618	221891	*
8032	chr11	122074618	122283899	209282	*
8033	chr11	122283899	122500447	216549	*
8034	chr11	122500447	122736403	235957	*
8035	chr11	122736403	122961094	224692	*
8036	chr11	122961094	123194205	233112	*
8037	chr11	123194205	123412998	218794	*
8038	chr11	123412998	123627472	214475	*
8039	chr11	123627472	123847049	219578	*
8040	chr11	123847049	124067827	220779	*
8041	chr11	124067827	124284098	216272	*
8042	chr11	124284098	124503501	219404	*
8043	chr11	124503501	124721500	218000	*
8044	chr11	124721500	124936303	214804	*
8045	chr11	124936303	125156514	220212	*
8046	chr11	125156514	125361433	204920	*
8047	chr11	125361433	125588898	227466	*
8048	chr11	125588898	125816891	227994	*
8049	chr11	125816891	126042454	225564	*
8050	chr11	126042454	126263042	220589	*
8051	chr11	126263042	126486543	223502	*
8052	chr11	126486543	126693562	207020	*
8053	chr11	126693562	126898125	204564	*
8054	chr11	126898125	127104395	206271	*
8055	chr11	127104395	127312181	207787	*
8056	chr11	127312181	127526825	214645	*
8057	chr11	127526825	127737358	210534	*
8058	chr11	127737358	127963773	226416	*
8059	chr11	127963773	128185120	221348	*
8060	chr11	128185120	128394228	209109	*
8061	chr11	128394228	128602075	207848	*
8062	chr11	128602075	128807214	205140	*
8063	chr11	128807214	129015773	208560	*
8064	chr11	129015773	129238200	222428	*
8065	chr11	129238200	129455273	217074	*
8066	chr11	129455273	129685194	229922	*
8067	chr11	129685194	129925549	240356	*
8068	chr11	129925549	130155359	229811	*
8069	chr11	130155359	130384397	229039	*
8070	chr11	130384397	130601154	216758	*
8071	chr11	130601154	130811947	210794	*
8072	chr11	130811947	131032393	220447	*
8073	chr11	131032393	131240394	208002	*
8074	chr11	131240394	131460502	220109	*
8075	chr11	131460502	131667673	207172	*
8076	chr11	131667673	131875996	208324	*
8077	chr11	131875996	132081675	205680	*
8078	chr11	132081675	132287255	205581	*
8079	chr11	132287255	132512059	224805	*
8080	chr11	132512059	132716377	204319	*
8081	chr11	132716377	132925489	209113	*
8082	chr11	132925489	133131721	206233	*
8083	chr11	133131721	133339783	208063	*
8084	chr11	133339783	133547285	207503	*
8085	chr11	133547285	133765997	218713	*
8086	chr11	133765997	133979735	213739	*
8087	chr11	133979735	134204957	225223	*
8088	chr11	134204957	134417730	212774	*
8089	chr11	134417730	134633331	215602	*
8090	chr11	134633331	134844141	210811	*
8091	chr12	263770	501357	237588	*
8092	chr12	501357	731167	229811	*
8093	chr12	731167	958039	226873	*
8094	chr12	958039	1192915	234877	*
8095	chr12	1192915	1411894	218980	*
8096	chr12	1411894	1630479	218586	*
8097	chr12	1630479	1851458	220980	*
8098	chr12	1851458	2062644	211187	*
8099	chr12	2062644	2277660	215017	*
8100	chr12	2277660	2482221	204562	*
8101	chr12	2482221	2689367	207147	*
8102	chr12	2689367	2925269	235903	*
8103	chr12	2925269	3151539	226271	*
8104	chr12	3151539	3359218	207680	*
8105	chr12	3359218	3582106	222889	*
8106	chr12	3582106	3792903	210798	*
8107	chr12	3792903	4016141	223239	*
8108	chr12	4016141	4237555	221415	*
8109	chr12	4237555	4456755	219201	*
8110	chr12	4456755	4672561	215807	*
8111	chr12	4672561	4888500	215940	*
8112	chr12	4888500	5095615	207116	*
8113	chr12	5095615	5313352	217738	*
8114	chr12	5313352	5518861	205510	*
8115	chr12	5518861	5736159	217299	*
8116	chr12	5736159	5950043	213885	*
8117	chr12	5950043	6184983	234941	*
8118	chr12	6184983	6412477	227495	*
8119	chr12	6412477	6646494	234018	*
8120	chr12	6646494	6875336	228843	*
8121	chr12	6875336	7107665	232330	*
8122	chr12	7107665	7340529	232865	*
8123	chr12	7340529	7582771	242243	*
8124	chr12	7582771	7849173	266403	*
8125	chr12	7849173	8509680	660508	*
8126	chr12	8509680	8743076	233397	*
8127	chr12	8743076	8996104	253029	*
8128	chr12	8996104	9570697	574594	*
8129	chr12	9570697	9805203	234507	*
8130	chr12	9805203	10025838	220636	*
8131	chr12	10025838	10255321	229484	*
8132	chr12	10255321	10509239	253919	*
8133	chr12	10509239	10725789	216551	*
8134	chr12	10725789	10937988	212200	*
8135	chr12	10937988	11169762	231775	*
8136	chr12	11169762	11437660	267899	*
8137	chr12	11437660	11664807	227148	*
8138	chr12	11664807	11873177	208371	*
8139	chr12	11873177	12104903	231727	*
8140	chr12	12104903	12334818	229916	*
8141	chr12	12334818	12562617	227800	*
8142	chr12	12562617	12788644	226028	*
8143	chr12	12788644	13017799	229156	*
8144	chr12	13017799	13229342	211544	*
8145	chr12	13229342	13449209	219868	*
8146	chr12	13449209	13655581	206373	*
8147	chr12	13655581	13864002	208422	*
8148	chr12	13864002	14075511	211510	*
8149	chr12	14075511	14318283	242773	*
8150	chr12	14318283	14545204	226922	*
8151	chr12	14545204	14771866	226663	*
8152	chr12	14771866	14985168	213303	*
8153	chr12	14985168	15196336	211169	*
8154	chr12	15196336	15405586	209251	*
8155	chr12	15405586	15618462	212877	*
8156	chr12	15618462	15830764	212303	*
8157	chr12	15830764	16049465	218702	*
8158	chr12	16049465	16259690	210226	*
8159	chr12	16259690	16476412	216723	*
8160	chr12	16476412	16683961	207550	*
8161	chr12	16683961	16897780	213820	*
8162	chr12	16897780	17121359	223580	*
8163	chr12	17121359	17337216	215858	*
8164	chr12	17337216	17547654	210439	*
8165	chr12	17547654	17780047	232394	*
8166	chr12	17780047	18009010	228964	*
8167	chr12	18009010	18238195	229186	*
8168	chr12	18238195	18448432	210238	*
8169	chr12	18448432	18661727	213296	*
8170	chr12	18661727	18882761	221035	*
8171	chr12	18882761	19096724	213964	*
8172	chr12	19096724	19311508	214785	*
8173	chr12	19311508	19546637	235130	*
8174	chr12	19546637	19773835	227199	*
8175	chr12	19773835	19989164	215330	*
8176	chr12	19989164	20206720	217557	*
8177	chr12	20206720	20418888	212169	*
8178	chr12	20418888	20627508	208621	*
8179	chr12	20627508	20861692	234185	*
8180	chr12	20861692	21089075	227384	*
8181	chr12	21089075	21316446	227372	*
8182	chr12	21316446	21544294	227849	*
8183	chr12	21544294	21764879	220586	*
8184	chr12	21764879	21988170	223292	*
8185	chr12	21988170	22214434	226265	*
8186	chr12	22214434	22451871	237438	*
8187	chr12	22451871	22667211	215341	*
8188	chr12	22667211	22880056	212846	*
8189	chr12	22880056	23097120	217065	*
8190	chr12	23097120	23313702	216583	*
8191	chr12	23313702	23541289	227588	*
8192	chr12	23541289	23747450	206162	*
8193	chr12	23747450	23956904	209455	*
8194	chr12	23956904	24162661	205758	*
8195	chr12	24162661	24370570	207910	*
8196	chr12	24370570	24579953	209384	*
8197	chr12	24579953	24796175	216223	*
8198	chr12	24796175	25015219	219045	*
8199	chr12	25015219	25240744	225526	*
8200	chr12	25240744	25462109	221366	*
8201	chr12	25462109	25700884	238776	*
8202	chr12	25700884	25915591	214708	*
8203	chr12	25915591	26128636	213046	*
8204	chr12	26128636	26344027	215392	*
8205	chr12	26344027	26553157	209131	*
8206	chr12	26553157	26767849	214693	*
8207	chr12	26767849	26990718	222870	*
8208	chr12	26990718	27237417	246700	*
8209	chr12	27237417	27460190	222774	*
8210	chr12	27460190	27683742	223553	*
8211	chr12	27683742	27903417	219676	*
8212	chr12	27903417	28117316	213900	*
8213	chr12	28117316	28330951	213636	*
8214	chr12	28330951	28551100	220150	*
8215	chr12	28551100	28773068	221969	*
8216	chr12	28773068	28982699	209632	*
8217	chr12	28982699	29203045	220347	*
8218	chr12	29203045	29434732	231688	*
8219	chr12	29434732	29649625	214894	*
8220	chr12	29649625	29875070	225446	*
8221	chr12	29875070	30099251	224182	*
8222	chr12	30099251	30317074	217824	*
8223	chr12	30317074	30539772	222699	*
8224	chr12	30539772	30761867	222096	*
8225	chr12	30761867	30978922	217056	*
8226	chr12	30978922	31292664	313743	*
8227	chr12	31292664	31527632	234969	*
8228	chr12	31527632	31774798	247167	*
8229	chr12	31774798	32022644	247847	*
8230	chr12	32022644	32256599	233956	*
8231	chr12	32256599	32494793	238195	*
8232	chr12	32494793	32723469	228677	*
8233	chr12	32723469	32954298	230830	*
8234	chr12	32954298	33196666	242369	*
8235	chr12	33196666	33426751	230086	*
8236	chr12	33426751	33645935	219185	*
8237	chr12	33645935	33874412	228478	*
8238	chr12	33874412	34160707	286296	*
8239	chr12	34160707	34388899	228193	*
8240	chr12	34388899	37709687	3320789	*
8241	chr12	37709687	37964633	254947	*
8242	chr12	37964633	38214938	250306	*
8243	chr12	38214938	38471095	256158	*
8244	chr12	38471095	38697405	226311	*
8245	chr12	38697405	38921414	224010	*
8246	chr12	38921414	39144714	223301	*
8247	chr12	39144714	39371953	227240	*
8248	chr12	39371953	39600430	228478	*
8249	chr12	39600430	39834083	233654	*
8250	chr12	39834083	40058849	224767	*
8251	chr12	40058849	40269767	210919	*
8252	chr12	40269767	40479211	209445	*
8253	chr12	40479211	40695266	216056	*
8254	chr12	40695266	40906835	211570	*
8255	chr12	40906835	41124456	217622	*
8256	chr12	41124456	41342475	218020	*
8257	chr12	41342475	41549408	206934	*
8258	chr12	41549408	41777697	228290	*
8259	chr12	41777697	42001147	223451	*
8260	chr12	42001147	42237121	235975	*
8261	chr12	42237121	42469328	232208	*
8262	chr12	42469328	42693741	224414	*
8263	chr12	42693741	42916103	222363	*
8264	chr12	42916103	43124184	208082	*
8265	chr12	43124184	43340414	216231	*
8266	chr12	43340414	43559483	219070	*
8267	chr12	43559483	43783150	223668	*
8268	chr12	43783150	44009690	226541	*
8269	chr12	44009690	44232631	222942	*
8270	chr12	44232631	44444868	212238	*
8271	chr12	44444868	44663121	218254	*
8272	chr12	44663121	44882556	219436	*
8273	chr12	44882556	45110749	228194	*
8274	chr12	45110749	45335708	224960	*
8275	chr12	45335708	45558239	222532	*
8276	chr12	45558239	45768313	210075	*
8277	chr12	45768313	45980517	212205	*
8278	chr12	45980517	46204348	223832	*
8279	chr12	46204348	46439755	235408	*
8280	chr12	46439755	46666609	226855	*
8281	chr12	46666609	46892599	225991	*
8282	chr12	46892599	47116559	223961	*
8283	chr12	47116559	47345880	229322	*
8284	chr12	47345880	47577599	231720	*
8285	chr12	47577599	47795354	217756	*
8286	chr12	47795354	48005089	209736	*
8287	chr12	48005089	48224086	218998	*
8288	chr12	48224086	48470607	246522	*
8289	chr12	48470607	48714206	243600	*
8290	chr12	48714206	48956509	242304	*
8291	chr12	48956509	49191352	234844	*
8292	chr12	49191352	49432829	241478	*
8293	chr12	49432829	49658044	225216	*
8294	chr12	49658044	49887907	229864	*
8295	chr12	49887907	50108290	220384	*
8296	chr12	50108290	50355914	247625	*
8297	chr12	50355914	50601603	245690	*
8298	chr12	50601603	50829789	228187	*
8299	chr12	50829789	51077309	247521	*
8300	chr12	51077309	51321831	244523	*
8301	chr12	51321831	51542759	220929	*
8302	chr12	51542759	51781587	238829	*
8303	chr12	51781587	51999688	218102	*
8304	chr12	51999688	52221889	222202	*
8305	chr12	52221889	52435353	213465	*
8306	chr12	52435353	52648531	213179	*
8307	chr12	52648531	52860110	211580	*
8308	chr12	52860110	53101400	241291	*
8309	chr12	53101400	53335511	234112	*
8310	chr12	53335511	53583786	248276	*
8311	chr12	53583786	53809489	225704	*
8312	chr12	53809489	54018384	208896	*
8313	chr12	54018384	54262504	244121	*
8314	chr12	54262504	54494110	231607	*
8315	chr12	54494110	54704577	210468	*
8316	chr12	54704577	54957094	252518	*
8317	chr12	54957094	55191772	234679	*
8318	chr12	55191772	55427026	235255	*
8319	chr12	55427026	55688216	261191	*
8320	chr12	55688216	55923784	235569	*
8321	chr12	55923784	56160543	236760	*
8322	chr12	56160543	56406818	246276	*
8323	chr12	56406818	56651631	244814	*
8324	chr12	56651631	56903397	251767	*
8325	chr12	56903397	57138527	235131	*
8326	chr12	57138527	57358564	220038	*
8327	chr12	57358564	57596738	238175	*
8328	chr12	57596738	57827048	230311	*
8329	chr12	57827048	58060526	233479	*
8330	chr12	58060526	58285713	225188	*
8331	chr12	58285713	58510830	225118	*
8332	chr12	58510830	58725596	214767	*
8333	chr12	58725596	58942692	217097	*
8334	chr12	58942692	59163178	220487	*
8335	chr12	59163178	59389461	226284	*
8336	chr12	59389461	59607898	218438	*
8337	chr12	59607898	59825784	217887	*
8338	chr12	59825784	60046162	220379	*
8339	chr12	60046162	60256572	210411	*
8340	chr12	60256572	60464662	208091	*
8341	chr12	60464662	60677884	213223	*
8342	chr12	60677884	60909972	232089	*
8343	chr12	60909972	61137522	227551	*
8344	chr12	61137522	61369602	232081	*
8345	chr12	61369602	61595618	226017	*
8346	chr12	61595618	61809288	213671	*
8347	chr12	61809288	62031617	222330	*
8348	chr12	62031617	62245923	214307	*
8349	chr12	62245923	62464868	218946	*
8350	chr12	62464868	62680795	215928	*
8351	chr12	62680795	62896147	215353	*
8352	chr12	62896147	63111678	215532	*
8353	chr12	63111678	63342298	230621	*
8354	chr12	63342298	63625365	283068	*
8355	chr12	63625365	63916971	291607	*
8356	chr12	63916971	64130123	213153	*
8357	chr12	64130123	64377925	247803	*
8358	chr12	64377925	64611308	233384	*
8359	chr12	64611308	64838525	227218	*
8360	chr12	64838525	65064439	225915	*
8361	chr12	65064439	65273797	209359	*
8362	chr12	65273797	65493977	220181	*
8363	chr12	65493977	65708554	214578	*
8364	chr12	65708554	65920720	212167	*
8365	chr12	65920720	66144351	223632	*
8366	chr12	66144351	66359862	215512	*
8367	chr12	66359862	66596639	236778	*
8368	chr12	66596639	66803509	206871	*
8369	chr12	66803509	67012073	208565	*
8370	chr12	67012073	67224837	212765	*
8371	chr12	67224837	67446064	221228	*
8372	chr12	67446064	67658199	212136	*
8373	chr12	67658199	67882455	224257	*
8374	chr12	67882455	68105262	222808	*
8375	chr12	68105262	68316324	211063	*
8376	chr12	68316324	68532087	215764	*
8377	chr12	68532087	68765403	233317	*
8378	chr12	68765403	68997931	232529	*
8379	chr12	68997931	69221911	223981	*
8380	chr12	69221911	69445548	223638	*
8381	chr12	69445548	69663929	218382	*
8382	chr12	69663929	69892590	228662	*
8383	chr12	69892590	70119278	226689	*
8384	chr12	70119278	70340665	221388	*
8385	chr12	70340665	70563434	222770	*
8386	chr12	70563434	70781030	217597	*
8387	chr12	70781030	70996184	215155	*
8388	chr12	70996184	71216638	220455	*
8389	chr12	71216638	71429195	212558	*
8390	chr12	71429195	71640470	211276	*
8391	chr12	71640470	71858414	217945	*
8392	chr12	71858414	72068400	209987	*
8393	chr12	72068400	72282937	214538	*
8394	chr12	72282937	72493535	210599	*
8395	chr12	72493535	72717845	224311	*
8396	chr12	72717845	72943259	225415	*
8397	chr12	72943259	73161737	218479	*
8398	chr12	73161737	73390565	228829	*
8399	chr12	73390565	73618725	228161	*
8400	chr12	73618725	73833480	214756	*
8401	chr12	73833480	74056950	223471	*
8402	chr12	74056950	74277043	220094	*
8403	chr12	74277043	74491763	214721	*
8404	chr12	74491763	74713901	222139	*
8405	chr12	74713901	74932377	218477	*
8406	chr12	74932377	75143676	211300	*
8407	chr12	75143676	75351828	208153	*
8408	chr12	75351828	75574717	222890	*
8409	chr12	75574717	75793309	218593	*
8410	chr12	75793309	76010836	217528	*
8411	chr12	76010836	76233140	222305	*
8412	chr12	76233140	76456308	223169	*
8413	chr12	76456308	76676116	219809	*
8414	chr12	76676116	76894240	218125	*
8415	chr12	76894240	77113476	219237	*
8416	chr12	77113476	77336530	223055	*
8417	chr12	77336530	77553987	217458	*
8418	chr12	77553987	77768678	214692	*
8419	chr12	77768678	77983956	215279	*
8420	chr12	77983956	78196616	212661	*
8421	chr12	78196616	78409635	213020	*
8422	chr12	78409635	78626850	217216	*
8423	chr12	78626850	78837414	210565	*
8424	chr12	78837414	79049141	211728	*
8425	chr12	79049141	79259754	210614	*
8426	chr12	79259754	79472568	212815	*
8427	chr12	79472568	79702068	229501	*
8428	chr12	79702068	79921468	219401	*
8429	chr12	79921468	80156148	234681	*
8430	chr12	80156148	80377472	221325	*
8431	chr12	80377472	80611282	233811	*
8432	chr12	80611282	80821114	209833	*
8433	chr12	80821114	81030910	209797	*
8434	chr12	81030910	81254785	223876	*
8435	chr12	81254785	81460525	205741	*
8436	chr12	81460525	81677819	217295	*
8437	chr12	81677819	81885847	208029	*
8438	chr12	81885847	82110287	224441	*
8439	chr12	82110287	82332166	221880	*
8440	chr12	82332166	82544400	212235	*
8441	chr12	82544400	82769932	225533	*
8442	chr12	82769932	82986678	216747	*
8443	chr12	82986678	83198627	211950	*
8444	chr12	83198627	83427919	229293	*
8445	chr12	83427919	83662219	234301	*
8446	chr12	83662219	83891955	229737	*
8447	chr12	83891955	84120973	229019	*
8448	chr12	84120973	84331246	210274	*
8449	chr12	84331246	84541943	210698	*
8450	chr12	84541943	84751591	209649	*
8451	chr12	84751591	84960040	208450	*
8452	chr12	84960040	85169951	209912	*
8453	chr12	85169951	85388073	218123	*
8454	chr12	85388073	85597828	209756	*
8455	chr12	85597828	85811587	213760	*
8456	chr12	85811587	86025715	214129	*
8457	chr12	86025715	86242136	216422	*
8458	chr12	86242136	86459998	217863	*
8459	chr12	86459998	86684888	224891	*
8460	chr12	86684888	86906794	221907	*
8461	chr12	86906794	87132467	225674	*
8462	chr12	87132467	87349751	217285	*
8463	chr12	87349751	87580233	230483	*
8464	chr12	87580233	87808950	228718	*
8465	chr12	87808950	88032658	223709	*
8466	chr12	88032658	88245301	212644	*
8467	chr12	88245301	88465242	219942	*
8468	chr12	88465242	88684886	219645	*
8469	chr12	88684886	88907182	222297	*
8470	chr12	88907182	89115391	208210	*
8471	chr12	89115391	89328768	213378	*
8472	chr12	89328768	89551661	222894	*
8473	chr12	89551661	89760956	209296	*
8474	chr12	89760956	89974688	213733	*
8475	chr12	89974688	90180195	205508	*
8476	chr12	90180195	90389838	209644	*
8477	chr12	90389838	90610473	220636	*
8478	chr12	90610473	90826835	216363	*
8479	chr12	90826835	91038423	211589	*
8480	chr12	91038423	91249261	210839	*
8481	chr12	91249261	91457987	208727	*
8482	chr12	91457987	91669406	211420	*
8483	chr12	91669406	91883000	213595	*
8484	chr12	91883000	92096251	213252	*
8485	chr12	92096251	92308997	212747	*
8486	chr12	92308997	92525749	216753	*
8487	chr12	92525749	92747401	221653	*
8488	chr12	92747401	92978780	231380	*
8489	chr12	92978780	93194882	216103	*
8490	chr12	93194882	93429678	234797	*
8491	chr12	93429678	93656778	227101	*
8492	chr12	93656778	93868236	211459	*
8493	chr12	93868236	94093566	225331	*
8494	chr12	94093566	94305975	212410	*
8495	chr12	94305975	94532900	226926	*
8496	chr12	94532900	94751242	218343	*
8497	chr12	94751242	94976614	225373	*
8498	chr12	94976614	95209274	232661	*
8499	chr12	95209274	95438666	229393	*
8500	chr12	95438666	95674550	235885	*
8501	chr12	95674550	95904302	229753	*
8502	chr12	95904302	96134371	230070	*
8503	chr12	96134371	96356309	221939	*
8504	chr12	96356309	96584499	228191	*
8505	chr12	96584499	96817207	232709	*
8506	chr12	96817207	97026757	209551	*
8507	chr12	97026757	97238608	211852	*
8508	chr12	97238608	97451750	213143	*
8509	chr12	97451750	97670762	219013	*
8510	chr12	97670762	97913797	243036	*
8511	chr12	97913797	98120814	207018	*
8512	chr12	98120814	98337604	216791	*
8513	chr12	98337604	98567139	229536	*
8514	chr12	98567139	98792911	225773	*
8515	chr12	98792911	99004933	212023	*
8516	chr12	99004933	99218098	213166	*
8517	chr12	99218098	99435795	217698	*
8518	chr12	99435795	99656007	220213	*
8519	chr12	99656007	99879078	223072	*
8520	chr12	99879078	100109589	230512	*
8521	chr12	100109589	100339562	229974	*
8522	chr12	100339562	100558639	219078	*
8523	chr12	100558639	100782093	223455	*
8524	chr12	100782093	100993732	211640	*
8525	chr12	100993732	101221434	227703	*
8526	chr12	101221434	101453794	232361	*
8527	chr12	101453794	101683897	230104	*
8528	chr12	101683897	101910855	226959	*
8529	chr12	101910855	102124468	213614	*
8530	chr12	102124468	102354808	230341	*
8531	chr12	102354808	102567998	213191	*
8532	chr12	102567998	102784187	216190	*
8533	chr12	102784187	103001651	217465	*
8534	chr12	103001651	103214056	212406	*
8535	chr12	103214056	103444104	230049	*
8536	chr12	103444104	103664989	220886	*
8537	chr12	103664989	103877478	212490	*
8538	chr12	103877478	104105751	228274	*
8539	chr12	104105751	104341732	235982	*
8540	chr12	104341732	104560421	218690	*
8541	chr12	104560421	104772321	211901	*
8542	chr12	104772321	104996001	223681	*
8543	chr12	104996001	105217480	221480	*
8544	chr12	105217480	105445039	227560	*
8545	chr12	105445039	105668147	223109	*
8546	chr12	105668147	105885223	217077	*
8547	chr12	105885223	106091344	206122	*
8548	chr12	106091344	106310633	219290	*
8549	chr12	106310633	106542487	231855	*
8550	chr12	106542487	106761766	219280	*
8551	chr12	106761766	106975117	213352	*
8552	chr12	106975117	107196570	221454	*
8553	chr12	107196570	107412827	216258	*
8554	chr12	107412827	107623966	211140	*
8555	chr12	107623966	107848222	224257	*
8556	chr12	107848222	108063985	215764	*
8557	chr12	108063985	108268330	204346	*
8558	chr12	108268330	108481401	213072	*
8559	chr12	108481401	108696554	215154	*
8560	chr12	108696554	108922684	226131	*
8561	chr12	108922684	109158125	235442	*
8562	chr12	109158125	109380057	221933	*
8563	chr12	109380057	109595335	215279	*
8564	chr12	109595335	109808801	213467	*
8565	chr12	109808801	110040385	231585	*
8566	chr12	110040385	110281343	240959	*
8567	chr12	110281343	110530673	249331	*
8568	chr12	110530673	110768903	238231	*
8569	chr12	110768903	111001084	232182	*
8570	chr12	111001084	111212773	211690	*
8571	chr12	111212773	111442862	230090	*
8572	chr12	111442862	111686234	243373	*
8573	chr12	111686234	111938803	252570	*
8574	chr12	111938803	112182621	243819	*
8575	chr12	112182621	112417891	235271	*
8576	chr12	112417891	112654959	237069	*
8577	chr12	112654959	112864105	209147	*
8578	chr12	112864105	113083026	218922	*
8579	chr12	113083026	113303545	220520	*
8580	chr12	113303545	113529483	225939	*
8581	chr12	113529483	113742017	212535	*
8582	chr12	113742017	113952048	210032	*
8583	chr12	113952048	114166749	214702	*
8584	chr12	114166749	114374034	207286	*
8585	chr12	114374034	114592670	218637	*
8586	chr12	114592670	114819838	227169	*
8587	chr12	114819838	115032132	212295	*
8588	chr12	115032132	115241768	209637	*
8589	chr12	115241768	115454709	212942	*
8590	chr12	115454709	115663551	208843	*
8591	chr12	115663551	115875045	211495	*
8592	chr12	115875045	116085303	210259	*
8593	chr12	116085303	116298117	212815	*
8594	chr12	116298117	116525872	227756	*
8595	chr12	116525872	116750196	224325	*
8596	chr12	116750196	116976181	225986	*
8597	chr12	116976181	117193702	217522	*
8598	chr12	117193702	117418176	224475	*
8599	chr12	117418176	117632442	214267	*
8600	chr12	117632442	117853959	221518	*
8601	chr12	117853959	118087259	233301	*
8602	chr12	118087259	118330282	243024	*
8603	chr12	118330282	118556551	226270	*
8604	chr12	118556551	118780363	223813	*
8605	chr12	118780363	118995907	215545	*
8606	chr12	118995907	119212114	216208	*
8607	chr12	119212114	119429389	217276	*
8608	chr12	119429389	119654219	224831	*
8609	chr12	119654219	119876438	222220	*
8610	chr12	119876438	120114704	238267	*
8611	chr12	120114704	120356219	241516	*
8612	chr12	120356219	120601448	245230	*
8613	chr12	120601448	120830628	229181	*
8614	chr12	120830628	121069011	238384	*
8615	chr12	121069011	121307333	238323	*
8616	chr12	121307333	121545522	238190	*
8617	chr12	121545522	121801655	256134	*
8618	chr12	121801655	122043408	241754	*
8619	chr12	122043408	122282348	238941	*
8620	chr12	122282348	122529690	247343	*
8621	chr12	122529690	122789270	259581	*
8622	chr12	122789270	123020066	230797	*
8623	chr12	123020066	123247387	227322	*
8624	chr12	123247387	123503538	256152	*
8625	chr12	123503538	123746318	242781	*
8626	chr12	123746318	123964700	218383	*
8627	chr12	123964700	124187660	222961	*
8628	chr12	124187660	124397972	210313	*
8629	chr12	124397972	124607614	209643	*
8630	chr12	124607614	124821908	214295	*
8631	chr12	124821908	125061332	239425	*
8632	chr12	125061332	125278525	217194	*
8633	chr12	125278525	125493555	215031	*
8634	chr12	125493555	125708829	215275	*
8635	chr12	125708829	125929155	220327	*
8636	chr12	125929155	126145352	216198	*
8637	chr12	126145352	126365719	220368	*
8638	chr12	126365719	126576696	210978	*
8639	chr12	126576696	126790989	214294	*
8640	chr12	126790989	127004679	213691	*
8641	chr12	127004679	127227126	222448	*
8642	chr12	127227126	127434107	206982	*
8643	chr12	127434107	127650386	216280	*
8644	chr12	127650386	127863836	213451	*
8645	chr12	127863836	128085953	222118	*
8646	chr12	128085953	128296964	211012	*
8647	chr12	128296964	128513878	216915	*
8648	chr12	128513878	128728767	214890	*
8649	chr12	128728767	128957225	228459	*
8650	chr12	128957225	129186002	228778	*
8651	chr12	129186002	129408152	222151	*
8652	chr12	129408152	129627105	218954	*
8653	chr12	129627105	129844419	217315	*
8654	chr12	129844419	130059200	214782	*
8655	chr12	130059200	130269260	210061	*
8656	chr12	130269260	130479969	210710	*
8657	chr12	130479969	130695368	215400	*
8658	chr12	130695368	130920384	225017	*
8659	chr12	130920384	131135330	214947	*
8660	chr12	131135330	131385856	250527	*
8661	chr12	131385856	131620758	234903	*
8662	chr12	131620758	131863327	242570	*
8663	chr12	131863327	132329325	465999	*
8664	chr12	132329325	132548254	218930	*
8665	chr13	18982643	19564286	581644	*
8666	chr13	19564286	19825412	261127	*
8667	chr13	19825412	20062163	236752	*
8668	chr13	20062163	20278527	216365	*
8669	chr13	20278527	20496410	217884	*
8670	chr13	20496410	20721674	225265	*
8671	chr13	20721674	20951948	230275	*
8672	chr13	20951948	21184959	233012	*
8673	chr13	21184959	21437991	253033	*
8674	chr13	21437991	21666681	228691	*
8675	chr13	21666681	21883966	217286	*
8676	chr13	21883966	22094622	210657	*
8677	chr13	22094622	22301324	206703	*
8678	chr13	22301324	22525952	224629	*
8679	chr13	22525952	22754579	228628	*
8680	chr13	22754579	22997515	242937	*
8681	chr13	22997515	23219645	222131	*
8682	chr13	23219645	23448087	228443	*
8683	chr13	23448087	23670146	222060	*
8684	chr13	23670146	23888789	218644	*
8685	chr13	23888789	24106336	217548	*
8686	chr13	24106336	24320616	214281	*
8687	chr13	24320616	24613459	292844	*
8688	chr13	24613459	24839201	225743	*
8689	chr13	24839201	25097950	258750	*
8690	chr13	25097950	25313852	215903	*
8691	chr13	25313852	25536129	222278	*
8692	chr13	25536129	25751972	215844	*
8693	chr13	25751972	25970682	218711	*
8694	chr13	25970682	26193065	222384	*
8695	chr13	26193065	26408625	215561	*
8696	chr13	26408625	26621771	213147	*
8697	chr13	26621771	26839483	217713	*
8698	chr13	26839483	27052104	212622	*
8699	chr13	27052104	27276525	224422	*
8700	chr13	27276525	27496705	220181	*
8701	chr13	27496705	27706620	209916	*
8702	chr13	27706620	27923385	216766	*
8703	chr13	27923385	28154418	231034	*
8704	chr13	28154418	28370928	216511	*
8705	chr13	28370928	28582540	211613	*
8706	chr13	28582540	28811528	228989	*
8707	chr13	28811528	29033240	221713	*
8708	chr13	29033240	29254283	221044	*
8709	chr13	29254283	29475279	220997	*
8710	chr13	29475279	29701113	225835	*
8711	chr13	29701113	29917356	216244	*
8712	chr13	29917356	30128884	211529	*
8713	chr13	30128884	30353056	224173	*
8714	chr13	30353056	30578801	225746	*
8715	chr13	30578801	30795747	216947	*
8716	chr13	30795747	31009752	214006	*
8717	chr13	31009752	31219925	210174	*
8718	chr13	31219925	31451329	231405	*
8719	chr13	31451329	31680324	228996	*
8720	chr13	31680324	31894894	214571	*
8721	chr13	31894894	32108096	213203	*
8722	chr13	32108096	32320870	212775	*
8723	chr13	32320870	32543182	222313	*
8724	chr13	32543182	32768259	225078	*
8725	chr13	32768259	32979659	211401	*
8726	chr13	32979659	33187464	207806	*
8727	chr13	33187464	33399351	211888	*
8728	chr13	33399351	33619575	220225	*
8729	chr13	33619575	33833197	213623	*
8730	chr13	33833197	34047275	214079	*
8731	chr13	34047275	34259651	212377	*
8732	chr13	34259651	34471549	211899	*
8733	chr13	34471549	34693942	222394	*
8734	chr13	34693942	34908412	214471	*
8735	chr13	34908412	35138405	229994	*
8736	chr13	35138405	35352228	213824	*
8737	chr13	35352228	35568439	216212	*
8738	chr13	35568439	35778476	210038	*
8739	chr13	35778476	35990024	211549	*
8740	chr13	35990024	36205395	215372	*
8741	chr13	36205395	36423517	218123	*
8742	chr13	36423517	36641492	217976	*
8743	chr13	36641492	36854936	213445	*
8744	chr13	36854936	37073284	218349	*
8745	chr13	37073284	37297320	224037	*
8746	chr13	37297320	37509656	212337	*
8747	chr13	37509656	37719745	210090	*
8748	chr13	37719745	37933475	213731	*
8749	chr13	37933475	38164031	230557	*
8750	chr13	38164031	38383694	219664	*
8751	chr13	38383694	38593523	209830	*
8752	chr13	38593523	38802032	208510	*
8753	chr13	38802032	39020688	218657	*
8754	chr13	39020688	39235148	214461	*
8755	chr13	39235148	39449159	214012	*
8756	chr13	39449159	39662442	213284	*
8757	chr13	39662442	39878719	216278	*
8758	chr13	39878719	40093590	214872	*
8759	chr13	40093590	40299656	206067	*
8760	chr13	40299656	40519308	219653	*
8761	chr13	40519308	40756506	237199	*
8762	chr13	40756506	41013120	256615	*
8763	chr13	41013120	41244853	231734	*
8764	chr13	41244853	41485828	240976	*
8765	chr13	41485828	41705873	220046	*
8766	chr13	41705873	41929328	223456	*
8767	chr13	41929328	42146661	217334	*
8768	chr13	42146661	42357596	210936	*
8769	chr13	42357596	42591194	233599	*
8770	chr13	42591194	42804749	213556	*
8771	chr13	42804749	43026850	222102	*
8772	chr13	43026850	43242410	215561	*
8773	chr13	43242410	43450181	207772	*
8774	chr13	43450181	43662509	212329	*
8775	chr13	43662509	43880352	217844	*
8776	chr13	43880352	44100135	219784	*
8777	chr13	44100135	44307462	207328	*
8778	chr13	44307462	44519944	212483	*
8779	chr13	44519944	44746375	226432	*
8780	chr13	44746375	44969386	223012	*
8781	chr13	44969386	45196907	227522	*
8782	chr13	45196907	45437358	240452	*
8783	chr13	45437358	45673129	235772	*
8784	chr13	45673129	45884059	210931	*
8785	chr13	45884059	46093360	209302	*
8786	chr13	46093360	46309388	216029	*
8787	chr13	46309388	46565074	255687	*
8788	chr13	46565074	46776348	211275	*
8789	chr13	46776348	46987891	211544	*
8790	chr13	46987891	47199019	211129	*
8791	chr13	47199019	47421641	222623	*
8792	chr13	47421641	47643627	221987	*
8793	chr13	47643627	47883405	239779	*
8794	chr13	47883405	48121643	238239	*
8795	chr13	48121643	48347126	225484	*
8796	chr13	48347126	48571158	224033	*
8797	chr13	48571158	48791818	220661	*
8798	chr13	48791818	49007508	215691	*
8799	chr13	49007508	49239298	231791	*
8800	chr13	49239298	49456801	217504	*
8801	chr13	49456801	49686097	229297	*
8802	chr13	49686097	49920398	234302	*
8803	chr13	49920398	50145147	224750	*
8804	chr13	50145147	50368819	223673	*
8805	chr13	50368819	50585221	216403	*
8806	chr13	50585221	50798587	213367	*
8807	chr13	50798587	51015275	216689	*
8808	chr13	51015275	51236738	221464	*
8809	chr13	51236738	51445529	208792	*
8810	chr13	51445529	51680145	234617	*
8811	chr13	51680145	51897297	217153	*
8812	chr13	51897297	52787443	890147	*
8813	chr13	52787443	53000583	213141	*
8814	chr13	53000583	53212379	211797	*
8815	chr13	53212379	53420986	208608	*
8816	chr13	53420986	53637990	217005	*
8817	chr13	53637990	53843028	205039	*
8818	chr13	53843028	54059341	216314	*
8819	chr13	54059341	54275179	215839	*
8820	chr13	54275179	54488932	213754	*
8821	chr13	54488932	54698496	209565	*
8822	chr13	54698496	54920087	221592	*
8823	chr13	54920087	55139020	218934	*
8824	chr13	55139020	55350217	211198	*
8825	chr13	55350217	55562442	212226	*
8826	chr13	55562442	55781763	219322	*
8827	chr13	55781763	55993707	211945	*
8828	chr13	55993707	56210943	217237	*
8829	chr13	56210943	56419397	208455	*
8830	chr13	56419397	56634918	215522	*
8831	chr13	56634918	56848821	213904	*
8832	chr13	56848821	57065115	216295	*
8833	chr13	57065115	57311119	246005	*
8834	chr13	57311119	57530077	218959	*
8835	chr13	57530077	57735624	205548	*
8836	chr13	57735624	57945842	210219	*
8837	chr13	57945842	58158480	212639	*
8838	chr13	58158480	58373426	214947	*
8839	chr13	58373426	58590594	217169	*
8840	chr13	58590594	58806321	215728	*
8841	chr13	58806321	59019022	212702	*
8842	chr13	59019022	59231069	212048	*
8843	chr13	59231069	59448435	217367	*
8844	chr13	59448435	59665710	217276	*
8845	chr13	59665710	59878014	212305	*
8846	chr13	59878014	60089593	211580	*
8847	chr13	60089593	60308566	218974	*
8848	chr13	60308566	60526034	217469	*
8849	chr13	60526034	60747972	221939	*
8850	chr13	60747972	60971497	223526	*
8851	chr13	60971497	61184558	213062	*
8852	chr13	61184558	61407386	222829	*
8853	chr13	61407386	61615746	208361	*
8854	chr13	61615746	61831936	216191	*
8855	chr13	61831936	62041026	209091	*
8856	chr13	62041026	62255132	214107	*
8857	chr13	62255132	62464047	208916	*
8858	chr13	62464047	62672641	208595	*
8859	chr13	62672641	62880911	208271	*
8860	chr13	62880911	63100308	219398	*
8861	chr13	63100308	63315139	214832	*
8862	chr13	63315139	63527627	212489	*
8863	chr13	63527627	63774436	246810	*
8864	chr13	63774436	64024746	250311	*
8865	chr13	64024746	64243843	219098	*
8866	chr13	64243843	64450953	207111	*
8867	chr13	64450953	64659727	208775	*
8868	chr13	64659727	64873623	213897	*
8869	chr13	64873623	65085535	211913	*
8870	chr13	65085535	65301475	215941	*
8871	chr13	65301475	65516227	214753	*
8872	chr13	65516227	65732856	216630	*
8873	chr13	65732856	65939426	206571	*
8874	chr13	65939426	66156063	216638	*
8875	chr13	66156063	66374144	218082	*
8876	chr13	66374144	66584621	210478	*
8877	chr13	66584621	66800317	215697	*
8878	chr13	66800317	67008696	208380	*
8879	chr13	67008696	67216400	207705	*
8880	chr13	67216400	67428535	212136	*
8881	chr13	67428535	67645585	217051	*
8882	chr13	67645585	67863228	217644	*
8883	chr13	67863228	68081119	217892	*
8884	chr13	68081119	68288711	207593	*
8885	chr13	68288711	68500759	212049	*
8886	chr13	68500759	68711637	210879	*
8887	chr13	68711637	68923197	211561	*
8888	chr13	68923197	69132423	209227	*
8889	chr13	69132423	69340442	208020	*
8890	chr13	69340442	69560375	219934	*
8891	chr13	69560375	69774412	214038	*
8892	chr13	69774412	69991097	216686	*
8893	chr13	69991097	70203988	212892	*
8894	chr13	70203988	70416700	212713	*
8895	chr13	70416700	70629470	212771	*
8896	chr13	70629470	70835592	206123	*
8897	chr13	70835592	71042916	207325	*
8898	chr13	71042916	71254281	211366	*
8899	chr13	71254281	71467548	213268	*
8900	chr13	71467548	71672997	205450	*
8901	chr13	71672997	71880842	207846	*
8902	chr13	71880842	72095328	214487	*
8903	chr13	72095328	72309472	214145	*
8904	chr13	72309472	72516522	207051	*
8905	chr13	72516522	72737355	220834	*
8906	chr13	72737355	72955450	218096	*
8907	chr13	72955450	73187965	232516	*
8908	chr13	73187965	73399392	211428	*
8909	chr13	73399392	73617176	217785	*
8910	chr13	73617176	73833527	216352	*
8911	chr13	73833527	74039303	205777	*
8912	chr13	74039303	74254015	214713	*
8913	chr13	74254015	74470174	216160	*
8914	chr13	74470174	74686508	216335	*
8915	chr13	74686508	74903058	216551	*
8916	chr13	74903058	75125082	222025	*
8917	chr13	75125082	75345546	220465	*
8918	chr13	75345546	75558955	213410	*
8919	chr13	75558955	75783180	224226	*
8920	chr13	75783180	75993076	209897	*
8921	chr13	75993076	76202481	209406	*
8922	chr13	76202481	76422779	220299	*
8923	chr13	76422779	76646872	224094	*
8924	chr13	76646872	76857578	210707	*
8925	chr13	76857578	77073004	215427	*
8926	chr13	77073004	77287313	214310	*
8927	chr13	77287313	77502458	215146	*
8928	chr13	77502458	77724849	222392	*
8929	chr13	77724849	77932629	207781	*
8930	chr13	77932629	78161225	228597	*
8931	chr13	78161225	78366501	205277	*
8932	chr13	78366501	78585022	218522	*
8933	chr13	78585022	78794019	208998	*
8934	chr13	78794019	79011232	217214	*
8935	chr13	79011232	79228867	217636	*
8936	chr13	79228867	79447438	218572	*
8937	chr13	79447438	79665345	217908	*
8938	chr13	79665345	79886660	221316	*
8939	chr13	79886660	80113606	226947	*
8940	chr13	80113606	80344707	231102	*
8941	chr13	80344707	80567080	222374	*
8942	chr13	80567080	80784696	217617	*
8943	chr13	80784696	81001411	216716	*
8944	chr13	81001411	81218516	217106	*
8945	chr13	81218516	81430308	211793	*
8946	chr13	81430308	81649804	219497	*
8947	chr13	81649804	81867000	217197	*
8948	chr13	81867000	82084508	217509	*
8949	chr13	82084508	82302459	217952	*
8950	chr13	82302459	82514777	212319	*
8951	chr13	82514777	82724648	209872	*
8952	chr13	82724648	82934332	209685	*
8953	chr13	82934332	83143773	209442	*
8954	chr13	83143773	83355997	212225	*
8955	chr13	83355997	83569582	213586	*
8956	chr13	83569582	83783135	213554	*
8957	chr13	83783135	83999036	215902	*
8958	chr13	83999036	84209482	210447	*
8959	chr13	84209482	84418876	209395	*
8960	chr13	84418876	84631470	212595	*
8961	chr13	84631470	84841320	209851	*
8962	chr13	84841320	85052834	211515	*
8963	chr13	85052834	85273332	220499	*
8964	chr13	85273332	85483967	210636	*
8965	chr13	85483967	85694755	210789	*
8966	chr13	85694755	85905836	211082	*
8967	chr13	85905836	86414945	509110	*
8968	chr13	86414945	86625625	210681	*
8969	chr13	86625625	86843044	217420	*
8970	chr13	86843044	87058585	215542	*
8971	chr13	87058585	87272784	214200	*
8972	chr13	87272784	87491473	218690	*
8973	chr13	87491473	87703612	212140	*
8974	chr13	87703612	87912205	208594	*
8975	chr13	87912205	88120367	208163	*
8976	chr13	88120367	88332079	211713	*
8977	chr13	88332079	88546903	214825	*
8978	chr13	88546903	88758138	211236	*
8979	chr13	88758138	88968430	210293	*
8980	chr13	88968430	89183878	215449	*
8981	chr13	89183878	89393859	209982	*
8982	chr13	89393859	89604999	211141	*
8983	chr13	89604999	89813660	208662	*
8984	chr13	89813660	90022286	208627	*
8985	chr13	90022286	90235120	212835	*
8986	chr13	90235120	90447556	212437	*
8987	chr13	90447556	90661441	213886	*
8988	chr13	90661441	90886427	224987	*
8989	chr13	90886427	91096888	210462	*
8990	chr13	91096888	91304307	207420	*
8991	chr13	91304307	91518530	214224	*
8992	chr13	91518530	91731158	212629	*
8993	chr13	91731158	91952658	221501	*
8994	chr13	91952658	92172474	219817	*
8995	chr13	92172474	92389692	217219	*
8996	chr13	92389692	92610438	220747	*
8997	chr13	92610438	92843050	232613	*
8998	chr13	92843050	93055592	212543	*
8999	chr13	93055592	93266836	211245	*
9000	chr13	93266836	93478178	211343	*
9001	chr13	93478178	93695076	216899	*
9002	chr13	93695076	93906107	211032	*
9003	chr13	93906107	94116487	210381	*
9004	chr13	94116487	94324608	208122	*
9005	chr13	94324608	94545146	220539	*
9006	chr13	94545146	94763067	217922	*
9007	chr13	94763067	94980207	217141	*
9008	chr13	94980207	95196546	216340	*
9009	chr13	95196546	95436199	239654	*
9010	chr13	95436199	95656342	220144	*
9011	chr13	95656342	95881281	224940	*
9012	chr13	95881281	96106831	225551	*
9013	chr13	96106831	96319137	212307	*
9014	chr13	96319137	96536013	216877	*
9015	chr13	96536013	96746754	210742	*
9016	chr13	96746754	96961067	214314	*
9017	chr13	96961067	97181520	220454	*
9018	chr13	97181520	97389987	208468	*
9019	chr13	97389987	97603875	213889	*
9020	chr13	97603875	97842189	238315	*
9021	chr13	97842189	98071435	229247	*
9022	chr13	98071435	98296323	224889	*
9023	chr13	98296323	98507658	211336	*
9024	chr13	98507658	98732260	224603	*
9025	chr13	98732260	98947081	214822	*
9026	chr13	98947081	99162605	215525	*
9027	chr13	99162605	99384563	221959	*
9028	chr13	99384563	99608668	224106	*
9029	chr13	99608668	99835697	227030	*
9030	chr13	99835697	100060014	224318	*
9031	chr13	100060014	100291265	231252	*
9032	chr13	100291265	100511421	220157	*
9033	chr13	100511421	100733498	222078	*
9034	chr13	100733498	100948208	214711	*
9035	chr13	100948208	101167346	219139	*
9036	chr13	101167346	101385734	218389	*
9037	chr13	101385734	101598196	212463	*
9038	chr13	101598196	101810585	212390	*
9039	chr13	101810585	102018943	208359	*
9040	chr13	102018943	102231544	212602	*
9041	chr13	102231544	102436280	204737	*
9042	chr13	102436280	102657467	221188	*
9043	chr13	102657467	102869984	212518	*
9044	chr13	102869984	103077559	207576	*
9045	chr13	103077559	103286761	209203	*
9046	chr13	103286761	103498372	211612	*
9047	chr13	103498372	103711895	213524	*
9048	chr13	103711895	103922927	211033	*
9049	chr13	103922927	104133742	210816	*
9050	chr13	104133742	104352262	218521	*
9051	chr13	104352262	104562117	209856	*
9052	chr13	104562117	104769300	207184	*
9053	chr13	104769300	104983272	213973	*
9054	chr13	104983272	105192514	209243	*
9055	chr13	105192514	105405401	212888	*
9056	chr13	105405401	105612769	207369	*
9057	chr13	105612769	105821652	208884	*
9058	chr13	105821652	106037251	215600	*
9059	chr13	106037251	106252022	214772	*
9060	chr13	106252022	106460282	208261	*
9061	chr13	106460282	106666024	205743	*
9062	chr13	106666024	106882798	216775	*
9063	chr13	106882798	107099363	216566	*
9064	chr13	107099363	107308111	208749	*
9065	chr13	107308111	107518383	210273	*
9066	chr13	107518383	107727159	208777	*
9067	chr13	107727159	107948182	221024	*
9068	chr13	107948182	108156669	208488	*
9069	chr13	108156669	108371239	214571	*
9070	chr13	108371239	108589064	217826	*
9071	chr13	108589064	108803977	214914	*
9072	chr13	108803977	109021194	217218	*
9073	chr13	109021194	109230740	209547	*
9074	chr13	109230740	109452536	221797	*
9075	chr13	109452536	109663686	211151	*
9076	chr13	109663686	109877769	214084	*
9077	chr13	109877769	110096891	219123	*
9078	chr13	110096891	110305116	208226	*
9079	chr13	110305116	110514213	209098	*
9080	chr13	110514213	110744143	229931	*
9081	chr13	110744143	110960555	216413	*
9082	chr13	110960555	111182696	222142	*
9083	chr13	111182696	111396833	214138	*
9084	chr13	111396833	111966091	569259	*
9085	chr13	111966091	112174725	208635	*
9086	chr13	112174725	112423237	248513	*
9087	chr13	112423237	112639688	216452	*
9088	chr13	112639688	112859991	220304	*
9089	chr13	112859991	113075981	215991	*
9090	chr13	113075981	113294864	218884	*
9091	chr13	113294864	113530181	235318	*
9092	chr13	113530181	113799136	268956	*
9093	chr13	113799136	114055588	256453	*
9094	chr13	114055588	114283294	227707	*
9095	chr14	19786519	20042849	256331	*
9096	chr14	20042849	20288814	245966	*
9097	chr14	20288814	20514320	225507	*
9098	chr14	20514320	20736682	222363	*
9099	chr14	20736682	20990869	254188	*
9100	chr14	20990869	21212723	221855	*
9101	chr14	21212723	21446652	233930	*
9102	chr14	21446652	21683412	236761	*
9103	chr14	21683412	21908897	225486	*
9104	chr14	21908897	22120181	211285	*
9105	chr14	22120181	22336707	216527	*
9106	chr14	22336707	22547843	211137	*
9107	chr14	22547843	22794939	247097	*
9108	chr14	22794939	23034768	239830	*
9109	chr14	23034768	23261634	226867	*
9110	chr14	23261634	23481388	219755	*
9111	chr14	23481388	23702067	220680	*
9112	chr14	23702067	23931103	229037	*
9113	chr14	23931103	24213197	282095	*
9114	chr14	24213197	24427977	214781	*
9115	chr14	24427977	24671737	243761	*
9116	chr14	24671737	24888991	217255	*
9117	chr14	24888991	25096096	207106	*
9118	chr14	25096096	25332409	236314	*
9119	chr14	25332409	25550706	218298	*
9120	chr14	25550706	25767820	217115	*
9121	chr14	25767820	25996766	228947	*
9122	chr14	25996766	26206803	210038	*
9123	chr14	26206803	26422143	215341	*
9124	chr14	26422143	26636061	213919	*
9125	chr14	26636061	26855509	219449	*
9126	chr14	26855509	27067555	212047	*
9127	chr14	27067555	27282398	214844	*
9128	chr14	27282398	27498630	216233	*
9129	chr14	27498630	27712548	213919	*
9130	chr14	27712548	27974176	261629	*
9131	chr14	27974176	28197546	223371	*
9132	chr14	28197546	28419093	221548	*
9133	chr14	28419093	28633003	213911	*
9134	chr14	28633003	28846281	213279	*
9135	chr14	28846281	29071468	225188	*
9136	chr14	29071468	29283032	211565	*
9137	chr14	29283032	29500370	217339	*
9138	chr14	29500370	29712361	211992	*
9139	chr14	29712361	29930348	217988	*
9140	chr14	29930348	30155359	225012	*
9141	chr14	30155359	30370204	214846	*
9142	chr14	30370204	30589410	219207	*
9143	chr14	30589410	30812325	222916	*
9144	chr14	30812325	31034572	222248	*
9145	chr14	31034572	31277712	243141	*
9146	chr14	31277712	31509972	232261	*
9147	chr14	31509972	31746267	236296	*
9148	chr14	31746267	31975013	228747	*
9149	chr14	31975013	32192691	217679	*
9150	chr14	32192691	32421252	228562	*
9151	chr14	32421252	32643096	221845	*
9152	chr14	32643096	32859372	216277	*
9153	chr14	32859372	33070281	210910	*
9154	chr14	33070281	33285303	215023	*
9155	chr14	33285303	33488971	203669	*
9156	chr14	33488971	33695716	206746	*
9157	chr14	33695716	33911223	215508	*
9158	chr14	33911223	34125554	214332	*
9159	chr14	34125554	34358792	233239	*
9160	chr14	34358792	34630255	271464	*
9161	chr14	34630255	34873861	243607	*
9162	chr14	34873861	35124198	250338	*
9163	chr14	35124198	35362617	238420	*
9164	chr14	35362617	35588563	225947	*
9165	chr14	35588563	35815774	227212	*
9166	chr14	35815774	36043423	227650	*
9167	chr14	36043423	36272369	228947	*
9168	chr14	36272369	36489658	217290	*
9169	chr14	36489658	36703079	213422	*
9170	chr14	36703079	36915869	212791	*
9171	chr14	36915869	37126974	211106	*
9172	chr14	37126974	37360463	233490	*
9173	chr14	37360463	37585726	225264	*
9174	chr14	37585726	37811652	225927	*
9175	chr14	37811652	38030222	218571	*
9176	chr14	38030222	38248521	218300	*
9177	chr14	38248521	38465976	217456	*
9178	chr14	38465976	38691121	225146	*
9179	chr14	38691121	38909015	217895	*
9180	chr14	38909015	39154779	245765	*
9181	chr14	39154779	39394386	239608	*
9182	chr14	39394386	39633342	238957	*
9183	chr14	39633342	39859921	226580	*
9184	chr14	39859921	40080186	220266	*
9185	chr14	40080186	40299398	219213	*
9186	chr14	40299398	40523403	224006	*
9187	chr14	40523403	40739950	216548	*
9188	chr14	40739950	40959039	219090	*
9189	chr14	40959039	41169043	210005	*
9190	chr14	41169043	41395712	226670	*
9191	chr14	41395712	41611911	216200	*
9192	chr14	41611911	41827824	215914	*
9193	chr14	41827824	42042652	214829	*
9194	chr14	42042652	42262631	219980	*
9195	chr14	42262631	42483869	221239	*
9196	chr14	42483869	42694920	211052	*
9197	chr14	42694920	42910538	215619	*
9198	chr14	42910538	43136688	226151	*
9199	chr14	43136688	43358349	221662	*
9200	chr14	43358349	43586695	228347	*
9201	chr14	43586695	43808033	221339	*
9202	chr14	43808033	44017415	209383	*
9203	chr14	44017415	44239079	221665	*
9204	chr14	44239079	44459718	220640	*
9205	chr14	44459718	44701083	241366	*
9206	chr14	44701083	44928414	227332	*
9207	chr14	44928414	45152256	223843	*
9208	chr14	45152256	45376586	224331	*
9209	chr14	45376586	45621633	245048	*
9210	chr14	45621633	45840799	219167	*
9211	chr14	45840799	46068138	227340	*
9212	chr14	46068138	46296866	228729	*
9213	chr14	46296866	46518096	221231	*
9214	chr14	46518096	46736563	218468	*
9215	chr14	46736563	46948288	211726	*
9216	chr14	46948288	47161700	213413	*
9217	chr14	47161700	47375932	214233	*
9218	chr14	47375932	47589818	213887	*
9219	chr14	47589818	47804701	214884	*
9220	chr14	47804701	48027372	222672	*
9221	chr14	48027372	48245713	218342	*
9222	chr14	48245713	48486664	240952	*
9223	chr14	48486664	48716084	229421	*
9224	chr14	48716084	48929603	213520	*
9225	chr14	48929603	49157375	227773	*
9226	chr14	49157375	49377341	219967	*
9227	chr14	49377341	49603575	226235	*
9228	chr14	49603575	49842120	238546	*
9229	chr14	49842120	50071404	229285	*
9230	chr14	50071404	50304895	233492	*
9231	chr14	50304895	50526920	222026	*
9232	chr14	50526920	50749988	223069	*
9233	chr14	50749988	50973001	223014	*
9234	chr14	50973001	51187995	214995	*
9235	chr14	51187995	51405856	217862	*
9236	chr14	51405856	51621033	215178	*
9237	chr14	51621033	51852599	231567	*
9238	chr14	51852599	52058863	206265	*
9239	chr14	52058863	52292476	233614	*
9240	chr14	52292476	52519021	226546	*
9241	chr14	52519021	52747314	228294	*
9242	chr14	52747314	52974144	226831	*
9243	chr14	52974144	53203638	229495	*
9244	chr14	53203638	53440262	236625	*
9245	chr14	53440262	53649024	208763	*
9246	chr14	53649024	53862756	213733	*
9247	chr14	53862756	54086683	223928	*
9248	chr14	54086683	54303789	217107	*
9249	chr14	54303789	54525655	221867	*
9250	chr14	54525655	54736264	210610	*
9251	chr14	54736264	54968119	231856	*
9252	chr14	54968119	55195970	227852	*
9253	chr14	55195970	55417673	221704	*
9254	chr14	55417673	55642182	224510	*
9255	chr14	55642182	55856458	214277	*
9256	chr14	55856458	56081877	225420	*
9257	chr14	56081877	56292628	210752	*
9258	chr14	56292628	56519797	227170	*
9259	chr14	56519797	56743267	223471	*
9260	chr14	56743267	56957041	213775	*
9261	chr14	56957041	57182959	225919	*
9262	chr14	57182959	57407366	224408	*
9263	chr14	57407366	57635290	227925	*
9264	chr14	57635290	57867376	232087	*
9265	chr14	57867376	58090245	222870	*
9266	chr14	58090245	58315674	225430	*
9267	chr14	58315674	58542723	227050	*
9268	chr14	58542723	58763207	220485	*
9269	chr14	58763207	58976313	213107	*
9270	chr14	58976313	59191490	215178	*
9271	chr14	59191490	59403079	211590	*
9272	chr14	59403079	59633622	230544	*
9273	chr14	59633622	59852309	218688	*
9274	chr14	59852309	60086671	234363	*
9275	chr14	60086671	60296550	209880	*
9276	chr14	60296550	60532465	235916	*
9277	chr14	60532465	60757291	224827	*
9278	chr14	60757291	60985598	228308	*
9279	chr14	60985598	61220183	234586	*
9280	chr14	61220183	61433440	213258	*
9281	chr14	61433440	61640297	206858	*
9282	chr14	61640297	61862802	222506	*
9283	chr14	61862802	62078952	216151	*
9284	chr14	62078952	62297201	218250	*
9285	chr14	62297201	62513036	215836	*
9286	chr14	62513036	62737259	224224	*
9287	chr14	62737259	62955346	218088	*
9288	chr14	62955346	63179529	224184	*
9289	chr14	63179529	63399340	219812	*
9290	chr14	63399340	63632384	233045	*
9291	chr14	63632384	63876264	243881	*
9292	chr14	63876264	64096430	220167	*
9293	chr14	64096430	64318082	221653	*
9294	chr14	64318082	64550759	232678	*
9295	chr14	64550759	64772894	222136	*
9296	chr14	64772894	64990794	217901	*
9297	chr14	64990794	65216904	226111	*
9298	chr14	65216904	65446878	229975	*
9299	chr14	65446878	65668268	221391	*
9300	chr14	65668268	65887198	218931	*
9301	chr14	65887198	66105543	218346	*
9302	chr14	66105543	66331536	225994	*
9303	chr14	66331536	66550240	218705	*
9304	chr14	66550240	66783078	232839	*
9305	chr14	66783078	67003478	220401	*
9306	chr14	67003478	67233659	230182	*
9307	chr14	67233659	67459815	226157	*
9308	chr14	67459815	67680588	220774	*
9309	chr14	67680588	67905376	224789	*
9310	chr14	67905376	68126859	221484	*
9311	chr14	68126859	68338106	211248	*
9312	chr14	68338106	68552600	214495	*
9313	chr14	68552600	68761044	208445	*
9314	chr14	68761044	68975041	213998	*
9315	chr14	68975041	69194505	219465	*
9316	chr14	69194505	69410830	216326	*
9317	chr14	69410830	69635755	224926	*
9318	chr14	69635755	69857409	221655	*
9319	chr14	69857409	70063036	205628	*
9320	chr14	70063036	70284373	221338	*
9321	chr14	70284373	70532298	247926	*
9322	chr14	70532298	70754997	222700	*
9323	chr14	70754997	70980462	225466	*
9324	chr14	70980462	71207839	227378	*
9325	chr14	71207839	71428594	220756	*
9326	chr14	71428594	71645175	216582	*
9327	chr14	71645175	71879809	234635	*
9328	chr14	71879809	72100073	220265	*
9329	chr14	72100073	72310742	210670	*
9330	chr14	72310742	72531580	220839	*
9331	chr14	72531580	72736563	204984	*
9332	chr14	72736563	72958290	221728	*
9333	chr14	72958290	73204588	246299	*
9334	chr14	73204588	73433903	229316	*
9335	chr14	73433903	73700810	266908	*
9336	chr14	73700810	73935745	234936	*
9337	chr14	73935745	74175074	239330	*
9338	chr14	74175074	74409534	234461	*
9339	chr14	74409534	74622292	212759	*
9340	chr14	74622292	74851034	228743	*
9341	chr14	74851034	75073568	222535	*
9342	chr14	75073568	75307451	233884	*
9343	chr14	75307451	75521538	214088	*
9344	chr14	75521538	75737020	215483	*
9345	chr14	75737020	75955421	218402	*
9346	chr14	75955421	76165549	210129	*
9347	chr14	76165549	76376513	210965	*
9348	chr14	76376513	76595504	218992	*
9349	chr14	76595504	76823459	227956	*
9350	chr14	76823459	77055173	231715	*
9351	chr14	77055173	77269981	214809	*
9352	chr14	77269981	77493120	223140	*
9353	chr14	77493120	77728589	235470	*
9354	chr14	77728589	77956543	227955	*
9355	chr14	77956543	78172853	216311	*
9356	chr14	78172853	78380940	208088	*
9357	chr14	78380940	78591583	210644	*
9358	chr14	78591583	78798196	206614	*
9359	chr14	78798196	79008542	210347	*
9360	chr14	79008542	79222838	214297	*
9361	chr14	79222838	79441182	218345	*
9362	chr14	79441182	79652322	211141	*
9363	chr14	79652322	79866486	214165	*
9364	chr14	79866486	80087518	221033	*
9365	chr14	80087518	80308351	220834	*
9366	chr14	80308351	80526005	217655	*
9367	chr14	80526005	80742543	216539	*
9368	chr14	80742543	80959269	216727	*
9369	chr14	80959269	81180644	221376	*
9370	chr14	81180644	81398582	217939	*
9371	chr14	81398582	81623008	224427	*
9372	chr14	81623008	81838168	215161	*
9373	chr14	81838168	82055223	217056	*
9374	chr14	82055223	82264811	209589	*
9375	chr14	82264811	82481885	217075	*
9376	chr14	82481885	82690023	208139	*
9377	chr14	82690023	82900370	210348	*
9378	chr14	82900370	83109178	208809	*
9379	chr14	83109178	83320220	211043	*
9380	chr14	83320220	83526457	206238	*
9381	chr14	83526457	83742003	215547	*
9382	chr14	83742003	83949829	207827	*
9383	chr14	83949829	84163189	213361	*
9384	chr14	84163189	84370586	207398	*
9385	chr14	84370586	84582414	211829	*
9386	chr14	84582414	84794391	211978	*
9387	chr14	84794391	85000876	206486	*
9388	chr14	85000876	85215664	214789	*
9389	chr14	85215664	85427617	211954	*
9390	chr14	85427617	85637746	210130	*
9391	chr14	85637746	85856210	218465	*
9392	chr14	85856210	86084661	228452	*
9393	chr14	86084661	86312040	227380	*
9394	chr14	86312040	86529302	217263	*
9395	chr14	86529302	86752805	223504	*
9396	chr14	86752805	86966484	213680	*
9397	chr14	86966484	87177295	210812	*
9398	chr14	87177295	87395134	217840	*
9399	chr14	87395134	87612991	217858	*
9400	chr14	87612991	87826471	213481	*
9401	chr14	87826471	88038111	211641	*
9402	chr14	88038111	88253876	215766	*
9403	chr14	88253876	88483692	229817	*
9404	chr14	88483692	88705768	222077	*
9405	chr14	88705768	88924499	218732	*
9406	chr14	88924499	89142182	217684	*
9407	chr14	89142182	89355023	212842	*
9408	chr14	89355023	89583274	228252	*
9409	chr14	89583274	89804684	221411	*
9410	chr14	89804684	90019078	214395	*
9411	chr14	90019078	90252584	233507	*
9412	chr14	90252584	90478171	225588	*
9413	chr14	90478171	90688194	210024	*
9414	chr14	90688194	90911593	223400	*
9415	chr14	90911593	91137001	225409	*
9416	chr14	91137001	91360264	223264	*
9417	chr14	91360264	91598290	238027	*
9418	chr14	91598290	91823557	225268	*
9419	chr14	91823557	92040981	217425	*
9420	chr14	92040981	92279141	238161	*
9421	chr14	92279141	92490236	211096	*
9422	chr14	92490236	92709553	219318	*
9423	chr14	92709553	92943392	233840	*
9424	chr14	92943392	93160333	216942	*
9425	chr14	93160333	93389923	229591	*
9426	chr14	93389923	93612332	222410	*
9427	chr14	93612332	93821005	208674	*
9428	chr14	93821005	94028880	207876	*
9429	chr14	94028880	94246715	217836	*
9430	chr14	94246715	94459483	212769	*
9431	chr14	94459483	94671726	212244	*
9432	chr14	94671726	94891538	219813	*
9433	chr14	94891538	95102054	210517	*
9434	chr14	95102054	95312689	210636	*
9435	chr14	95312689	95524557	211869	*
9436	chr14	95524557	95740647	216091	*
9437	chr14	95740647	95947829	207183	*
9438	chr14	95947829	96163611	215783	*
9439	chr14	96163611	96373850	210240	*
9440	chr14	96373850	96598770	224921	*
9441	chr14	96598770	96811721	212952	*
9442	chr14	96811721	97018942	207222	*
9443	chr14	97018942	97230258	211317	*
9444	chr14	97230258	97439944	209687	*
9445	chr14	97439944	97643773	203830	*
9446	chr14	97643773	97858709	214937	*
9447	chr14	97858709	98067262	208554	*
9448	chr14	98067262	98272365	205104	*
9449	chr14	98272365	98482755	210391	*
9450	chr14	98482755	98687803	205049	*
9451	chr14	98687803	98894184	206382	*
9452	chr14	98894184	99109618	215435	*
9453	chr14	99109618	99318105	208488	*
9454	chr14	99318105	99528433	210329	*
9455	chr14	99528433	99741147	212715	*
9456	chr14	99741147	99954758	213612	*
9457	chr14	99954758	100170784	216027	*
9458	chr14	100170784	100401452	230669	*
9459	chr14	100401452	100609133	207682	*
9460	chr14	100609133	100821687	212555	*
9461	chr14	100821687	101028845	207159	*
9462	chr14	101028845	101237257	208413	*
9463	chr14	101237257	101458847	221591	*
9464	chr14	101458847	101665202	206356	*
9465	chr14	101665202	101892717	227516	*
9466	chr14	101892717	102129525	236809	*
9467	chr14	102129525	102367633	238109	*
9468	chr14	102367633	102610229	242597	*
9469	chr14	102610229	102841525	231297	*
9470	chr14	102841525	103066517	224993	*
9471	chr14	103066517	103292898	226382	*
9472	chr14	103292898	103523657	230760	*
9473	chr14	103523657	103755626	231970	*
9474	chr14	103755626	103995399	239774	*
9475	chr14	103995399	104206035	210637	*
9476	chr14	104206035	104421121	215087	*
9477	chr14	104421121	104634437	213317	*
9478	chr14	104634437	104855295	220859	*
9479	chr14	104855295	105083361	228067	*
9480	chr14	105083361	105317300	233940	*
9481	chr14	105317300	105880425	563126	*
9482	chr14	105880425	106166591	286167	*
9483	chr14	106166591	106434066	267476	*
9484	chr14	106434066	106662550	228485	*
9485	chr15	23050531	23514802	464272	*
9486	chr15	23514802	23741083	226282	*
9487	chr15	23741083	23959364	218282	*
9488	chr15	23959364	24613171	653808	*
9489	chr15	24613171	24840980	227810	*
9490	chr15	24840980	25063421	222442	*
9491	chr15	25063421	25279708	216288	*
9492	chr15	25279708	25495320	215613	*
9493	chr15	25495320	25707242	211923	*
9494	chr15	25707242	25918103	210862	*
9495	chr15	25918103	26136118	218016	*
9496	chr15	26136118	26353104	216987	*
9497	chr15	26353104	26567480	214377	*
9498	chr15	26567480	26779789	212310	*
9499	chr15	26779789	26991282	211494	*
9500	chr15	26991282	27206303	215022	*
9501	chr15	27206303	27415119	208817	*
9502	chr15	27415119	27623856	208738	*
9503	chr15	27623856	27832043	208188	*
9504	chr15	27832043	29009620	1177578	*
9505	chr15	29009620	29231738	222119	*
9506	chr15	29231738	29451602	219865	*
9507	chr15	29451602	29674006	222405	*
9508	chr15	29674006	30959472	1285467	*
9509	chr15	30959472	31175748	216277	*
9510	chr15	31175748	31390796	215049	*
9511	chr15	31390796	31609714	218919	*
9512	chr15	31609714	31895827	286114	*
9513	chr15	31895827	32769714	873888	*
9514	chr15	32769714	32982207	212494	*
9515	chr15	32982207	33195040	212834	*
9516	chr15	33195040	33415569	220530	*
9517	chr15	33415569	33625421	209853	*
9518	chr15	33625421	33844641	219221	*
9519	chr15	33844641	34071713	227073	*
9520	chr15	34071713	34641834	570122	*
9521	chr15	34641834	34851199	209366	*
9522	chr15	34851199	35085774	234576	*
9523	chr15	35085774	35305294	219521	*
9524	chr15	35305294	35527375	222082	*
9525	chr15	35527375	35736498	209124	*
9526	chr15	35736498	35943155	206658	*
9527	chr15	35943155	36153742	210588	*
9528	chr15	36153742	36374342	220601	*
9529	chr15	36374342	36586759	212418	*
9530	chr15	36586759	36799491	212733	*
9531	chr15	36799491	37005108	205618	*
9532	chr15	37005108	37215973	210866	*
9533	chr15	37215973	37460567	244595	*
9534	chr15	37460567	37683748	223182	*
9535	chr15	37683748	37891298	207551	*
9536	chr15	37891298	38111716	220419	*
9537	chr15	38111716	38330910	219195	*
9538	chr15	38330910	38539524	208615	*
9539	chr15	38539524	38758173	218650	*
9540	chr15	38758173	38988754	230582	*
9541	chr15	38988754	39198516	209763	*
9542	chr15	39198516	39415067	216552	*
9543	chr15	39415067	39627619	212553	*
9544	chr15	39627619	39836367	208749	*
9545	chr15	39836367	40054506	218140	*
9546	chr15	40054506	40276039	221534	*
9547	chr15	40276039	40491724	215686	*
9548	chr15	40491724	40737343	245620	*
9549	chr15	40737343	40966365	229023	*
9550	chr15	40966365	41209968	243604	*
9551	chr15	41209968	41471085	261118	*
9552	chr15	41471085	41706268	235184	*
9553	chr15	41706268	41921386	215119	*
9554	chr15	41921386	42133378	211993	*
9555	chr15	42133378	42359496	226119	*
9556	chr15	42359496	42590105	230610	*
9557	chr15	42590105	42820352	230248	*
9558	chr15	42820352	43057953	237602	*
9559	chr15	43057953	43287894	229942	*
9560	chr15	43287894	43888557	600664	*
9561	chr15	43888557	44115135	226579	*
9562	chr15	44115135	44356961	241827	*
9563	chr15	44356961	44603634	246674	*
9564	chr15	44603634	44872326	268693	*
9565	chr15	44872326	45170408	298083	*
9566	chr15	45170408	45398073	227666	*
9567	chr15	45398073	45630826	232754	*
9568	chr15	45630826	45853646	222821	*
9569	chr15	45853646	46068557	214912	*
9570	chr15	46068557	46286014	217458	*
9571	chr15	46286014	46509331	223318	*
9572	chr15	46509331	46723590	214260	*
9573	chr15	46723590	46940028	216439	*
9574	chr15	46940028	47184390	244363	*
9575	chr15	47184390	47395719	211330	*
9576	chr15	47395719	47599638	203920	*
9577	chr15	47599638	47803988	204351	*
9578	chr15	47803988	48012301	208314	*
9579	chr15	48012301	48219494	207194	*
9580	chr15	48219494	48432778	213285	*
9581	chr15	48432778	48637746	204969	*
9582	chr15	48637746	48847511	209766	*
9583	chr15	48847511	49063573	216063	*
9584	chr15	49063573	49289624	226052	*
9585	chr15	49289624	49522862	233239	*
9586	chr15	49522862	49742239	219378	*
9587	chr15	49742239	49965322	223084	*
9588	chr15	49965322	50187233	221912	*
9589	chr15	50187233	50418032	230800	*
9590	chr15	50418032	50649985	231954	*
9591	chr15	50649985	50895348	245364	*
9592	chr15	50895348	51124138	228791	*
9593	chr15	51124138	51338402	214265	*
9594	chr15	51338402	51558645	220244	*
9595	chr15	51558645	51785690	227046	*
9596	chr15	51785690	52018538	232849	*
9597	chr15	52018538	52245832	227295	*
9598	chr15	52245832	52463098	217267	*
9599	chr15	52463098	52684585	221488	*
9600	chr15	52684585	52910038	225454	*
9601	chr15	52910038	53121109	211072	*
9602	chr15	53121109	53341551	220443	*
9603	chr15	53341551	53560844	219294	*
9604	chr15	53560844	53774325	213482	*
9605	chr15	53774325	53990372	216048	*
9606	chr15	53990372	54208269	217898	*
9607	chr15	54208269	54416656	208388	*
9608	chr15	54416656	54637891	221236	*
9609	chr15	54637891	54860191	222301	*
9610	chr15	54860191	55094952	234762	*
9611	chr15	55094952	55330177	235226	*
9612	chr15	55330177	55577474	247298	*
9613	chr15	55577474	55801255	223782	*
9614	chr15	55801255	56036041	234787	*
9615	chr15	56036041	56264909	228869	*
9616	chr15	56264909	56495474	230566	*
9617	chr15	56495474	56721445	225972	*
9618	chr15	56721445	56939290	217846	*
9619	chr15	56939290	57150803	211514	*
9620	chr15	57150803	57366251	215449	*
9621	chr15	57366251	57575856	209606	*
9622	chr15	57575856	57785463	209608	*
9623	chr15	57785463	57997824	212362	*
9624	chr15	57997824	58220695	222872	*
9625	chr15	58220695	58435175	214481	*
9626	chr15	58435175	58645213	210039	*
9627	chr15	58645213	58872378	227166	*
9628	chr15	58872378	59097880	225503	*
9629	chr15	59097880	59318189	220310	*
9630	chr15	59318189	59548809	230621	*
9631	chr15	59548809	59774252	225444	*
9632	chr15	59774252	59996117	221866	*
9633	chr15	59996117	60206591	210475	*
9634	chr15	60206591	60430376	223786	*
9635	chr15	60430376	60640904	210529	*
9636	chr15	60640904	60848046	207143	*
9637	chr15	60848046	61060120	212075	*
9638	chr15	61060120	61269300	209181	*
9639	chr15	61269300	61482239	212940	*
9640	chr15	61482239	61689848	207610	*
9641	chr15	61689848	61897256	207409	*
9642	chr15	61897256	62126859	229604	*
9643	chr15	62126859	62351471	224613	*
9644	chr15	62351471	62568762	217292	*
9645	chr15	62568762	62779295	210534	*
9646	chr15	62779295	62990770	211476	*
9647	chr15	62990770	63210043	219274	*
9648	chr15	63210043	63427165	217123	*
9649	chr15	63427165	63646412	219248	*
9650	chr15	63646412	63868239	221828	*
9651	chr15	63868239	64092676	224438	*
9652	chr15	64092676	64321523	228848	*
9653	chr15	64321523	64567178	245656	*
9654	chr15	64567178	64809945	242768	*
9655	chr15	64809945	65040056	230112	*
9656	chr15	65040056	65272845	232790	*
9657	chr15	65272845	65504951	232107	*
9658	chr15	65504951	65730079	225129	*
9659	chr15	65730079	65956167	226089	*
9660	chr15	65956167	66165307	209141	*
9661	chr15	66165307	66393243	227937	*
9662	chr15	66393243	66624551	231309	*
9663	chr15	66624551	66839725	215175	*
9664	chr15	66839725	67061771	222047	*
9665	chr15	67061771	67273575	211805	*
9666	chr15	67273575	67498140	224566	*
9667	chr15	67498140	67719075	220936	*
9668	chr15	67719075	67931470	212396	*
9669	chr15	67931470	68150885	219416	*
9670	chr15	68150885	68366244	215360	*
9671	chr15	68366244	68574816	208573	*
9672	chr15	68574816	68791781	216966	*
9673	chr15	68791781	69015186	223406	*
9674	chr15	69015186	69224041	208856	*
9675	chr15	69224041	69441932	217892	*
9676	chr15	69441932	69659774	217843	*
9677	chr15	69659774	69870778	211005	*
9678	chr15	69870778	70076416	205639	*
9679	chr15	70076416	70282144	205729	*
9680	chr15	70282144	70492983	210840	*
9681	chr15	70492983	70708910	215928	*
9682	chr15	70708910	70937195	228286	*
9683	chr15	70937195	71165812	228618	*
9684	chr15	71165812	71390641	224830	*
9685	chr15	71390641	71605690	215050	*
9686	chr15	71605690	71828810	223121	*
9687	chr15	71828810	72045871	217062	*
9688	chr15	72045871	72272333	226463	*
9689	chr15	72272333	72505877	233545	*
9690	chr15	72505877	72771309	265433	*
9691	chr15	72771309	72985616	214308	*
9692	chr15	72985616	73196591	210976	*
9693	chr15	73196591	73417302	220712	*
9694	chr15	73417302	73645785	228484	*
9695	chr15	73645785	73857833	212049	*
9696	chr15	73857833	74119006	261174	*
9697	chr15	74119006	74329585	210580	*
9698	chr15	74329585	74560005	230421	*
9699	chr15	74560005	74787980	227976	*
9700	chr15	74787980	75025386	237407	*
9701	chr15	75025386	75309430	284045	*
9702	chr15	75309430	75557129	247700	*
9703	chr15	75557129	75820780	263652	*
9704	chr15	75820780	76047892	227113	*
9705	chr15	76047892	76274067	226176	*
9706	chr15	76274067	76494057	219991	*
9707	chr15	76494057	76731166	237110	*
9708	chr15	76731166	76959193	228028	*
9709	chr15	76959193	77179734	220542	*
9710	chr15	77179734	77409292	229559	*
9711	chr15	77409292	77618414	209123	*
9712	chr15	77618414	77821612	203199	*
9713	chr15	77821612	78087911	266300	*
9714	chr15	78087911	78308311	220401	*
9715	chr15	78308311	78533250	224940	*
9716	chr15	78533250	78793382	260133	*
9717	chr15	78793382	79023646	230265	*
9718	chr15	79023646	79229563	205918	*
9719	chr15	79229563	79443657	214095	*
9720	chr15	79443657	79661623	217967	*
9721	chr15	79661623	79886602	224980	*
9722	chr15	79886602	80120285	233684	*
9723	chr15	80120285	80334713	214429	*
9724	chr15	80334713	80542586	207874	*
9725	chr15	80542586	80754016	211431	*
9726	chr15	80754016	80963349	209334	*
9727	chr15	80963349	81184331	220983	*
9728	chr15	81184331	81396115	211785	*
9729	chr15	81396115	81608817	212703	*
9730	chr15	81608817	81856433	247617	*
9731	chr15	81856433	82569034	712602	*
9732	chr15	82569034	82801716	232683	*
9733	chr15	82801716	83035365	233650	*
9734	chr15	83035365	83259770	224406	*
9735	chr15	83259770	83490574	230805	*
9736	chr15	83490574	83706121	215548	*
9737	chr15	83706121	84509090	802970	*
9738	chr15	84509090	84784785	275696	*
9739	chr15	84784785	85003042	218258	*
9740	chr15	85003042	85310652	307611	*
9741	chr15	85310652	85543684	233033	*
9742	chr15	85543684	85758805	215122	*
9743	chr15	85758805	85982545	223741	*
9744	chr15	85982545	86198314	215770	*
9745	chr15	86198314	86409669	211356	*
9746	chr15	86409669	86636866	227198	*
9747	chr15	86636866	86851975	215110	*
9748	chr15	86851975	87072682	220708	*
9749	chr15	87072682	87295303	222622	*
9750	chr15	87295303	87524421	229119	*
9751	chr15	87524421	87736760	212340	*
9752	chr15	87736760	87952553	215794	*
9753	chr15	87952553	88160311	207759	*
9754	chr15	88160311	88371150	210840	*
9755	chr15	88371150	88598320	227171	*
9756	chr15	88598320	88813273	214954	*
9757	chr15	88813273	89047401	234129	*
9758	chr15	89047401	89271507	224107	*
9759	chr15	89271507	89482234	210728	*
9760	chr15	89482234	89711372	229139	*
9761	chr15	89711372	89943425	232054	*
9762	chr15	89943425	90180349	236925	*
9763	chr15	90180349	90420076	239728	*
9764	chr15	90420076	90646498	226423	*
9765	chr15	90646498	90879587	233090	*
9766	chr15	90879587	91108845	229259	*
9767	chr15	91108845	91325864	217020	*
9768	chr15	91325864	91545259	219396	*
9769	chr15	91545259	91758235	212977	*
9770	chr15	91758235	91968141	209907	*
9771	chr15	91968141	92178741	210601	*
9772	chr15	92178741	92395786	217046	*
9773	chr15	92395786	92609733	213948	*
9774	chr15	92609733	92850582	240850	*
9775	chr15	92850582	93068909	218328	*
9776	chr15	93068909	93290429	221521	*
9777	chr15	93290429	93517540	227112	*
9778	chr15	93517540	93741242	223703	*
9779	chr15	93741242	93959912	218671	*
9780	chr15	93959912	94174516	214605	*
9781	chr15	94174516	94388574	214059	*
9782	chr15	94388574	94594919	206346	*
9783	chr15	94594919	94809363	214445	*
9784	chr15	94809363	95019481	210119	*
9785	chr15	95019481	95232323	212843	*
9786	chr15	95232323	95441489	209167	*
9787	chr15	95441489	95647649	206161	*
9788	chr15	95647649	95857033	209385	*
9789	chr15	95857033	96063429	206397	*
9790	chr15	96063429	96275179	211751	*
9791	chr15	96275179	96483904	208726	*
9792	chr15	96483904	96695393	211490	*
9793	chr15	96695393	96909352	213960	*
9794	chr15	96909352	97120723	211372	*
9795	chr15	97120723	97340430	219708	*
9796	chr15	97340430	97565649	225220	*
9797	chr15	97565649	97777047	211399	*
9798	chr15	97777047	97984667	207621	*
9799	chr15	97984667	98205816	221150	*
9800	chr15	98205816	98419007	213192	*
9801	chr15	98419007	98644127	225121	*
9802	chr15	98644127	98853266	209140	*
9803	chr15	98853266	99076193	222928	*
9804	chr15	99076193	99296581	220389	*
9805	chr15	99296581	99516155	219575	*
9806	chr15	99516155	99729013	212859	*
9807	chr15	99729013	99981207	252195	*
9808	chr15	99981207	100204782	223576	*
9809	chr15	100204782	100431132	226351	*
9810	chr15	100431132	100658526	227395	*
9811	chr15	100658526	100876836	218311	*
9812	chr15	100876836	101089936	213101	*
9813	chr15	101089936	101306258	216323	*
9814	chr15	101306258	101518138	211881	*
9815	chr15	101518138	101739055	220918	*
9816	chr16	274166	513748	239583	*
9817	chr16	513748	730202	216455	*
9818	chr16	730202	955325	225124	*
9819	chr16	955325	1166401	211077	*
9820	chr16	1166401	1407904	241504	*
9821	chr16	1407904	1631337	223434	*
9822	chr16	1631337	1857983	226647	*
9823	chr16	1857983	2089018	231036	*
9824	chr16	2089018	2343203	254186	*
9825	chr16	2343203	2657544	314342	*
9826	chr16	2657544	2899867	242324	*
9827	chr16	2899867	3135677	235811	*
9828	chr16	3135677	3367693	232017	*
9829	chr16	3367693	3597222	229530	*
9830	chr16	3597222	3822544	225323	*
9831	chr16	3822544	4055244	232701	*
9832	chr16	4055244	4288256	233013	*
9833	chr16	4288256	4519942	231687	*
9834	chr16	4519942	4752109	232168	*
9835	chr16	4752109	4982985	230877	*
9836	chr16	4982985	5262195	279211	*
9837	chr16	5262195	5489069	226875	*
9838	chr16	5489069	5701328	212260	*
9839	chr16	5701328	5919165	217838	*
9840	chr16	5919165	6130092	210928	*
9841	chr16	6130092	6343957	213866	*
9842	chr16	6343957	6556572	212616	*
9843	chr16	6556572	6769371	212800	*
9844	chr16	6769371	6983425	214055	*
9845	chr16	6983425	7194520	211096	*
9846	chr16	7194520	7403458	208939	*
9847	chr16	7403458	7614951	211494	*
9848	chr16	7614951	7828698	213748	*
9849	chr16	7828698	8042899	214202	*
9850	chr16	8042899	8263701	220803	*
9851	chr16	8263701	8476639	212939	*
9852	chr16	8476639	8701851	225213	*
9853	chr16	8701851	8935295	233445	*
9854	chr16	8935295	9179455	244161	*
9855	chr16	9179455	9400538	221084	*
9856	chr16	9400538	9616414	215877	*
9857	chr16	9616414	9837004	220591	*
9858	chr16	9837004	10049295	212292	*
9859	chr16	10049295	10263540	214246	*
9860	chr16	10263540	10516241	252702	*
9861	chr16	10516241	10739394	223154	*
9862	chr16	10739394	10963926	224533	*
9863	chr16	10963926	11175050	211125	*
9864	chr16	11175050	11399834	224785	*
9865	chr16	11399834	11627142	227309	*
9866	chr16	11627142	11861638	234497	*
9867	chr16	11861638	12130693	269056	*
9868	chr16	12130693	12344587	213895	*
9869	chr16	12344587	12558752	214166	*
9870	chr16	12558752	12781886	223135	*
9871	chr16	12781886	13006280	224395	*
9872	chr16	13006280	13226690	220411	*
9873	chr16	13226690	13447789	221100	*
9874	chr16	13447789	13665823	218035	*
9875	chr16	13665823	13881500	215678	*
9876	chr16	13881500	14103212	221713	*
9877	chr16	14103212	14318832	215621	*
9878	chr16	14318832	15581790	1262959	*
9879	chr16	15581790	15810567	228778	*
9880	chr16	15810567	16764362	953796	*
9881	chr16	16764362	16993714	229353	*
9882	chr16	16993714	17214553	220840	*
9883	chr16	17214553	17429605	215053	*
9884	chr16	17429605	17646341	216737	*
9885	chr16	17646341	17868253	221913	*
9886	chr16	17868253	18998385	1130133	*
9887	chr16	18998385	19228961	230577	*
9888	chr16	19228961	19450959	221999	*
9889	chr16	19450959	19679835	228877	*
9890	chr16	19679835	19905180	225346	*
9891	chr16	19905180	20122495	217316	*
9892	chr16	20122495	20657322	534828	*
9893	chr16	20657322	20881112	223791	*
9894	chr16	20881112	21114240	233129	*
9895	chr16	21114240	21948584	834345	*
9896	chr16	21948584	22167050	218467	*
9897	chr16	22167050	22793044	625995	*
9898	chr16	22793044	23006411	213368	*
9899	chr16	23006411	23224075	217665	*
9900	chr16	23224075	23454339	230265	*
9901	chr16	23454339	23689637	235299	*
9902	chr16	23689637	23915340	225704	*
9903	chr16	23915340	24131989	216650	*
9904	chr16	24131989	24346332	214344	*
9905	chr16	24346332	24572026	225695	*
9906	chr16	24572026	24802826	230801	*
9907	chr16	24802826	25028255	225430	*
9908	chr16	25028255	25262962	234708	*
9909	chr16	25262962	25487598	224637	*
9910	chr16	25487598	25711717	224120	*
9911	chr16	25711717	25923560	211844	*
9912	chr16	25923560	26140153	216594	*
9913	chr16	26140153	26350521	210369	*
9914	chr16	26350521	26570338	219818	*
9915	chr16	26570338	26790052	219715	*
9916	chr16	26790052	27006712	216661	*
9917	chr16	27006712	27226894	220183	*
9918	chr16	27226894	27450059	223166	*
9919	chr16	27450059	27670945	220887	*
9920	chr16	27670945	27883484	212540	*
9921	chr16	27883484	28105156	221673	*
9922	chr16	28105156	29796796	1691641	*
9923	chr16	29796796	30410998	614203	*
9924	chr16	30410998	30661918	250921	*
9925	chr16	30661918	30903678	241761	*
9926	chr16	30903678	31140425	236748	*
9927	chr16	31140425	31395474	255050	*
9928	chr16	31395474	31640121	244648	*
9929	chr16	31640121	35176129	3536009	*
9930	chr16	35176129	35402448	226320	*
9931	chr16	35402448	35631857	229410	*
9932	chr16	35631857	46469900	10838044	*
9933	chr16	46469900	46714035	244136	*
9934	chr16	46714035	46941804	227770	*
9935	chr16	46941804	47171393	229590	*
9936	chr16	47171393	47402172	230780	*
9937	chr16	47402172	47627894	225723	*
9938	chr16	47627894	47863019	235126	*
9939	chr16	47863019	48086119	223101	*
9940	chr16	48086119	48302745	216627	*
9941	chr16	48302745	48535157	232413	*
9942	chr16	48535157	48757069	221913	*
9943	chr16	48757069	48977527	220459	*
9944	chr16	48977527	49191403	213877	*
9945	chr16	49191403	49406127	214725	*
9946	chr16	49406127	49609775	203649	*
9947	chr16	49609775	49821275	211501	*
9948	chr16	49821275	50040620	219346	*
9949	chr16	50040620	50268524	227905	*
9950	chr16	50268524	50484412	215889	*
9951	chr16	50484412	50692454	208043	*
9952	chr16	50692454	50899853	207400	*
9953	chr16	50899853	51111420	211568	*
9954	chr16	51111420	51323384	211965	*
9955	chr16	51323384	51547290	223907	*
9956	chr16	51547290	51754924	207635	*
9957	chr16	51754924	51960029	205106	*
9958	chr16	51960029	52178235	218207	*
9959	chr16	52178235	52392881	214647	*
9960	chr16	52392881	52598235	205355	*
9961	chr16	52598235	52807450	209216	*
9962	chr16	52807450	53030302	222853	*
9963	chr16	53030302	53253629	223328	*
9964	chr16	53253629	53492807	239179	*
9965	chr16	53492807	53713780	220974	*
9966	chr16	53713780	53926657	212878	*
9967	chr16	53926657	54139749	213093	*
9968	chr16	54139749	54354645	214897	*
9969	chr16	54354645	54563263	208619	*
9970	chr16	54563263	54776688	213426	*
9971	chr16	54776688	54991756	215069	*
9972	chr16	54991756	55199684	207929	*
9973	chr16	55199684	55405077	205394	*
9974	chr16	55405077	55622723	217647	*
9975	chr16	55622723	55872509	249787	*
9976	chr16	55872509	56080979	208471	*
9977	chr16	56080979	56293021	212043	*
9978	chr16	56293021	56512518	219498	*
9979	chr16	56512518	56734406	221889	*
9980	chr16	56734406	56956158	221753	*
9981	chr16	56956158	57174264	218107	*
9982	chr16	57174264	57404971	230708	*
9983	chr16	57404971	57623787	218817	*
9984	chr16	57623787	57838522	214736	*
9985	chr16	57838522	58060684	222163	*
9986	chr16	58060684	58288320	227637	*
9987	chr16	58288320	58514317	225998	*
9988	chr16	58514317	58751313	236997	*
9989	chr16	58751313	58991113	239801	*
9990	chr16	58991113	59215281	224169	*
9991	chr16	59215281	59434579	219299	*
9992	chr16	59434579	59660769	226191	*
9993	chr16	59660769	59885849	225081	*
9994	chr16	59885849	60107931	222083	*
9995	chr16	60107931	60328810	220880	*
9996	chr16	60328810	60549200	220391	*
9997	chr16	60549200	60763017	213818	*
9998	chr16	60763017	60984868	221852	*
9999	chr16	60984868	61197299	212432	*
10000	chr16	61197299	61405773	208475	*
10001	chr16	61405773	61616203	210431	*
10002	chr16	61616203	61832915	216713	*
10003	chr16	61832915	62045737	212823	*
10004	chr16	62045737	62256362	210626	*
10005	chr16	62256362	62468959	212598	*
10006	chr16	62468959	62683212	214254	*
10007	chr16	62683212	62890754	207543	*
10008	chr16	62890754	63108825	218072	*
10009	chr16	63108825	63329847	221023	*
10010	chr16	63329847	63545213	215367	*
10011	chr16	63545213	63757619	212407	*
10012	chr16	63757619	63969005	211387	*
10013	chr16	63969005	64182278	213274	*
10014	chr16	64182278	64390536	208259	*
10015	chr16	64390536	64600513	209978	*
10016	chr16	64600513	64810736	210224	*
10017	chr16	64810736	65018019	207284	*
10018	chr16	65018019	65225704	207686	*
10019	chr16	65225704	65447659	221956	*
10020	chr16	65447659	65662236	214578	*
10021	chr16	65662236	65876731	214496	*
10022	chr16	65876731	66087892	211162	*
10023	chr16	66087892	66296175	208284	*
10024	chr16	66296175	66515957	219783	*
10025	chr16	66515957	66745474	229518	*
10026	chr16	66745474	66973410	227937	*
10027	chr16	66973410	67202069	228660	*
10028	chr16	67202069	67427410	225342	*
10029	chr16	67427410	67662056	234647	*
10030	chr16	67662056	67902313	240258	*
10031	chr16	67902313	68137189	234877	*
10032	chr16	68137189	68367384	230196	*
10033	chr16	68367384	68590097	222714	*
10034	chr16	68590097	68833121	243025	*
10035	chr16	68833121	69074335	241215	*
10036	chr16	69074335	69316729	242395	*
10037	chr16	69316729	69552203	235475	*
10038	chr16	69552203	70151777	599575	*
10039	chr16	70151777	70470503	318727	*
10040	chr16	70470503	71212490	741988	*
10041	chr16	71212490	71431366	218877	*
10042	chr16	71431366	71662490	231125	*
10043	chr16	71662490	71897920	235431	*
10044	chr16	71897920	72129965	232046	*
10045	chr16	72129965	72353881	223917	*
10046	chr16	72353881	72573932	220052	*
10047	chr16	72573932	72802252	228321	*
10048	chr16	72802252	73012786	210535	*
10049	chr16	73012786	73228798	216013	*
10050	chr16	73228798	73439427	210630	*
10051	chr16	73439427	73653220	213794	*
10052	chr16	73653220	73872734	219515	*
10053	chr16	73872734	74084779	212046	*
10054	chr16	74084779	74638660	553882	*
10055	chr16	74638660	74870868	232209	*
10056	chr16	74870868	75103351	232484	*
10057	chr16	75103351	75335025	231675	*
10058	chr16	75335025	75575383	240359	*
10059	chr16	75575383	75810714	235332	*
10060	chr16	75810714	76034582	223869	*
10061	chr16	76034582	76256418	221837	*
10062	chr16	76256418	76467490	211073	*
10063	chr16	76467490	76680043	212554	*
10064	chr16	76680043	76890777	210735	*
10065	chr16	76890777	77100633	209857	*
10066	chr16	77100633	77319947	219315	*
10067	chr16	77319947	77537235	217289	*
10068	chr16	77537235	77748484	211250	*
10069	chr16	77748484	77965802	217319	*
10070	chr16	77965802	78182034	216233	*
10071	chr16	78182034	78393596	211563	*
10072	chr16	78393596	78603814	210219	*
10073	chr16	78603814	78814205	210392	*
10074	chr16	78814205	79024881	210677	*
10075	chr16	79024881	79234920	210040	*
10076	chr16	79234920	79446463	211544	*
10077	chr16	79446463	79651491	205029	*
10078	chr16	79651491	79859699	208209	*
10079	chr16	79859699	80065675	205977	*
10080	chr16	80065675	80288226	222552	*
10081	chr16	80288226	80494700	206475	*
10082	chr16	80494700	80707433	212734	*
10083	chr16	80707433	80923769	216337	*
10084	chr16	80923769	81155164	231396	*
10085	chr16	81155164	81383464	228301	*
10086	chr16	81383464	81598449	214986	*
10087	chr16	81598449	81818035	219587	*
10088	chr16	81818035	82037473	219439	*
10089	chr16	82037473	82256544	219072	*
10090	chr16	82256544	82469143	212600	*
10091	chr16	82469143	82675941	206799	*
10092	chr16	82675941	82882060	206120	*
10093	chr16	82882060	83090845	208786	*
10094	chr16	83090845	83300931	210087	*
10095	chr16	83300931	83511553	210623	*
10096	chr16	83511553	83728671	217119	*
10097	chr16	83728671	83945744	217074	*
10098	chr16	83945744	84164284	218541	*
10099	chr16	84164284	84384284	220001	*
10100	chr16	84384284	84606362	222079	*
10101	chr16	84606362	84828274	221913	*
10102	chr16	84828274	85055183	226910	*
10103	chr16	85055183	85270620	215438	*
10104	chr16	85270620	85488338	217719	*
10105	chr16	85488338	85697514	209177	*
10106	chr16	85697514	85920163	222650	*
10107	chr16	85920163	86130687	210525	*
10108	chr16	86130687	86352234	221548	*
10109	chr16	86352234	86558647	206414	*
10110	chr16	86558647	86773972	215326	*
10111	chr16	86773972	86980735	206764	*
10112	chr16	86980735	87193898	213164	*
10113	chr16	87193898	87411267	217370	*
10114	chr16	87411267	87642531	231265	*
10115	chr16	87642531	87874689	232159	*
10116	chr16	87874689	88163509	288821	*
10117	chr16	88163509	88448534	285026	*
10118	chr16	88448534	88663494	214961	*
10119	chr16	88663494	88881642	218149	*
10120	chr16	88881642	89101067	219426	*
10121	chr16	89101067	89326730	225664	*
10122	chr16	89326730	89559773	233044	*
10123	chr16	89559773	89798655	238883	*
10124	chr16	89798655	90037679	239025	*
10125	chr17	150208	687993	537786	*
10126	chr17	687993	931038	243046	*
10127	chr17	931038	1178589	247552	*
10128	chr17	1178589	1439109	260521	*
10129	chr17	1439109	1676963	237855	*
10130	chr17	1676963	1926740	249778	*
10131	chr17	1926740	2153400	226661	*
10132	chr17	2153400	2384310	230911	*
10133	chr17	2384310	2632343	248034	*
10134	chr17	2632343	2875802	243460	*
10135	chr17	2875802	3131758	255957	*
10136	chr17	3131758	3424633	292876	*
10137	chr17	3424633	3663815	239183	*
10138	chr17	3663815	3906615	242801	*
10139	chr17	3906615	4131408	224794	*
10140	chr17	4131408	4359179	227772	*
10141	chr17	4359179	4596340	237162	*
10142	chr17	4596340	4843114	246775	*
10143	chr17	4843114	5083637	240524	*
10144	chr17	5083637	5348167	264531	*
10145	chr17	5348167	5572092	223926	*
10146	chr17	5572092	5797369	225278	*
10147	chr17	5797369	6021274	223906	*
10148	chr17	6021274	6238975	217702	*
10149	chr17	6238975	6459437	220463	*
10150	chr17	6459437	6676736	217300	*
10151	chr17	6676736	6916526	239791	*
10152	chr17	6916526	7156845	240320	*
10153	chr17	7156845	7390613	233769	*
10154	chr17	7390613	7627006	236394	*
10155	chr17	7627006	7860458	233453	*
10156	chr17	7860458	8084685	224228	*
10157	chr17	8084685	8318737	234053	*
10158	chr17	8318737	8545077	226341	*
10159	chr17	8545077	8766350	221274	*
10160	chr17	8766350	8987116	220767	*
10161	chr17	8987116	9213273	226158	*
10162	chr17	9213273	9444552	231280	*
10163	chr17	9444552	9685930	241379	*
10164	chr17	9685930	9909504	223575	*
10165	chr17	9909504	10133609	224106	*
10166	chr17	10133609	10364384	230776	*
10167	chr17	10364384	10583232	218849	*
10168	chr17	10583232	10805607	222376	*
10169	chr17	10805607	11023831	218225	*
10170	chr17	11023831	11244359	220529	*
10171	chr17	11244359	11458573	214215	*
10172	chr17	11458573	11675018	216446	*
10173	chr17	11675018	11901542	226525	*
10174	chr17	11901542	12124220	222679	*
10175	chr17	12124220	12347451	223232	*
10176	chr17	12347451	12569154	221704	*
10177	chr17	12569154	12791119	221966	*
10178	chr17	12791119	13009356	218238	*
10179	chr17	13009356	13226316	216961	*
10180	chr17	13226316	13441028	214713	*
10181	chr17	13441028	13656021	214994	*
10182	chr17	13656021	13878673	222653	*
10183	chr17	13878673	14100595	221923	*
10184	chr17	14100595	14334445	233851	*
10185	chr17	14334445	14557230	222786	*
10186	chr17	14557230	14774549	217320	*
10187	chr17	14774549	14987350	212802	*
10188	chr17	14987350	15201956	214607	*
10189	chr17	15201956	15808428	606473	*
10190	chr17	15808428	16081649	273222	*
10191	chr17	16081649	16329502	247854	*
10192	chr17	16329502	16943054	613553	*
10193	chr17	16943054	17164111	221058	*
10194	chr17	17164111	17398240	234130	*
10195	chr17	17398240	17622172	223933	*
10196	chr17	17622172	17836921	214750	*
10197	chr17	17836921	18059122	222202	*
10198	chr17	18059122	19299942	1240821	*
10199	chr17	19299942	19530268	230327	*
10200	chr17	19530268	19761845	231578	*
10201	chr17	19761845	20005790	243946	*
10202	chr17	20005790	20738430	732641	*
10203	chr17	20738430	21014676	276247	*
10204	chr17	21014676	21244886	230211	*
10205	chr17	21244886	22261112	1016227	*
10206	chr17	22261112	27070037	4808926	*
10207	chr17	27070037	27322192	252156	*
10208	chr17	27322192	27543120	220929	*
10209	chr17	27543120	27780356	237237	*
10210	chr17	27780356	28000773	220418	*
10211	chr17	28000773	28221673	220901	*
10212	chr17	28221673	28453982	232310	*
10213	chr17	28453982	28681683	227702	*
10214	chr17	28681683	28920427	238745	*
10215	chr17	28920427	29134096	213670	*
10216	chr17	29134096	29374992	240897	*
10217	chr17	29374992	29612165	237174	*
10218	chr17	29612165	29842509	230345	*
10219	chr17	29842509	30080198	237690	*
10220	chr17	30080198	30302675	222478	*
10221	chr17	30302675	30880956	578282	*
10222	chr17	30880956	31140636	259681	*
10223	chr17	31140636	31368763	228128	*
10224	chr17	31368763	31590149	221387	*
10225	chr17	31590149	32158220	568072	*
10226	chr17	32158220	32389452	231233	*
10227	chr17	32389452	32617423	227972	*
10228	chr17	32617423	32844785	227363	*
10229	chr17	32844785	33077706	232922	*
10230	chr17	33077706	33283393	205688	*
10231	chr17	33283393	33492232	208840	*
10232	chr17	33492232	33699890	207659	*
10233	chr17	33699890	33910710	210821	*
10234	chr17	33910710	34131574	220865	*
10235	chr17	34131574	34360118	228545	*
10236	chr17	34360118	34563769	203652	*
10237	chr17	34563769	34768773	205005	*
10238	chr17	34768773	34980337	211565	*
10239	chr17	34980337	35213100	232764	*
10240	chr17	35213100	35453892	240793	*
10241	chr17	35453892	35688978	235087	*
10242	chr17	35688978	35914021	225044	*
10243	chr17	35914021	36663545	749525	*
10244	chr17	36663545	36877331	213787	*
10245	chr17	36877331	37093679	216349	*
10246	chr17	37093679	37309531	215853	*
10247	chr17	37309531	37549211	239681	*
10248	chr17	37549211	38379588	830378	*
10249	chr17	38379588	38622030	242443	*
10250	chr17	38622030	38866636	244607	*
10251	chr17	38866636	39101794	235159	*
10252	chr17	39101794	39338515	236722	*
10253	chr17	39338515	39588453	249939	*
10254	chr17	39588453	39806581	218129	*
10255	chr17	39806581	40034135	227555	*
10256	chr17	40034135	40276868	242734	*
10257	chr17	40276868	40501772	224905	*
10258	chr17	40501772	40720878	219107	*
10259	chr17	40720878	40934504	213627	*
10260	chr17	40934504	41165544	231041	*
10261	chr17	41165544	41404897	239354	*
10262	chr17	41404897	41624592	219696	*
10263	chr17	41624592	41864157	239566	*
10264	chr17	41864157	42102135	237979	*
10265	chr17	42102135	42339332	237198	*
10266	chr17	42339332	42585104	245773	*
10267	chr17	42585104	42823882	238779	*
10268	chr17	42823882	43068396	244515	*
10269	chr17	43068396	43395373	326978	*
10270	chr17	43395373	43633410	238038	*
10271	chr17	43633410	43860057	226648	*
10272	chr17	43860057	44097262	237206	*
10273	chr17	44097262	44334210	236949	*
10274	chr17	44334210	44573706	239497	*
10275	chr17	44573706	44807062	233357	*
10276	chr17	44807062	45038626	231565	*
10277	chr17	45038626	45639187	600562	*
10278	chr17	45639187	45850571	211385	*
10279	chr17	45850571	46730729	880159	*
10280	chr17	46730729	46950053	219325	*
10281	chr17	46950053	47222308	272256	*
10282	chr17	47222308	47458521	236214	*
10283	chr17	47458521	47766578	308058	*
10284	chr17	47766578	47989003	222426	*
10285	chr17	47989003	48220106	231104	*
10286	chr17	48220106	48435173	215068	*
10287	chr17	48435173	48647362	212190	*
10288	chr17	48647362	48879491	232130	*
10289	chr17	48879491	49118495	239005	*
10290	chr17	49118495	49363020	244526	*
10291	chr17	49363020	49585346	222327	*
10292	chr17	49585346	49813548	228203	*
10293	chr17	49813548	50031841	218294	*
10294	chr17	50031841	50245584	213744	*
10295	chr17	50245584	50470961	225378	*
10296	chr17	50470961	50683543	212583	*
10297	chr17	50683543	50908562	225020	*
10298	chr17	50908562	51138671	230110	*
10299	chr17	51138671	51376601	237931	*
10300	chr17	51376601	51600073	223473	*
10301	chr17	51600073	51810701	210629	*
10302	chr17	51810701	52017038	206338	*
10303	chr17	52017038	52225271	208234	*
10304	chr17	52225271	52449616	224346	*
10305	chr17	52449616	52668130	218515	*
10306	chr17	52668130	52877922	209793	*
10307	chr17	52877922	53089026	211105	*
10308	chr17	53089026	53300678	211653	*
10309	chr17	53300678	53516260	215583	*
10310	chr17	53516260	53729109	212850	*
10311	chr17	53729109	53956518	227410	*
10312	chr17	53956518	54179957	223440	*
10313	chr17	54179957	54397432	217476	*
10314	chr17	54397432	54619854	222423	*
10315	chr17	54619854	54846205	226352	*
10316	chr17	54846205	55062423	216219	*
10317	chr17	55062423	55275438	213016	*
10318	chr17	55275438	55494078	218641	*
10319	chr17	55494078	55714354	220277	*
10320	chr17	55714354	55929078	214725	*
10321	chr17	55929078	56153345	224268	*
10322	chr17	56153345	56372938	219594	*
10323	chr17	56372938	56589689	216752	*
10324	chr17	56589689	56801858	212170	*
10325	chr17	56801858	57025895	224038	*
10326	chr17	57025895	57248908	223014	*
10327	chr17	57248908	57460800	211893	*
10328	chr17	57460800	57669446	208647	*
10329	chr17	57669446	57885317	215872	*
10330	chr17	57885317	58108523	223207	*
10331	chr17	58108523	58326111	217589	*
10332	chr17	58326111	58543966	217856	*
10333	chr17	58543966	58790643	246678	*
10334	chr17	58790643	59030925	240283	*
10335	chr17	59030925	59276506	245582	*
10336	chr17	59276506	59513239	236734	*
10337	chr17	59513239	59761711	248473	*
10338	chr17	59761711	60064934	303224	*
10339	chr17	60064934	60328958	264025	*
10340	chr17	60328958	60575522	246565	*
10341	chr17	60575522	60819248	243727	*
10342	chr17	60819248	61047442	228195	*
10343	chr17	61047442	61273455	226014	*
10344	chr17	61273455	61486947	213493	*
10345	chr17	61486947	61712204	225258	*
10346	chr17	61712204	61937574	225371	*
10347	chr17	61937574	62530868	593295	*
10348	chr17	62530868	62772981	242114	*
10349	chr17	62772981	62997765	224785	*
10350	chr17	62997765	63209562	211798	*
10351	chr17	63209562	63425277	215716	*
10352	chr17	63425277	63649772	224496	*
10353	chr17	63649772	63888214	238443	*
10354	chr17	63888214	64121088	232875	*
10355	chr17	64121088	64477797	356710	*
10356	chr17	64477797	65073111	595315	*
10357	chr17	65073111	65294340	221230	*
10358	chr17	65294340	65511646	217307	*
10359	chr17	65511646	65732437	220792	*
10360	chr17	65732437	65949143	216707	*
10361	chr17	65949143	66170786	221644	*
10362	chr17	66170786	66400645	229860	*
10363	chr17	66400645	66621481	220837	*
10364	chr17	66621481	66838125	216645	*
10365	chr17	66838125	67054360	216236	*
10366	chr17	67054360	67279228	224869	*
10367	chr17	67279228	67521205	241978	*
10368	chr17	67521205	67753262	232058	*
10369	chr17	67753262	68009378	256117	*
10370	chr17	68009378	68280200	270823	*
10371	chr17	68280200	68517590	237391	*
10372	chr17	68517590	68734905	217316	*
10373	chr17	68734905	68954266	219362	*
10374	chr17	68954266	69178783	224518	*
10375	chr17	69178783	69399694	220912	*
10376	chr17	69399694	69623201	223508	*
10377	chr17	69623201	69841926	218726	*
10378	chr17	69841926	70055097	213172	*
10379	chr17	70055097	70264764	209668	*
10380	chr17	70264764	70482129	217366	*
10381	chr17	70482129	70696776	214648	*
10382	chr17	70696776	70911886	215111	*
10383	chr17	70911886	71124069	212184	*
10384	chr17	71124069	71337454	213386	*
10385	chr17	71337454	71553531	216078	*
10386	chr17	71553531	71766408	212878	*
10387	chr17	71766408	71982320	215913	*
10388	chr17	71982320	72193598	211279	*
10389	chr17	72193598	72408055	214458	*
10390	chr17	72408055	72627192	219138	*
10391	chr17	72627192	72847454	220263	*
10392	chr17	72847454	73071844	224391	*
10393	chr17	73071844	73304843	233000	*
10394	chr17	73304843	73524990	220148	*
10395	chr17	73524990	73735515	210526	*
10396	chr17	73735515	73948384	212870	*
10397	chr17	73948384	74161036	212653	*
10398	chr17	74161036	74383176	222141	*
10399	chr17	74383176	74608412	225237	*
10400	chr17	74608412	74828473	220062	*
10401	chr17	74828473	75059728	231256	*
10402	chr17	75059728	75313125	253398	*
10403	chr17	75313125	75549737	236613	*
10404	chr17	75549737	75776752	227016	*
10405	chr17	75776752	76015152	238401	*
10406	chr17	76015152	76246713	231562	*
10407	chr17	76246713	76481027	234315	*
10408	chr17	76481027	76720384	239358	*
10409	chr17	76720384	76953500	233117	*
10410	chr17	76953500	77187360	233861	*
10411	chr17	77187360	77413896	226537	*
10412	chr17	77413896	77635207	221312	*
10413	chr17	77635207	77851925	216719	*
10414	chr17	77851925	78070822	218898	*
10415	chr17	78070822	78304302	233481	*
10416	chr17	78304302	78530877	226576	*
10417	chr17	78530877	78753393	222517	*
10418	chr17	78753393	78981554	228162	*
10419	chr17	78981554	79194036	212483	*
10420	chr17	79194036	79792047	598012	*
10421	chr17	79792047	80007197	215151	*
10422	chr17	80007197	80231040	223844	*
10423	chr17	80231040	80460883	229844	*
10424	chr17	80460883	80686605	225723	*
10425	chr17	80686605	80900122	213518	*
10426	chr17	80900122	81115059	214938	*
10427	chr17	81115059	81330903	215845	*
10428	chr17	81330903	81554467	223565	*
10429	chr17	81554467	81848407	293941	*
10430	chr17	81848407	82071271	222865	*
10431	chr17	82071271	82296971	225701	*
10432	chr17	82296971	82533164	236194	*
10433	chr17	82533164	82771978	238815	*
10434	chr17	82771978	82992614	220637	*
10435	chr18	0	315990	315991	*
10436	chr18	315990	533105	217116	*
10437	chr18	533105	770413	237309	*
10438	chr18	770413	1000658	230246	*
10439	chr18	1000658	1222864	222207	*
10440	chr18	1222864	1440573	217710	*
10441	chr18	1440573	1662497	221925	*
10442	chr18	1662497	1881810	219314	*
10443	chr18	1881810	2092645	210836	*
10444	chr18	2092645	2310560	217916	*
10445	chr18	2310560	2527073	216514	*
10446	chr18	2527073	2747716	220644	*
10447	chr18	2747716	2975996	228281	*
10448	chr18	2975996	3201460	225465	*
10449	chr18	3201460	3420399	218940	*
10450	chr18	3420399	3652570	232172	*
10451	chr18	3652570	3874727	222158	*
10452	chr18	3874727	4086452	211726	*
10453	chr18	4086452	4296163	209712	*
10454	chr18	4296163	4510612	214450	*
10455	chr18	4510612	4735010	224399	*
10456	chr18	4735010	4955308	220299	*
10457	chr18	4955308	5177695	222388	*
10458	chr18	5177695	5393937	216243	*
10459	chr18	5393937	5602663	208727	*
10460	chr18	5602663	5816595	213933	*
10461	chr18	5816595	6022832	206238	*
10462	chr18	6022832	6242033	219202	*
10463	chr18	6242033	6458009	215977	*
10464	chr18	6458009	6670030	212022	*
10465	chr18	6670030	6887213	217184	*
10466	chr18	6887213	7105573	218361	*
10467	chr18	7105573	7339856	234284	*
10468	chr18	7339856	7566650	226795	*
10469	chr18	7566650	7781413	214764	*
10470	chr18	7781413	7999017	217605	*
10471	chr18	7999017	8213205	214189	*
10472	chr18	8213205	8421243	208039	*
10473	chr18	8421243	8642466	221224	*
10474	chr18	8642466	8859387	216922	*
10475	chr18	8859387	9092839	233453	*
10476	chr18	9092839	9320542	227704	*
10477	chr18	9320542	9544033	223492	*
10478	chr18	9544033	9764078	220046	*
10479	chr18	9764078	9984342	220265	*
10480	chr18	9984342	10196857	212516	*
10481	chr18	10196857	10407462	210606	*
10482	chr18	10407462	10661454	253993	*
10483	chr18	10661454	10872003	210550	*
10484	chr18	10872003	11095800	223798	*
10485	chr18	11095800	11310910	215111	*
10486	chr18	11310910	11525596	214687	*
10487	chr18	11525596	11769866	244271	*
10488	chr18	11769866	12009174	239309	*
10489	chr18	12009174	12293362	284189	*
10490	chr18	12293362	12523915	230554	*
10491	chr18	12523915	12760243	236329	*
10492	chr18	12760243	12990251	230009	*
10493	chr18	12990251	13214124	223874	*
10494	chr18	13214124	13430738	216615	*
10495	chr18	13430738	13640362	209625	*
10496	chr18	13640362	13869917	229556	*
10497	chr18	13869917	21059405	7189489	*
10498	chr18	21059405	21286716	227312	*
10499	chr18	21286716	21515089	228374	*
10500	chr18	21515089	21760017	244929	*
10501	chr18	21760017	21985869	225853	*
10502	chr18	21985869	22211600	225732	*
10503	chr18	22211600	22424627	213028	*
10504	chr18	22424627	22644298	219672	*
10505	chr18	22644298	22872235	227938	*
10506	chr18	22872235	23104725	232491	*
10507	chr18	23104725	23331118	226394	*
10508	chr18	23331118	23561312	230195	*
10509	chr18	23561312	23783035	221724	*
10510	chr18	23783035	23994216	211182	*
10511	chr18	23994216	24213258	219043	*
10512	chr18	24213258	24441331	228074	*
10513	chr18	24441331	24659983	218653	*
10514	chr18	24659983	24872802	212820	*
10515	chr18	24872802	25083342	210541	*
10516	chr18	25083342	25290987	207646	*
10517	chr18	25290987	25503754	212768	*
10518	chr18	25503754	25714046	210293	*
10519	chr18	25714046	25932704	218659	*
10520	chr18	25932704	26147694	214991	*
10521	chr18	26147694	26381887	234194	*
10522	chr18	26381887	26594702	212816	*
10523	chr18	26594702	26807236	212535	*
10524	chr18	26807236	27028322	221087	*
10525	chr18	27028322	27249389	221068	*
10526	chr18	27249389	27462854	213466	*
10527	chr18	27462854	27677182	214329	*
10528	chr18	27677182	27893878	216697	*
10529	chr18	27893878	28101883	208006	*
10530	chr18	28101883	28325993	224111	*
10531	chr18	28325993	28541588	215596	*
10532	chr18	28541588	28756281	214694	*
10533	chr18	28756281	28964273	207993	*
10534	chr18	28964273	29175156	210884	*
10535	chr18	29175156	29386162	211007	*
10536	chr18	29386162	29598649	212488	*
10537	chr18	29598649	29808673	210025	*
10538	chr18	29808673	30019412	210740	*
10539	chr18	30019412	30236093	216682	*
10540	chr18	30236093	30444420	208328	*
10541	chr18	30444420	30650723	206304	*
10542	chr18	30650723	30865898	215176	*
10543	chr18	30865898	31073635	207738	*
10544	chr18	31073635	31283415	209781	*
10545	chr18	31283415	31500718	217304	*
10546	chr18	31500718	31714487	213770	*
10547	chr18	31714487	31945727	231241	*
10548	chr18	31945727	32187449	241723	*
10549	chr18	32187449	32409804	222356	*
10550	chr18	32409804	32625199	215396	*
10551	chr18	32625199	32836492	211294	*
10552	chr18	32836492	33049499	213008	*
10553	chr18	33049499	33262522	213024	*
10554	chr18	33262522	33477792	215271	*
10555	chr18	33477792	33684691	206900	*
10556	chr18	33684691	33906671	221981	*
10557	chr18	33906671	34112298	205628	*
10558	chr18	34112298	34328306	216009	*
10559	chr18	34328306	34545424	217119	*
10560	chr18	34545424	34770450	225027	*
10561	chr18	34770450	34984740	214291	*
10562	chr18	34984740	35197808	213069	*
10563	chr18	35197808	35422952	225145	*
10564	chr18	35422952	35638639	215688	*
10565	chr18	35638639	35870396	231758	*
10566	chr18	35870396	36096662	226267	*
10567	chr18	36096662	36320819	224158	*
10568	chr18	36320819	36527789	206971	*
10569	chr18	36527789	36737207	209419	*
10570	chr18	36737207	36952541	215335	*
10571	chr18	36952541	37188123	235583	*
10572	chr18	37188123	37399610	211488	*
10573	chr18	37399610	37601899	202290	*
10574	chr18	37601899	37811232	209334	*
10575	chr18	37811232	38037475	226244	*
10576	chr18	38037475	38246755	209281	*
10577	chr18	38246755	38453667	206913	*
10578	chr18	38453667	38656869	203203	*
10579	chr18	38656869	38863529	206661	*
10580	chr18	38863529	39070901	207373	*
10581	chr18	39070901	39285949	215049	*
10582	chr18	39285949	39499483	213535	*
10583	chr18	39499483	39712074	212592	*
10584	chr18	39712074	39920727	208654	*
10585	chr18	39920727	40138802	218076	*
10586	chr18	40138802	40353563	214762	*
10587	chr18	40353563	40560197	206635	*
10588	chr18	40560197	40767121	206925	*
10589	chr18	40767121	40980793	213673	*
10590	chr18	40980793	41187648	206856	*
10591	chr18	41187648	41393418	205771	*
10592	chr18	41393418	41599030	205613	*
10593	chr18	41599030	41815134	216105	*
10594	chr18	41815134	42022036	206903	*
10595	chr18	42022036	42234302	212267	*
10596	chr18	42234302	42447379	213078	*
10597	chr18	42447379	42668783	221405	*
10598	chr18	42668783	42883691	214909	*
10599	chr18	42883691	43094133	210443	*
10600	chr18	43094133	43311878	217746	*
10601	chr18	43311878	43525595	213718	*
10602	chr18	43525595	43740330	214736	*
10603	chr18	43740330	43957181	216852	*
10604	chr18	43957181	44173459	216279	*
10605	chr18	44173459	44401623	228165	*
10606	chr18	44401623	44617045	215423	*
10607	chr18	44617045	44821338	204294	*
10608	chr18	44821338	45035803	214466	*
10609	chr18	45035803	45244659	208857	*
10610	chr18	45244659	45452056	207398	*
10611	chr18	45452056	45665660	213605	*
10612	chr18	45665660	45895063	229404	*
10613	chr18	45895063	46129305	234243	*
10614	chr18	46129305	46352129	222825	*
10615	chr18	46352129	46559704	207576	*
10616	chr18	46559704	46773100	213397	*
10617	chr18	46773100	47066428	293329	*
10618	chr18	47066428	47278406	211979	*
10619	chr18	47278406	47491797	213392	*
10620	chr18	47491797	47711175	219379	*
10621	chr18	47711175	47921765	210591	*
10622	chr18	47921765	48131431	209667	*
10623	chr18	48131431	48342183	210753	*
10624	chr18	48342183	48555336	213154	*
10625	chr18	48555336	48765898	210563	*
10626	chr18	48765898	48977563	211666	*
10627	chr18	48977563	49199711	222149	*
10628	chr18	49199711	49429261	229551	*
10629	chr18	49429261	49656869	227609	*
10630	chr18	49656869	49882819	225951	*
10631	chr18	49882819	50093873	211055	*
10632	chr18	50093873	50310417	216545	*
10633	chr18	50310417	50539154	228738	*
10634	chr18	50539154	50748946	209793	*
10635	chr18	50748946	50972383	223438	*
10636	chr18	50972383	51199305	226923	*
10637	chr18	51199305	51417064	217760	*
10638	chr18	51417064	51628051	210988	*
10639	chr18	51628051	51851531	223481	*
10640	chr18	51851531	52063538	212008	*
10641	chr18	52063538	52274537	211000	*
10642	chr18	52274537	52486566	212030	*
10643	chr18	52486566	52695680	209115	*
10644	chr18	52695680	52903580	207901	*
10645	chr18	52903580	53114521	210942	*
10646	chr18	53114521	53333689	219169	*
10647	chr18	53333689	53553618	219930	*
10648	chr18	53553618	53767162	213545	*
10649	chr18	53767162	53989590	222429	*
10650	chr18	53989590	54201134	211545	*
10651	chr18	54201134	54658644	457511	*
10652	chr18	54658644	54875586	216943	*
10653	chr18	54875586	55085024	209439	*
10654	chr18	55085024	55293464	208441	*
10655	chr18	55293464	55498563	205100	*
10656	chr18	55498563	55708645	210083	*
10657	chr18	55708645	55929906	221262	*
10658	chr18	55929906	56142710	212805	*
10659	chr18	56142710	56355426	212717	*
10660	chr18	56355426	56579325	223900	*
10661	chr18	56579325	56793050	213726	*
10662	chr18	56793050	56999686	206637	*
10663	chr18	56999686	57213947	214262	*
10664	chr18	57213947	57433793	219847	*
10665	chr18	57433793	57656055	222263	*
10666	chr18	57656055	57893333	237279	*
10667	chr18	57893333	58110585	217253	*
10668	chr18	58110585	58323412	212828	*
10669	chr18	58323412	58536822	213411	*
10670	chr18	58536822	58755681	218860	*
10671	chr18	58755681	58983943	228263	*
10672	chr18	58983943	59203939	219997	*
10673	chr18	59203939	59429734	225796	*
10674	chr18	59429734	59643263	213530	*
10675	chr18	59643263	59871050	227788	*
10676	chr18	59871050	60099270	228221	*
10677	chr18	60099270	60314383	215114	*
10678	chr18	60314383	60532152	217770	*
10679	chr18	60532152	60744407	212256	*
10680	chr18	60744407	60957652	213246	*
10681	chr18	60957652	61170437	212786	*
10682	chr18	61170437	61384125	213689	*
10683	chr18	61384125	61603255	219131	*
10684	chr18	61603255	61817602	214348	*
10685	chr18	61817602	62029935	212334	*
10686	chr18	62029935	62246846	216912	*
10687	chr18	62246846	62461436	214591	*
10688	chr18	62461436	62683143	221708	*
10689	chr18	62683143	62904507	221365	*
10690	chr18	62904507	63126300	221794	*
10691	chr18	63126300	63335482	209183	*
10692	chr18	63335482	63556458	220977	*
10693	chr18	63556458	63781547	225090	*
10694	chr18	63781547	63998781	217235	*
10695	chr18	63998781	64209350	210570	*
10696	chr18	64209350	64428252	218903	*
10697	chr18	64428252	64650009	221758	*
10698	chr18	64650009	64863553	213545	*
10699	chr18	64863553	65072847	209295	*
10700	chr18	65072847	65284911	212065	*
10701	chr18	65284911	65493892	208982	*
10702	chr18	65493892	65705560	211669	*
10703	chr18	65705560	65916292	210733	*
10704	chr18	65916292	66122651	206360	*
10705	chr18	66122651	66334099	211449	*
10706	chr18	66334099	66541005	206907	*
10707	chr18	66541005	66754715	213711	*
10708	chr18	66754715	66963469	208755	*
10709	chr18	66963469	67173943	210475	*
10710	chr18	67173943	67384663	210721	*
10711	chr18	67384663	67595088	210426	*
10712	chr18	67595088	67810183	215096	*
10713	chr18	67810183	68018484	208302	*
10714	chr18	68018484	68229556	211073	*
10715	chr18	68229556	68446475	216920	*
10716	chr18	68446475	68662662	216188	*
10717	chr18	68662662	68878792	216131	*
10718	chr18	68878792	69086490	207699	*
10719	chr18	69086490	69295493	209004	*
10720	chr18	69295493	69512493	217001	*
10721	chr18	69512493	69721479	208987	*
10722	chr18	69721479	69932530	211052	*
10723	chr18	69932530	70154605	222076	*
10724	chr18	70154605	70378139	223535	*
10725	chr18	70378139	70601333	223195	*
10726	chr18	70601333	70834146	232814	*
10727	chr18	70834146	71055247	221102	*
10728	chr18	71055247	71270667	215421	*
10729	chr18	71270667	71483641	212975	*
10730	chr18	71483641	71695422	211782	*
10731	chr18	71695422	71906122	210701	*
10732	chr18	71906122	72115188	209067	*
10733	chr18	72115188	72329039	213852	*
10734	chr18	72329039	72536860	207822	*
10735	chr18	72536860	72746681	209822	*
10736	chr18	72746681	72953495	206815	*
10737	chr18	72953495	73176655	223161	*
10738	chr18	73176655	73391871	215217	*
10739	chr18	73391871	73606024	214154	*
10740	chr18	73606024	73816848	210825	*
10741	chr18	73816848	74028672	211825	*
10742	chr18	74028672	74245124	216453	*
10743	chr18	74245124	74457868	212745	*
10744	chr18	74457868	74673665	215798	*
10745	chr18	74673665	74885059	211395	*
10746	chr18	74885059	75092177	207119	*
10747	chr18	75092177	75297222	205046	*
10748	chr18	75297222	75501838	204617	*
10749	chr18	75501838	75707024	205187	*
10750	chr18	75707024	75920893	213870	*
10751	chr18	75920893	76130202	209310	*
10752	chr18	76130202	76337805	207604	*
10753	chr18	76337805	76549519	211715	*
10754	chr18	76549519	76779672	230154	*
10755	chr18	76779672	77000217	220546	*
10756	chr18	77000217	77213930	213714	*
10757	chr18	77213930	77442164	228235	*
10758	chr18	77442164	77665401	223238	*
10759	chr18	77665401	77873195	207795	*
10760	chr18	77873195	78080688	207494	*
10761	chr18	78080688	78287747	207060	*
10762	chr18	78287747	78503161	215415	*
10763	chr18	78503161	78715506	212346	*
10764	chr18	78715506	78929138	213633	*
10765	chr18	78929138	79154772	225635	*
10766	chr18	79154772	79377248	222477	*
10767	chr18	79377248	79590360	213113	*
10768	chr18	79590360	79811140	220781	*
10769	chr18	79811140	80037548	226409	*
10770	chr19	497992	741863	243872	*
10771	chr19	741863	984613	242751	*
10772	chr19	984613	1219509	234897	*
10773	chr19	1219509	1441013	221505	*
10774	chr19	1441013	1674295	233283	*
10775	chr19	1674295	1910203	235909	*
10776	chr19	1910203	2149162	238960	*
10777	chr19	2149162	2379465	230304	*
10778	chr19	2379465	2628424	248960	*
10779	chr19	2628424	2864882	236459	*
10780	chr19	2864882	3117059	252178	*
10781	chr19	3117059	3359336	242278	*
10782	chr19	3359336	3595056	235721	*
10783	chr19	3595056	3829257	234202	*
10784	chr19	3829257	4074661	245405	*
10785	chr19	4074661	4329306	254646	*
10786	chr19	4329306	4568917	239612	*
10787	chr19	4568917	4814278	245362	*
10788	chr19	4814278	5065102	250825	*
10789	chr19	5065102	5289451	224350	*
10790	chr19	5289451	5527455	238005	*
10791	chr19	5527455	5776866	249412	*
10792	chr19	5776866	6011637	234772	*
10793	chr19	6011637	6236513	224877	*
10794	chr19	6236513	6481002	244490	*
10795	chr19	6481002	6731164	250163	*
10796	chr19	6731164	6971552	240389	*
10797	chr19	6971552	7523072	551521	*
10798	chr19	7523072	7759065	235994	*
10799	chr19	7759065	7992754	233690	*
10800	chr19	7992754	8247200	254447	*
10801	chr19	8247200	8823285	576086	*
10802	chr19	8823285	9056226	232942	*
10803	chr19	9056226	9300547	244322	*
10804	chr19	9300547	9539517	238971	*
10805	chr19	9539517	9798023	258507	*
10806	chr19	9798023	10038243	240221	*
10807	chr19	10038243	10284464	246222	*
10808	chr19	10284464	10536486	252023	*
10809	chr19	10536486	10784377	247892	*
10810	chr19	10784377	11026876	242500	*
10811	chr19	11026876	11275871	248996	*
10812	chr19	11275871	11524850	248980	*
10813	chr19	11524850	11776059	251210	*
10814	chr19	11776059	12047106	271048	*
10815	chr19	12047106	12294584	247479	*
10816	chr19	12294584	12559973	265390	*
10817	chr19	12559973	12808486	248514	*
10818	chr19	12808486	13044489	236004	*
10819	chr19	13044489	13279168	234680	*
10820	chr19	13279168	13507215	228048	*
10821	chr19	13507215	13754702	247488	*
10822	chr19	13754702	13996474	241773	*
10823	chr19	13996474	14265878	269405	*
10824	chr19	14265878	14529523	263646	*
10825	chr19	14529523	14779790	250268	*
10826	chr19	14779790	15015998	236209	*
10827	chr19	15015998	15249797	233800	*
10828	chr19	15249797	15479805	230009	*
10829	chr19	15479805	15725097	245293	*
10830	chr19	15725097	15960552	235456	*
10831	chr19	15960552	16198466	237915	*
10832	chr19	16198466	16432040	233575	*
10833	chr19	16432040	16666962	234923	*
10834	chr19	16666962	16913119	246158	*
10835	chr19	16913119	17154923	241805	*
10836	chr19	17154923	17401145	246223	*
10837	chr19	17401145	17651809	250665	*
10838	chr19	17651809	17898336	246528	*
10839	chr19	17898336	18151451	253116	*
10840	chr19	18151451	18393923	242473	*
10841	chr19	18393923	18624710	230788	*
10842	chr19	18624710	18855021	230312	*
10843	chr19	18855021	19093190	238170	*
10844	chr19	19093190	19330741	237552	*
10845	chr19	19330741	19557093	226353	*
10846	chr19	19557093	19806303	249211	*
10847	chr19	19806303	20060317	254015	*
10848	chr19	20060317	20607414	547098	*
10849	chr19	20607414	20874831	267418	*
10850	chr19	20874831	21118589	243759	*
10851	chr19	21118589	21364631	246043	*
10852	chr19	21364631	21612951	248321	*
10853	chr19	21612951	21868739	255789	*
10854	chr19	21868739	22130956	262218	*
10855	chr19	22130956	22418024	287069	*
10856	chr19	22418024	22670254	252231	*
10857	chr19	22670254	22932195	261942	*
10858	chr19	22932195	23187244	255050	*
10859	chr19	23187244	23438272	251029	*
10860	chr19	23438272	23688154	249883	*
10861	chr19	23688154	23931012	242859	*
10862	chr19	23931012	27259597	3328586	*
10863	chr19	27259597	27534140	274544	*
10864	chr19	27534140	27764616	230477	*
10865	chr19	27764616	27987357	222742	*
10866	chr19	27987357	28212656	225300	*
10867	chr19	28212656	28426275	213620	*
10868	chr19	28426275	28646729	220455	*
10869	chr19	28646729	28869493	222765	*
10870	chr19	28869493	29080775	211283	*
10871	chr19	29080775	29306235	225461	*
10872	chr19	29306235	29524871	218637	*
10873	chr19	29524871	29745026	220156	*
10874	chr19	29745026	29980884	235859	*
10875	chr19	29980884	30200775	219892	*
10876	chr19	30200775	30409053	208279	*
10877	chr19	30409053	30619029	209977	*
10878	chr19	30619029	30827049	208021	*
10879	chr19	30827049	31032672	205624	*
10880	chr19	31032672	31239068	206397	*
10881	chr19	31239068	31444486	205419	*
10882	chr19	31444486	31657333	212848	*
10883	chr19	31657333	31866134	208802	*
10884	chr19	31866134	32075424	209291	*
10885	chr19	32075424	32291756	216333	*
10886	chr19	32291756	32510161	218406	*
10887	chr19	32510161	32759199	249039	*
10888	chr19	32759199	33009267	250069	*
10889	chr19	33009267	33254269	245003	*
10890	chr19	33254269	33466155	211887	*
10891	chr19	33466155	33684505	218351	*
10892	chr19	33684505	33902569	218065	*
10893	chr19	33902569	34128152	225584	*
10894	chr19	34128152	34365102	236951	*
10895	chr19	34365102	34600284	235183	*
10896	chr19	34600284	34833192	232909	*
10897	chr19	34833192	35065276	232085	*
10898	chr19	35065276	35287225	221950	*
10899	chr19	35287225	35518213	230989	*
10900	chr19	35518213	35754258	236046	*
10901	chr19	35754258	35991255	236998	*
10902	chr19	35991255	36236628	245374	*
10903	chr19	36236628	36532937	296310	*
10904	chr19	36532937	36773907	240971	*
10905	chr19	36773907	37010193	236287	*
10906	chr19	37010193	37261468	251276	*
10907	chr19	37261468	37537294	275827	*
10908	chr19	37537294	37772785	235492	*
10909	chr19	37772785	38015638	242854	*
10910	chr19	38015638	38253394	237757	*
10911	chr19	38253394	38490282	236889	*
10912	chr19	38490282	38725449	235168	*
10913	chr19	38725449	38987842	262394	*
10914	chr19	38987842	39232114	244273	*
10915	chr19	39232114	39468903	236790	*
10916	chr19	39468903	39708197	239295	*
10917	chr19	39708197	39957989	249793	*
10918	chr19	39957989	40199790	241802	*
10919	chr19	40199790	40433847	234058	*
10920	chr19	40433847	40672756	238910	*
10921	chr19	40672756	40944699	271944	*
10922	chr19	40944699	41217074	272376	*
10923	chr19	41217074	41450907	233834	*
10924	chr19	41450907	41677694	226788	*
10925	chr19	41677694	41907150	229457	*
10926	chr19	41907150	42131874	224725	*
10927	chr19	42131874	42353646	221773	*
10928	chr19	42353646	43346668	993023	*
10929	chr19	43346668	43607820	261153	*
10930	chr19	43607820	43836214	228395	*
10931	chr19	43836214	44056183	219970	*
10932	chr19	44056183	44288390	232208	*
10933	chr19	44288390	44530094	241705	*
10934	chr19	44530094	44763186	233093	*
10935	chr19	44763186	45015106	251921	*
10936	chr19	45015106	45253048	237943	*
10937	chr19	45253048	45497257	244210	*
10938	chr19	45497257	45747001	249745	*
10939	chr19	45747001	45980632	233632	*
10940	chr19	45980632	46211965	231334	*
10941	chr19	46211965	46455589	243625	*
10942	chr19	46455589	46694136	238548	*
10943	chr19	46694136	46933743	239608	*
10944	chr19	46933743	47178708	244966	*
10945	chr19	47178708	47434327	255620	*
10946	chr19	47434327	47671214	236888	*
10947	chr19	47671214	47977394	306181	*
10948	chr19	47977394	48212198	234805	*
10949	chr19	48212198	48457612	245415	*
10950	chr19	48457612	48702874	245263	*
10951	chr19	48702874	48959951	257078	*
10952	chr19	48959951	49223184	263234	*
10953	chr19	49223184	49460299	237116	*
10954	chr19	49460299	49706383	246085	*
10955	chr19	49706383	49940710	234328	*
10956	chr19	49940710	50238997	298288	*
10957	chr19	50238997	50475284	236288	*
10958	chr19	50475284	50713343	238060	*
10959	chr19	50713343	50944228	230886	*
10960	chr19	50944228	51166771	222544	*
10961	chr19	51166771	51390248	223478	*
10962	chr19	51390248	51613126	222879	*
10963	chr19	51613126	51840455	227330	*
10964	chr19	51840455	52070776	230322	*
10965	chr19	52070776	52300315	229540	*
10966	chr19	52300315	52546357	246043	*
10967	chr19	52546357	52820795	274439	*
10968	chr19	52820795	53081765	260971	*
10969	chr19	53081765	53333888	252124	*
10970	chr19	53333888	53598476	264589	*
10971	chr19	53598476	53866252	267777	*
10972	chr19	53866252	54116896	250645	*
10973	chr19	54116896	54360899	244004	*
10974	chr19	54360899	54997790	636892	*
10975	chr19	54997790	55245901	248112	*
10976	chr19	55245901	55476981	231081	*
10977	chr19	55476981	55700953	223973	*
10978	chr19	55700953	55948928	247976	*
10979	chr19	55948928	56191444	242517	*
10980	chr19	56191444	56424534	233091	*
10981	chr19	56424534	56639874	215341	*
10982	chr19	56639874	56864925	225052	*
10983	chr19	56864925	57091579	226655	*
10984	chr19	57091579	57328919	237341	*
10985	chr19	57328919	57560338	231420	*
10986	chr19	57560338	57788630	228293	*
10987	chr19	57788630	58051060	262431	*
10988	chr19	58051060	58288968	237909	*
10989	chr20	0	312266	312267	*
10990	chr20	312266	540467	228202	*
10991	chr20	540467	760593	220127	*
10992	chr20	760593	981750	221158	*
10993	chr20	981750	1193141	211392	*
10994	chr20	1193141	1412876	219736	*
10995	chr20	1412876	1635309	222434	*
10996	chr20	1635309	1853468	218160	*
10997	chr20	1853468	2061523	208056	*
10998	chr20	2061523	2283185	221663	*
10999	chr20	2283185	2497961	214777	*
11000	chr20	2497961	2726624	228664	*
11001	chr20	2726624	2953046	226423	*
11002	chr20	2953046	3187700	234655	*
11003	chr20	3187700	3416991	229292	*
11004	chr20	3416991	3650678	233688	*
11005	chr20	3650678	3877391	226714	*
11006	chr20	3877391	4110864	233474	*
11007	chr20	4110864	4338228	227365	*
11008	chr20	4338228	4556674	218447	*
11009	chr20	4556674	4779006	222333	*
11010	chr20	4779006	4998735	219730	*
11011	chr20	4998735	5233991	235257	*
11012	chr20	5233991	5469144	235154	*
11013	chr20	5469144	5711918	242775	*
11014	chr20	5711918	5939338	227421	*
11015	chr20	5939338	6157501	218164	*
11016	chr20	6157501	6380259	222759	*
11017	chr20	6380259	6587512	207254	*
11018	chr20	6587512	6793649	206138	*
11019	chr20	6793649	7008880	215232	*
11020	chr20	7008880	7223585	214706	*
11021	chr20	7223585	7434540	210956	*
11022	chr20	7434540	7644002	209463	*
11023	chr20	7644002	7857473	213472	*
11024	chr20	7857473	8070082	212610	*
11025	chr20	8070082	8283118	213037	*
11026	chr20	8283118	8494917	211800	*
11027	chr20	8494917	8712896	217980	*
11028	chr20	8712896	8923278	210383	*
11029	chr20	8923278	9134396	211119	*
11030	chr20	9134396	9343046	208651	*
11031	chr20	9343046	9555226	212181	*
11032	chr20	9555226	9768443	213218	*
11033	chr20	9768443	9981327	212885	*
11034	chr20	9981327	10195520	214194	*
11035	chr20	10195520	10406710	211191	*
11036	chr20	10406710	10617759	211050	*
11037	chr20	10617759	10826108	208350	*
11038	chr20	10826108	11033777	207670	*
11039	chr20	11033777	11241802	208026	*
11040	chr20	11241802	11451384	209583	*
11041	chr20	11451384	11666752	215369	*
11042	chr20	11666752	11877997	211246	*
11043	chr20	11877997	12085666	207670	*
11044	chr20	12085666	12298416	212751	*
11045	chr20	12298416	12531206	232791	*
11046	chr20	12531206	12752193	220988	*
11047	chr20	12752193	12972934	220742	*
11048	chr20	12972934	13181398	208465	*
11049	chr20	13181398	13399055	217658	*
11050	chr20	13399055	13623092	224038	*
11051	chr20	13623092	13847589	224498	*
11052	chr20	13847589	14071836	224248	*
11053	chr20	14071836	14297809	225974	*
11054	chr20	14297809	14515264	217456	*
11055	chr20	14515264	14724978	209715	*
11056	chr20	14724978	14938077	213100	*
11057	chr20	14938077	15155402	217326	*
11058	chr20	15155402	15364450	209049	*
11059	chr20	15364450	15570580	206131	*
11060	chr20	15570580	15783300	212721	*
11061	chr20	15783300	15994259	210960	*
11062	chr20	15994259	16200885	206627	*
11063	chr20	16200885	16409624	208740	*
11064	chr20	16409624	16623390	213767	*
11065	chr20	16623390	16840461	217072	*
11066	chr20	16840461	17060548	220088	*
11067	chr20	17060548	17279404	218857	*
11068	chr20	17279404	17491480	212077	*
11069	chr20	17491480	17701337	209858	*
11070	chr20	17701337	17916784	215448	*
11071	chr20	17916784	18150918	234135	*
11072	chr20	18150918	18381862	230945	*
11073	chr20	18381862	18613404	231543	*
11074	chr20	18613404	18829975	216572	*
11075	chr20	18829975	19062197	232223	*
11076	chr20	19062197	19279238	217042	*
11077	chr20	19279238	19486805	207568	*
11078	chr20	19486805	19695155	208351	*
11079	chr20	19695155	19916843	221689	*
11080	chr20	19916843	20134061	217219	*
11081	chr20	20134061	20347527	213467	*
11082	chr20	20347527	20556710	209184	*
11083	chr20	20556710	20766650	209941	*
11084	chr20	20766650	20979382	212733	*
11085	chr20	20979382	21192509	213128	*
11086	chr20	21192509	21410897	218389	*
11087	chr20	21410897	21629015	218119	*
11088	chr20	21629015	21844961	215947	*
11089	chr20	21844961	22085969	241009	*
11090	chr20	22085969	22311014	225046	*
11091	chr20	22311014	22516478	205465	*
11092	chr20	22516478	22725155	208678	*
11093	chr20	22725155	22945155	220001	*
11094	chr20	22945155	23156670	211516	*
11095	chr20	23156670	23372828	216159	*
11096	chr20	23372828	23601298	228471	*
11097	chr20	23601298	23869817	268520	*
11098	chr20	23869817	24096544	226728	*
11099	chr20	24096544	24303672	207129	*
11100	chr20	24303672	24512399	208728	*
11101	chr20	24512399	24730246	217848	*
11102	chr20	24730246	24953991	223746	*
11103	chr20	24953991	25172425	218435	*
11104	chr20	25172425	25407460	235036	*
11105	chr20	25407460	31395289	5987830	*
11106	chr20	31395289	31638961	243673	*
11107	chr20	31638961	31868403	229443	*
11108	chr20	31868403	32090262	221860	*
11109	chr20	32090262	32325955	235694	*
11110	chr20	32325955	32545535	219581	*
11111	chr20	32545535	32781764	236230	*
11112	chr20	32781764	33005653	223890	*
11113	chr20	33005653	33222118	216466	*
11114	chr20	33222118	33450044	227927	*
11115	chr20	33450044	33686423	236380	*
11116	chr20	33686423	33921946	235524	*
11117	chr20	33921946	34147326	225381	*
11118	chr20	34147326	34401477	254152	*
11119	chr20	34401477	34630150	228674	*
11120	chr20	34630150	34866062	235913	*
11121	chr20	34866062	35092219	226158	*
11122	chr20	35092219	35330517	238299	*
11123	chr20	35330517	35560974	230458	*
11124	chr20	35560974	35799002	238029	*
11125	chr20	35799002	36039086	240085	*
11126	chr20	36039086	36264577	225492	*
11127	chr20	36264577	36494545	229969	*
11128	chr20	36494545	36738424	243880	*
11129	chr20	36738424	36986027	247604	*
11130	chr20	36986027	37231896	245870	*
11131	chr20	37231896	37447870	215975	*
11132	chr20	37447870	37665340	217471	*
11133	chr20	37665340	37876206	210867	*
11134	chr20	37876206	38090371	214166	*
11135	chr20	38090371	38304305	213935	*
11136	chr20	38304305	38530073	225769	*
11137	chr20	38530073	38747669	217597	*
11138	chr20	38747669	38967445	219777	*
11139	chr20	38967445	39178733	211289	*
11140	chr20	39178733	39392121	213389	*
11141	chr20	39392121	39605765	213645	*
11142	chr20	39605765	39823245	217481	*
11143	chr20	39823245	40035271	212027	*
11144	chr20	40035271	40245931	210661	*
11145	chr20	40245931	40458563	212633	*
11146	chr20	40458563	40671862	213300	*
11147	chr20	40671862	40874719	202858	*
11148	chr20	40874719	41095365	220647	*
11149	chr20	41095365	41315840	220476	*
11150	chr20	41315840	41529603	213764	*
11151	chr20	41529603	41752716	223114	*
11152	chr20	41752716	41974182	221467	*
11153	chr20	41974182	42179517	205336	*
11154	chr20	42179517	42394122	214606	*
11155	chr20	42394122	42604298	210177	*
11156	chr20	42604298	42818235	213938	*
11157	chr20	42818235	43030351	212117	*
11158	chr20	43030351	43240291	209941	*
11159	chr20	43240291	43468640	228350	*
11160	chr20	43468640	43708176	239537	*
11161	chr20	43708176	43937589	229414	*
11162	chr20	43937589	44150432	212844	*
11163	chr20	44150432	44375243	224812	*
11164	chr20	44375243	44599355	224113	*
11165	chr20	44599355	44817876	218522	*
11166	chr20	44817876	45038251	220376	*
11167	chr20	45038251	45251888	213638	*
11168	chr20	45251888	45468442	216555	*
11169	chr20	45468442	45707221	238780	*
11170	chr20	45707221	45947385	240165	*
11171	chr20	45947385	46160247	212863	*
11172	chr20	46160247	46365712	205466	*
11173	chr20	46365712	46577415	211704	*
11174	chr20	46577415	46787870	210456	*
11175	chr20	46787870	46999076	211207	*
11176	chr20	46999076	47218827	219752	*
11177	chr20	47218827	47459942	241116	*
11178	chr20	47459942	47693261	233320	*
11179	chr20	47693261	47942004	248744	*
11180	chr20	47942004	48161614	219611	*
11181	chr20	48161614	48374370	212757	*
11182	chr20	48374370	48614792	240423	*
11183	chr20	48614792	48823129	208338	*
11184	chr20	48823129	49055354	232226	*
11185	chr20	49055354	49294781	239428	*
11186	chr20	49294781	49511208	216428	*
11187	chr20	49511208	49733570	222363	*
11188	chr20	49733570	49967671	234102	*
11189	chr20	49967671	50201049	233379	*
11190	chr20	50201049	50418037	216989	*
11191	chr20	50418037	50646726	228690	*
11192	chr20	50646726	50885496	238771	*
11193	chr20	50885496	51103634	218139	*
11194	chr20	51103634	51315091	211458	*
11195	chr20	51315091	51526556	211466	*
11196	chr20	51526556	51754160	227605	*
11197	chr20	51754160	52004270	250111	*
11198	chr20	52004270	52236846	232577	*
11199	chr20	52236846	52448160	211315	*
11200	chr20	52448160	52665209	217050	*
11201	chr20	52665209	52871292	206084	*
11202	chr20	52871292	53079129	207838	*
11203	chr20	53079129	53287242	208114	*
11204	chr20	53287242	53524363	237122	*
11205	chr20	53524363	53777888	253526	*
11206	chr20	53777888	54001269	223382	*
11207	chr20	54001269	54213365	212097	*
11208	chr20	54213365	54430220	216856	*
11209	chr20	54430220	54645838	215619	*
11210	chr20	54645838	54869304	223467	*
11211	chr20	54869304	55091121	221818	*
11212	chr20	55091121	55312772	221652	*
11213	chr20	55312772	55570230	257459	*
11214	chr20	55570230	55780987	210758	*
11215	chr20	55780987	56010176	229190	*
11216	chr20	56010176	56229425	219250	*
11217	chr20	56229425	56454570	225146	*
11218	chr20	56454570	56693481	238912	*
11219	chr20	56693481	56914952	221472	*
11220	chr20	56914952	57125909	210958	*
11221	chr20	57125909	57337510	211602	*
11222	chr20	57337510	57550243	212734	*
11223	chr20	57550243	57756057	205815	*
11224	chr20	57756057	57962991	206935	*
11225	chr20	57962991	58169571	206581	*
11226	chr20	58169571	58382702	213132	*
11227	chr20	58382702	58594036	211335	*
11228	chr20	58594036	58802689	208654	*
11229	chr20	58802689	59017570	214882	*
11230	chr20	59017570	59228987	211418	*
11231	chr20	59228987	59436447	207461	*
11232	chr20	59436447	59655252	218806	*
11233	chr20	59655252	59862681	207430	*
11234	chr20	59862681	60071543	208863	*
11235	chr20	60071543	60279027	207485	*
11236	chr20	60279027	60489165	210139	*
11237	chr20	60489165	60700948	211784	*
11238	chr20	60700948	60910263	209316	*
11239	chr20	60910263	61118602	208340	*
11240	chr20	61118602	61328112	209511	*
11241	chr20	61328112	61539005	210894	*
11242	chr20	61539005	61746452	207448	*
11243	chr20	61746452	61959016	212565	*
11244	chr20	61959016	62181147	222132	*
11245	chr20	62181147	62396822	215676	*
11246	chr20	62396822	62645105	248284	*
11247	chr20	62645105	62853863	208759	*
11248	chr20	62853863	63067836	213974	*
11249	chr20	63067836	63278041	210206	*
11250	chr20	63278041	63487928	209888	*
11251	chr20	63487928	63719105	231178	*
11252	chr20	63719105	63957172	238068	*
11253	chr20	63957172	64187978	230807	*
11254	chr21	14177251	14392441	215191	*
11255	chr21	14392441	14603448	211008	*
11256	chr21	14603448	14828613	225166	*
11257	chr21	14828613	15049346	220734	*
11258	chr21	15049346	15257818	208473	*
11259	chr21	15257818	15468998	211181	*
11260	chr21	15468998	15682556	213559	*
11261	chr21	15682556	15892623	210068	*
11262	chr21	15892623	16118450	225828	*
11263	chr21	16118450	16334817	216368	*
11264	chr21	16334817	16552001	217185	*
11265	chr21	16552001	16772247	220247	*
11266	chr21	16772247	16990151	217905	*
11267	chr21	16990151	17224262	234112	*
11268	chr21	17224262	17474072	249811	*
11269	chr21	17474072	17703942	229871	*
11270	chr21	17703942	17932109	228168	*
11271	chr21	17932109	18146623	214515	*
11272	chr21	18146623	18357710	211088	*
11273	chr21	18357710	18579311	221602	*
11274	chr21	18579311	18792405	213095	*
11275	chr21	18792405	19007952	215548	*
11276	chr21	19007952	19225383	217432	*
11277	chr21	19225383	19436212	210830	*
11278	chr21	19436212	19645241	209030	*
11279	chr21	19645241	19860438	215198	*
11280	chr21	19860438	20074872	214435	*
11281	chr21	20074872	20290934	216063	*
11282	chr21	20290934	20501854	210921	*
11283	chr21	20501854	20711582	209729	*
11284	chr21	20711582	20919867	208286	*
11285	chr21	20919867	21133383	213517	*
11286	chr21	21133383	21341558	208176	*
11287	chr21	21341558	21551360	209803	*
11288	chr21	21551360	21763349	211990	*
11289	chr21	21763349	21975067	211719	*
11290	chr21	21975067	22187627	212561	*
11291	chr21	22187627	22398569	210943	*
11292	chr21	22398569	22617709	219141	*
11293	chr21	22617709	22831658	213950	*
11294	chr21	22831658	23050881	219224	*
11295	chr21	23050881	23261287	210407	*
11296	chr21	23261287	23471914	210628	*
11297	chr21	23471914	23681450	209537	*
11298	chr21	23681450	23898694	217245	*
11299	chr21	23898694	24109616	210923	*
11300	chr21	24109616	24318964	209349	*
11301	chr21	24318964	24532189	213226	*
11302	chr21	24532189	24746686	214498	*
11303	chr21	24746686	24961070	214385	*
11304	chr21	24961070	25172726	211657	*
11305	chr21	25172726	25383117	210392	*
11306	chr21	25383117	25598009	214893	*
11307	chr21	25598009	25816877	218869	*
11308	chr21	25816877	26038869	221993	*
11309	chr21	26038869	26259145	220277	*
11310	chr21	26259145	26476310	217166	*
11311	chr21	26476310	26687640	211331	*
11312	chr21	26687640	26902544	214905	*
11313	chr21	26902544	27113172	210629	*
11314	chr21	27113172	27322718	209547	*
11315	chr21	27322718	27535915	213198	*
11316	chr21	27535915	27753342	217428	*
11317	chr21	27753342	28066181	312840	*
11318	chr21	28066181	28280994	214814	*
11319	chr21	28280994	28491049	210056	*
11320	chr21	28491049	28713245	222197	*
11321	chr21	28713245	28935904	222660	*
11322	chr21	28935904	29157416	221513	*
11323	chr21	29157416	29371240	213825	*
11324	chr21	29371240	29589405	218166	*
11325	chr21	29589405	29800420	211016	*
11326	chr21	29800420	30007333	206914	*
11327	chr21	30007333	30218712	211380	*
11328	chr21	30218712	30429771	211060	*
11329	chr21	30429771	30642447	212677	*
11330	chr21	30642447	30858987	216541	*
11331	chr21	30858987	31072795	213809	*
11332	chr21	31072795	31289822	217028	*
11333	chr21	31289822	31514894	225073	*
11334	chr21	31514894	31743898	229005	*
11335	chr21	31743898	31971925	228028	*
11336	chr21	31971925	32189207	217283	*
11337	chr21	32189207	32410371	221165	*
11338	chr21	32410371	32650857	240487	*
11339	chr21	32650857	32870618	219762	*
11340	chr21	32870618	33082250	211633	*
11341	chr21	33082250	33302242	219993	*
11342	chr21	33302242	33538643	236402	*
11343	chr21	33538643	33765895	227253	*
11344	chr21	33765895	33990731	224837	*
11345	chr21	33990731	34203604	212874	*
11346	chr21	34203604	34415736	212133	*
11347	chr21	34415736	34630821	215086	*
11348	chr21	34630821	34840606	209786	*
11349	chr21	34840606	35049379	208774	*
11350	chr21	35049379	35259740	210362	*
11351	chr21	35259740	35470396	210657	*
11352	chr21	35470396	35684036	213641	*
11353	chr21	35684036	35903974	219939	*
11354	chr21	35903974	36125441	221468	*
11355	chr21	36125441	36374720	249280	*
11356	chr21	36374720	36600514	225795	*
11357	chr21	36600514	36818046	217533	*
11358	chr21	36818046	37043286	225241	*
11359	chr21	37043286	37270173	226888	*
11360	chr21	37270173	37489581	219409	*
11361	chr21	37489581	37703065	213485	*
11362	chr21	37703065	37914242	211178	*
11363	chr21	37914242	38125924	211683	*
11364	chr21	38125924	38335993	210070	*
11365	chr21	38335993	38544828	208836	*
11366	chr21	38544828	38755701	210874	*
11367	chr21	38755701	38966617	210917	*
11368	chr21	38966617	39179993	213377	*
11369	chr21	39179993	39406121	226129	*
11370	chr21	39406121	39623827	217707	*
11371	chr21	39623827	39840250	216424	*
11372	chr21	39840250	40060249	220000	*
11373	chr21	40060249	40276422	216174	*
11374	chr21	40276422	40492777	216356	*
11375	chr21	40492777	40704343	211567	*
11376	chr21	40704343	40919165	214823	*
11377	chr21	40919165	41137880	218716	*
11378	chr21	41137880	41350942	213063	*
11379	chr21	41350942	41568613	217672	*
11380	chr21	41568613	41782018	213406	*
11381	chr21	41782018	41999836	217819	*
11382	chr21	41999836	42213474	213639	*
11383	chr21	42213474	42422907	209434	*
11384	chr21	42422907	42636055	213149	*
11385	chr21	42636055	42859888	223834	*
11386	chr21	42859888	43103219	243332	*
11387	chr21	43103219	43396753	293535	*
11388	chr21	43396753	43612993	216241	*
11389	chr21	43612993	43836856	223864	*
11390	chr21	43836856	44060350	223495	*
11391	chr21	44060350	44280031	219682	*
11392	chr21	44280031	44499206	219176	*
11393	chr21	44499206	44722706	223501	*
11394	chr21	44722706	44939308	216603	*
11395	chr21	44939308	45149167	209860	*
11396	chr21	45149167	45362116	212950	*
11397	chr21	45362116	45573985	211870	*
11398	chr21	45573985	45794609	220625	*
11399	chr21	45794609	46010226	215618	*
11400	chr21	46010226	46230005	219780	*
11401	chr21	46230005	46459313	229309	*
11402	chr22	16808119	17085961	277843	*
11403	chr22	17085961	17328192	242232	*
11404	chr22	17328192	17568544	240353	*
11405	chr22	17568544	17809695	241152	*
11406	chr22	17809695	19001620	1191926	*
11407	chr22	19001620	19231577	229958	*
11408	chr22	19231577	19460581	229005	*
11409	chr22	19460581	19684345	223765	*
11410	chr22	19684345	19896524	212180	*
11411	chr22	19896524	20334261	437738	*
11412	chr22	20334261	20600741	266481	*
11413	chr22	20600741	20860874	260134	*
11414	chr22	20860874	21744276	883403	*
11415	chr22	21744276	21984627	240352	*
11416	chr22	21984627	22212458	227832	*
11417	chr22	22212458	22487996	275539	*
11418	chr22	22487996	22748772	260777	*
11419	chr22	22748772	22967486	218715	*
11420	chr22	22967486	23188530	221045	*
11421	chr22	23188530	23438024	249495	*
11422	chr22	23438024	23700060	262037	*
11423	chr22	23700060	23934681	234622	*
11424	chr22	23934681	24159813	225133	*
11425	chr22	24159813	24420948	261136	*
11426	chr22	24420948	24698753	277806	*
11427	chr22	24698753	24936542	237790	*
11428	chr22	24936542	25202711	266170	*
11429	chr22	25202711	25482478	279768	*
11430	chr22	25482478	25719908	237431	*
11431	chr22	25719908	25935371	215464	*
11432	chr22	25935371	26144119	208749	*
11433	chr22	26144119	26353420	209302	*
11434	chr22	26353420	26573162	219743	*
11435	chr22	26573162	26791854	218693	*
11436	chr22	26791854	27001386	209533	*
11437	chr22	27001386	27207027	205642	*
11438	chr22	27207027	27416200	209174	*
11439	chr22	27416200	27625171	208972	*
11440	chr22	27625171	27876619	251449	*
11441	chr22	27876619	28098856	222238	*
11442	chr22	28098856	28325963	227108	*
11443	chr22	28325963	28561639	235677	*
11444	chr22	28561639	28819245	257607	*
11445	chr22	28819245	29045144	225900	*
11446	chr22	29045144	29270551	225408	*
11447	chr22	29270551	29516854	246304	*
11448	chr22	29516854	29749738	232885	*
11449	chr22	29749738	29979538	229801	*
11450	chr22	29979538	30198673	219136	*
11451	chr22	30198673	30415651	216979	*
11452	chr22	30415651	30645536	229886	*
11453	chr22	30645536	30881288	235753	*
11454	chr22	30881288	31115772	234485	*
11455	chr22	31115772	31345306	229535	*
11456	chr22	31345306	31597057	251752	*
11457	chr22	31597057	31840232	243176	*
11458	chr22	31840232	32068960	228729	*
11459	chr22	32068960	32314229	245270	*
11460	chr22	32314229	32543865	229637	*
11461	chr22	32543865	32798113	254249	*
11462	chr22	32798113	33016573	218461	*
11463	chr22	33016573	33241679	225107	*
11464	chr22	33241679	33464856	223178	*
11465	chr22	33464856	33684250	219395	*
11466	chr22	33684250	33900334	216085	*
11467	chr22	33900334	34118916	218583	*
11468	chr22	34118916	34332801	213886	*
11469	chr22	34332801	34548414	215614	*
11470	chr22	34548414	34781996	233583	*
11471	chr22	34781996	35006678	224683	*
11472	chr22	35006678	35229890	223213	*
11473	chr22	35229890	35456561	226672	*
11474	chr22	35456561	35678640	222080	*
11475	chr22	35678640	35900727	222088	*
11476	chr22	35900727	36131903	231177	*
11477	chr22	36131903	36359640	227738	*
11478	chr22	36359640	36597938	238299	*
11479	chr22	36597938	36811544	213607	*
11480	chr22	36811544	37025561	214018	*
11481	chr22	37025561	37236767	211207	*
11482	chr22	37236767	37448260	211494	*
11483	chr22	37448260	37675882	227623	*
11484	chr22	37675882	37918504	242623	*
11485	chr22	37918504	38148468	229965	*
11486	chr22	38148468	38407358	258891	*
11487	chr22	38407358	38645917	238560	*
11488	chr22	38645917	38871518	225602	*
11489	chr22	38871518	39129256	257739	*
11490	chr22	39129256	39359819	230564	*
11491	chr22	39359819	39582506	222688	*
11492	chr22	39582506	39794010	211505	*
11493	chr22	39794010	40013513	219504	*
11494	chr22	40013513	40238239	224727	*
11495	chr22	40238239	40461363	223125	*
11496	chr22	40461363	40699498	238136	*
11497	chr22	40699498	40940762	241265	*
11498	chr22	40940762	41187169	246408	*
11499	chr22	41187169	41432326	245158	*
11500	chr22	41432326	41676804	244479	*
11501	chr22	41676804	41913526	236723	*
11502	chr22	41913526	42159313	245788	*
11503	chr22	42159313	42374536	215224	*
11504	chr22	42374536	42645868	271333	*
11505	chr22	42645868	42886021	240154	*
11506	chr22	42886021	43124256	238236	*
11507	chr22	43124256	43337304	213049	*
11508	chr22	43337304	43554467	217164	*
11509	chr22	43554467	43769828	215362	*
11510	chr22	43769828	43988917	219090	*
11511	chr22	43988917	44210849	221933	*
11512	chr22	44210849	44426069	215221	*
11513	chr22	44426069	44645157	219089	*
11514	chr22	44645157	44875891	230735	*
11515	chr22	44875891	45094971	219081	*
11516	chr22	45094971	45322277	227307	*
11517	chr22	45322277	45551770	229494	*
11518	chr22	45551770	45772640	220871	*
11519	chr22	45772640	45979929	207290	*
11520	chr22	45979929	46193467	213539	*
11521	chr22	46193467	46417765	224299	*
11522	chr22	46417765	46646049	228285	*
11523	chr22	46646049	46865228	219180	*
11524	chr22	46865228	47074875	209648	*
11525	chr22	47074875	47287763	212889	*
11526	chr22	47287763	47503730	215968	*
11527	chr22	47503730	47716800	213071	*
11528	chr22	47716800	47929185	212386	*
11529	chr22	47929185	48139534	210350	*
11530	chr22	48139534	48349340	209807	*
11531	chr22	48349340	48559007	209668	*
11532	chr22	48559007	48768366	209360	*
11533	chr22	48768366	48981285	212920	*
11534	chr22	48981285	49195421	214137	*
11535	chr22	49195421	49408821	213401	*
11536	chr22	49408821	49620760	211940	*
11537	chr22	49620760	49838217	217458	*
11538	chr22	49838217	50067115	228899	*
11539	chr22	50067115	50289416	222302	*
11540	chrX	517443	772145	254703	*
11541	chrX	772145	1389467	617323	*
11542	chrX	1389467	1649363	259897	*
11543	chrX	1649363	1919389	270027	*
11544	chrX	1919389	2421157	501769	*
11545	chrX	2421157	2658204	237048	*
11546	chrX	2658204	2906750	248547	*
11547	chrX	2906750	3151303	244554	*
11548	chrX	3151303	3379762	228460	*
11549	chrX	3379762	3984172	604411	*
11550	chrX	3984172	4198785	214614	*
11551	chrX	4198785	4412140	213356	*
11552	chrX	4412140	4631285	219146	*
11553	chrX	4631285	4846368	215084	*
11554	chrX	4846368	5065167	218800	*
11555	chrX	5065167	5280479	215313	*
11556	chrX	5280479	5500054	219576	*
11557	chrX	5500054	5709441	209388	*
11558	chrX	5709441	5930725	221285	*
11559	chrX	5930725	6140733	210009	*
11560	chrX	6140733	6360927	220195	*
11561	chrX	6360927	6582681	221755	*
11562	chrX	6582681	6801957	219277	*
11563	chrX	6801957	7035509	233553	*
11564	chrX	7035509	7256544	221036	*
11565	chrX	7256544	7469994	213451	*
11566	chrX	7469994	7694589	224596	*
11567	chrX	7694589	7912525	217937	*
11568	chrX	7912525	8129626	217102	*
11569	chrX	8129626	8352761	223136	*
11570	chrX	8352761	8592126	239366	*
11571	chrX	8592126	8819801	227676	*
11572	chrX	8819801	9038684	218884	*
11573	chrX	9038684	9251279	212596	*
11574	chrX	9251279	9478290	227012	*
11575	chrX	9478290	9690547	212258	*
11576	chrX	9690547	9910988	220442	*
11577	chrX	9910988	10127043	216056	*
11578	chrX	10127043	10344001	216959	*
11579	chrX	10344001	10554215	210215	*
11580	chrX	10554215	10781448	227234	*
11581	chrX	10781448	11005118	223671	*
11582	chrX	11005118	11226415	221298	*
11583	chrX	11226415	11438118	211704	*
11584	chrX	11438118	11654839	216722	*
11585	chrX	11654839	11874757	219919	*
11586	chrX	11874757	12091023	216267	*
11587	chrX	12091023	12303699	212677	*
11588	chrX	12303699	12516584	212886	*
11589	chrX	12516584	12737988	221405	*
11590	chrX	12737988	12975969	237982	*
11591	chrX	12975969	13200478	224510	*
11592	chrX	13200478	13414510	214033	*
11593	chrX	13414510	13629247	214738	*
11594	chrX	13629247	13854149	224903	*
11595	chrX	13854149	14075472	221324	*
11596	chrX	14075472	14307864	232393	*
11597	chrX	14307864	14529057	221194	*
11598	chrX	14529057	14748331	219275	*
11599	chrX	14748331	14969110	220780	*
11600	chrX	14969110	15194580	225471	*
11601	chrX	15194580	15414468	219889	*
11602	chrX	15414468	15625386	210919	*
11603	chrX	15625386	15853622	228237	*
11604	chrX	15853622	16074200	220579	*
11605	chrX	16074200	16299137	224938	*
11606	chrX	16299137	16532769	233633	*
11607	chrX	16532769	16772007	239239	*
11608	chrX	16772007	17000746	228740	*
11609	chrX	17000746	17215934	215189	*
11610	chrX	17215934	17443982	228049	*
11611	chrX	17443982	17657145	213164	*
11612	chrX	17657145	17871438	214294	*
11613	chrX	17871438	18083222	211785	*
11614	chrX	18083222	18313629	230408	*
11615	chrX	18313629	18545325	231697	*
11616	chrX	18545325	18769039	223715	*
11617	chrX	18769039	18996385	227347	*
11618	chrX	18996385	19222818	226434	*
11619	chrX	19222818	19454596	231779	*
11620	chrX	19454596	19677864	223269	*
11621	chrX	19677864	19895437	217574	*
11622	chrX	19895437	20124427	228991	*
11623	chrX	20124427	20345807	221381	*
11624	chrX	20345807	20557811	212005	*
11625	chrX	20557811	20790456	232646	*
11626	chrX	20790456	21011610	221155	*
11627	chrX	21011610	21242510	230901	*
11628	chrX	21242510	21465257	222748	*
11629	chrX	21465257	21677047	211791	*
11630	chrX	21677047	21892768	215722	*
11631	chrX	21892768	22119475	226708	*
11632	chrX	22119475	22336715	217241	*
11633	chrX	22336715	22551490	214776	*
11634	chrX	22551490	22773522	222033	*
11635	chrX	22773522	22988770	215249	*
11636	chrX	22988770	23206897	218128	*
11637	chrX	23206897	23431614	224718	*
11638	chrX	23431614	23668923	237310	*
11639	chrX	23668923	23918469	249547	*
11640	chrX	23918469	24171396	252928	*
11641	chrX	24171396	24404623	233228	*
11642	chrX	24404623	24628271	223649	*
11643	chrX	24628271	24847544	219274	*
11644	chrX	24847544	25062264	214721	*
11645	chrX	25062264	25283038	220775	*
11646	chrX	25283038	25520887	237850	*
11647	chrX	25520887	25729451	208565	*
11648	chrX	25729451	25954068	224618	*
11649	chrX	25954068	26173478	219411	*
11650	chrX	26173478	26410630	237153	*
11651	chrX	26410630	26632081	221452	*
11652	chrX	26632081	26848398	216318	*
11653	chrX	26848398	27064880	216483	*
11654	chrX	27064880	27287162	222283	*
11655	chrX	27287162	27508075	220914	*
11656	chrX	27508075	27728001	219927	*
11657	chrX	27728001	27943232	215232	*
11658	chrX	27943232	28163575	220344	*
11659	chrX	28163575	28384751	221177	*
11660	chrX	28384751	28611854	227104	*
11661	chrX	28611854	28828242	216389	*
11662	chrX	28828242	29044027	215786	*
11663	chrX	29044027	29262138	218112	*
11664	chrX	29262138	29478808	216671	*
11665	chrX	29478808	29691333	212526	*
11666	chrX	29691333	29901693	210361	*
11667	chrX	29901693	30132490	230798	*
11668	chrX	30132490	30348881	216392	*
11669	chrX	30348881	30572388	223508	*
11670	chrX	30572388	30809056	236669	*
11671	chrX	30809056	31021070	212015	*
11672	chrX	31021070	31236517	215448	*
11673	chrX	31236517	31457226	220710	*
11674	chrX	31457226	31676675	219450	*
11675	chrX	31676675	31890861	214187	*
11676	chrX	31890861	32099721	208861	*
11677	chrX	32099721	32311428	211708	*
11678	chrX	32311428	32521997	210570	*
11679	chrX	32521997	32738234	216238	*
11680	chrX	32738234	32950146	211913	*
11681	chrX	32950146	33168390	218245	*
11682	chrX	33168390	33380651	212262	*
11683	chrX	33380651	33597367	216717	*
11684	chrX	33597367	33812582	215216	*
11685	chrX	33812582	34024351	211770	*
11686	chrX	34024351	34239857	215507	*
11687	chrX	34239857	34466624	226768	*
11688	chrX	34466624	34678231	211608	*
11689	chrX	34678231	34895666	217436	*
11690	chrX	34895666	35110342	214677	*
11691	chrX	35110342	35332595	222254	*
11692	chrX	35332595	35549503	216909	*
11693	chrX	35549503	35768423	218921	*
11694	chrX	35768423	35985001	216579	*
11695	chrX	35985001	36205008	220008	*
11696	chrX	36205008	36424764	219757	*
11697	chrX	36424764	36645743	220980	*
11698	chrX	36645743	36861453	215711	*
11699	chrX	36861453	37315820	454368	*
11700	chrX	37315820	37556183	240364	*
11701	chrX	37556183	37792713	236531	*
11702	chrX	37792713	38008563	215851	*
11703	chrX	38008563	38217493	208931	*
11704	chrX	38217493	38433122	215630	*
11705	chrX	38433122	38648549	215428	*
11706	chrX	38648549	38861898	213350	*
11707	chrX	38861898	39070871	208974	*
11708	chrX	39070871	39292582	221712	*
11709	chrX	39292582	39501004	208423	*
11710	chrX	39501004	39713891	212888	*
11711	chrX	39713891	39926889	212999	*
11712	chrX	39926889	40144852	217964	*
11713	chrX	40144852	40373909	229058	*
11714	chrX	40373909	40594329	220421	*
11715	chrX	40594329	40818249	223921	*
11716	chrX	40818249	41056187	237939	*
11717	chrX	41056187	41288651	232465	*
11718	chrX	41288651	41538730	250080	*
11719	chrX	41538730	41769978	231249	*
11720	chrX	41769978	41989492	219515	*
11721	chrX	41989492	42214931	225440	*
11722	chrX	42214931	42438728	223798	*
11723	chrX	42438728	42666717	227990	*
11724	chrX	42666717	42885004	218288	*
11725	chrX	42885004	43105483	220480	*
11726	chrX	43105483	43327055	221573	*
11727	chrX	43327055	43541487	214433	*
11728	chrX	43541487	43768824	227338	*
11729	chrX	43768824	43980876	212053	*
11730	chrX	43980876	44197687	216812	*
11731	chrX	44197687	44421679	223993	*
11732	chrX	44421679	44675465	253787	*
11733	chrX	44675465	44926541	251077	*
11734	chrX	44926541	45155543	229003	*
11735	chrX	45155543	45368915	213373	*
11736	chrX	45368915	45586663	217749	*
11737	chrX	45586663	45803459	216797	*
11738	chrX	45803459	46029141	225683	*
11739	chrX	46029141	46267135	237995	*
11740	chrX	46267135	46508218	241084	*
11741	chrX	46508218	46744247	236030	*
11742	chrX	46744247	46973392	229146	*
11743	chrX	46973392	47203329	229938	*
11744	chrX	47203329	47450761	247433	*
11745	chrX	47450761	47681563	230803	*
11746	chrX	47681563	47915787	234225	*
11747	chrX	47915787	48560238	644452	*
11748	chrX	48560238	48798266	238029	*
11749	chrX	48798266	49050938	252673	*
11750	chrX	49050938	49801913	750976	*
11751	chrX	49801913	50018786	216874	*
11752	chrX	50018786	50325352	306567	*
11753	chrX	50325352	50537209	211858	*
11754	chrX	50537209	50754332	217124	*
11755	chrX	50754332	50967271	212940	*
11756	chrX	50967271	51211437	244167	*
11757	chrX	51211437	51453016	241580	*
11758	chrX	51453016	51756590	303575	*
11759	chrX	51756590	52984270	1227681	*
11760	chrX	52984270	53219286	235017	*
11761	chrX	53219286	53446117	226832	*
11762	chrX	53446117	53678245	232129	*
11763	chrX	53678245	53939152	260908	*
11764	chrX	53939152	54195900	256749	*
11765	chrX	54195900	54442157	246258	*
11766	chrX	54442157	54686683	244527	*
11767	chrX	54686683	54952862	266180	*
11768	chrX	54952862	55193139	240278	*
11769	chrX	55193139	55451041	257903	*
11770	chrX	55451041	55744730	293690	*
11771	chrX	55744730	56002289	257560	*
11772	chrX	56002289	56258072	255784	*
11773	chrX	56258072	56544087	286016	*
11774	chrX	56544087	56804883	260797	*
11775	chrX	56804883	57069330	264448	*
11776	chrX	57069330	57322329	253000	*
11777	chrX	57322329	57573933	251605	*
11778	chrX	57573933	57839967	266035	*
11779	chrX	57839967	58074506	234540	*
11780	chrX	58074506	62508776	4434271	*
11781	chrX	62508776	62776494	267719	*
11782	chrX	62776494	63380010	603517	*
11783	chrX	63380010	63633007	252998	*
11784	chrX	63633007	63853824	220818	*
11785	chrX	63853824	64103730	249907	*
11786	chrX	64103730	64351792	248063	*
11787	chrX	64351792	64611641	259850	*
11788	chrX	64611641	64858118	246478	*
11789	chrX	64858118	65098276	240159	*
11790	chrX	65098276	65361122	262847	*
11791	chrX	65361122	65610803	249682	*
11792	chrX	65610803	65857790	246988	*
11793	chrX	65857790	66087731	229942	*
11794	chrX	66087731	66327730	240000	*
11795	chrX	66327730	66576929	249200	*
11796	chrX	66576929	66813883	236955	*
11797	chrX	66813883	67061179	247297	*
11798	chrX	67061179	67304950	243772	*
11799	chrX	67304950	67546795	241846	*
11800	chrX	67546795	67769862	223068	*
11801	chrX	67769862	68017059	247198	*
11802	chrX	68017059	68246534	229476	*
11803	chrX	68246534	68484444	237911	*
11804	chrX	68484444	68720982	236539	*
11805	chrX	68720982	68940297	219316	*
11806	chrX	68940297	69146901	206605	*
11807	chrX	69146901	69369443	222543	*
11808	chrX	69369443	69594752	225310	*
11809	chrX	69594752	69842153	247402	*
11810	chrX	69842153	70069649	227497	*
11811	chrX	70069649	70299283	229635	*
11812	chrX	70299283	70533367	234085	*
11813	chrX	70533367	70797543	264177	*
11814	chrX	70797543	71051362	253820	*
11815	chrX	71051362	71288748	237387	*
11816	chrX	71288748	71929427	640680	*
11817	chrX	71929427	72139339	209913	*
11818	chrX	72139339	72366550	227212	*
11819	chrX	72366550	73088684	722135	*
11820	chrX	73088684	73351681	262998	*
11821	chrX	73351681	73606560	254880	*
11822	chrX	73606560	73853273	246714	*
11823	chrX	73853273	74109998	256726	*
11824	chrX	74109998	74338498	228501	*
11825	chrX	74338498	74567388	228891	*
11826	chrX	74567388	74817605	250218	*
11827	chrX	74817605	75072105	254501	*
11828	chrX	75072105	75331591	259487	*
11829	chrX	75331591	75594218	262628	*
11830	chrX	75594218	75856821	262604	*
11831	chrX	75856821	76119417	262597	*
11832	chrX	76119417	76397714	278298	*
11833	chrX	76397714	76655565	257852	*
11834	chrX	76655565	76910676	255112	*
11835	chrX	76910676	77455663	544988	*
11836	chrX	77455663	77688447	232785	*
11837	chrX	77688447	77942988	254542	*
11838	chrX	77942988	78187108	244121	*
11839	chrX	78187108	78437938	250831	*
11840	chrX	78437938	78668441	230504	*
11841	chrX	78668441	78895914	227474	*
11842	chrX	78895914	79125505	229592	*
11843	chrX	79125505	79347767	222263	*
11844	chrX	79347767	79574578	226812	*
11845	chrX	79574578	79802236	227659	*
11846	chrX	79802236	80038563	236328	*
11847	chrX	80038563	80275587	237025	*
11848	chrX	80275587	80521623	246037	*
11849	chrX	80521623	80756943	235321	*
11850	chrX	80756943	81006456	249514	*
11851	chrX	81006456	81244628	238173	*
11852	chrX	81244628	81468605	223978	*
11853	chrX	81468605	81694408	225804	*
11854	chrX	81694408	81929388	234981	*
11855	chrX	81929388	82155096	225709	*
11856	chrX	82155096	82371816	216721	*
11857	chrX	82371816	82600391	228576	*
11858	chrX	82600391	82829043	228653	*
11859	chrX	82829043	83047245	218203	*
11860	chrX	83047245	83274023	226779	*
11861	chrX	83274023	83505223	231201	*
11862	chrX	83505223	83742031	236809	*
11863	chrX	83742031	83973452	231422	*
11864	chrX	83973452	84190217	216766	*
11865	chrX	84190217	84410035	219819	*
11866	chrX	84410035	84632420	222386	*
11867	chrX	84632420	84858032	225613	*
11868	chrX	84858032	85099811	241780	*
11869	chrX	85099811	85328135	228325	*
11870	chrX	85328135	85554433	226299	*
11871	chrX	85554433	85803377	248945	*
11872	chrX	85803377	86024127	220751	*
11873	chrX	86024127	86250242	226116	*
11874	chrX	86250242	86486855	236614	*
11875	chrX	86486855	86703305	216451	*
11876	chrX	86703305	86921171	217867	*
11877	chrX	86921171	87151815	230645	*
11878	chrX	87151815	87372302	220488	*
11879	chrX	87372302	87598088	225787	*
11880	chrX	87598088	87829697	231610	*
11881	chrX	87829697	88050497	220801	*
11882	chrX	88050497	88267231	216735	*
11883	chrX	88267231	88490811	223581	*
11884	chrX	88490811	88709752	218942	*
11885	chrX	88709752	88936518	226767	*
11886	chrX	88936518	91286457	2349940	*
11887	chrX	91286457	93217034	1930578	*
11888	chrX	93217034	93432454	215421	*
11889	chrX	93432454	93656047	223594	*
11890	chrX	93656047	93865528	209482	*
11891	chrX	93865528	94091075	225548	*
11892	chrX	94091075	94305978	214904	*
11893	chrX	94305978	94521461	215484	*
11894	chrX	94521461	94740916	219456	*
11895	chrX	94740916	94971839	230924	*
11896	chrX	94971839	95185428	213590	*
11897	chrX	95185428	95406710	221283	*
11898	chrX	95406710	95628507	221798	*
11899	chrX	95628507	95845757	217251	*
11900	chrX	95845757	96076063	230307	*
11901	chrX	96076063	96312191	236129	*
11902	chrX	96312191	96540542	228352	*
11903	chrX	96540542	96772254	231713	*
11904	chrX	96772254	96993027	220774	*
11905	chrX	96993027	97209255	216229	*
11906	chrX	97209255	97440786	231532	*
11907	chrX	97440786	97664981	224196	*
11908	chrX	97664981	97881152	216172	*
11909	chrX	97881152	98103340	222189	*
11910	chrX	98103340	98328371	225032	*
11911	chrX	98328371	98553868	225498	*
11912	chrX	98553868	98782973	229106	*
11913	chrX	98782973	98999479	216507	*
11914	chrX	98999479	99213438	213960	*
11915	chrX	99213438	99434408	220971	*
11916	chrX	99434408	99656675	222268	*
11917	chrX	99656675	99880497	223823	*
11918	chrX	99880497	100099572	219076	*
11919	chrX	100099572	100339988	240417	*
11920	chrX	100339988	100562819	222832	*
11921	chrX	100562819	100785710	222892	*
11922	chrX	100785710	101021781	236072	*
11923	chrX	101021781	101259153	237373	*
11924	chrX	101259153	101501514	242362	*
11925	chrX	101501514	101751287	249774	*
11926	chrX	101751287	102512010	760724	*
11927	chrX	102512010	102749830	237821	*
11928	chrX	102749830	102984896	235067	*
11929	chrX	102984896	103225593	240698	*
11930	chrX	103225593	103450113	224521	*
11931	chrX	103450113	103672579	222467	*
11932	chrX	103672579	103906985	234407	*
11933	chrX	103906985	104196036	289052	*
11934	chrX	104196036	104422513	226478	*
11935	chrX	104422513	104653872	231360	*
11936	chrX	104653872	104881469	227598	*
11937	chrX	104881469	105130201	248733	*
11938	chrX	105130201	105347532	217332	*
11939	chrX	105347532	105564222	216691	*
11940	chrX	105564222	105778852	214631	*
11941	chrX	105778852	106005948	227097	*
11942	chrX	106005948	106237862	231915	*
11943	chrX	106237862	106485569	247708	*
11944	chrX	106485569	106706958	221390	*
11945	chrX	106706958	106931257	224300	*
11946	chrX	106931257	107152508	221252	*
11947	chrX	107152508	107381477	228970	*
11948	chrX	107381477	107603449	221973	*
11949	chrX	107603449	107824109	220661	*
11950	chrX	107824109	108055842	231734	*
11951	chrX	108055842	108264089	208248	*
11952	chrX	108264089	108486754	222666	*
11953	chrX	108486754	108709818	223065	*
11954	chrX	108709818	108938006	228189	*
11955	chrX	108938006	109192493	254488	*
11956	chrX	109192493	109423911	231419	*
11957	chrX	109423911	109656136	232226	*
11958	chrX	109656136	109884059	227924	*
11959	chrX	109884059	110111515	227457	*
11960	chrX	110111515	110326381	214867	*
11961	chrX	110326381	110544001	217621	*
11962	chrX	110544001	110785556	241556	*
11963	chrX	110785556	111009029	223474	*
11964	chrX	111009029	111219828	210800	*
11965	chrX	111219828	111429497	209670	*
11966	chrX	111429497	111662609	233113	*
11967	chrX	111662609	111885461	222853	*
11968	chrX	111885461	112108677	223217	*
11969	chrX	112108677	112339696	231020	*
11970	chrX	112339696	112577143	237448	*
11971	chrX	112577143	112805819	228677	*
11972	chrX	112805819	113028043	222225	*
11973	chrX	113028043	113260392	232350	*
11974	chrX	113260392	113492579	232188	*
11975	chrX	113492579	113712396	219818	*
11976	chrX	113712396	113935924	223529	*
11977	chrX	113935924	114162330	226407	*
11978	chrX	114162330	114439663	277334	*
11979	chrX	114439663	114666379	226717	*
11980	chrX	114666379	114896678	230300	*
11981	chrX	114896678	115122605	225928	*
11982	chrX	115122605	115340919	218315	*
11983	chrX	115340919	115562266	221348	*
11984	chrX	115562266	115960280	398015	*
11985	chrX	115960280	116192328	232049	*
11986	chrX	116192328	116415922	223595	*
11987	chrX	116415922	116688045	272124	*
11988	chrX	116688045	116915047	227003	*
11989	chrX	116915047	117140383	225337	*
11990	chrX	117140383	117378417	238035	*
11991	chrX	117378417	117616164	237748	*
11992	chrX	117616164	117856124	239961	*
11993	chrX	117856124	118091476	235353	*
11994	chrX	118091476	118322697	231222	*
11995	chrX	118322697	118555606	232910	*
11996	chrX	118555606	118778078	222473	*
11997	chrX	118778078	119011580	233503	*
11998	chrX	119011580	119234098	222519	*
11999	chrX	119234098	119475909	241812	*
12000	chrX	119475909	119717462	241554	*
12001	chrX	119717462	119976790	259329	*
12002	chrX	119976790	120288731	311942	*
12003	chrX	120288731	120514813	226083	*
12004	chrX	120514813	121092775	577963	*
12005	chrX	121092775	121316974	224200	*
12006	chrX	121316974	121546794	229821	*
12007	chrX	121546794	121763102	216309	*
12008	chrX	121763102	121983997	220896	*
12009	chrX	121983997	122211625	227629	*
12010	chrX	122211625	122442690	231066	*
12011	chrX	122442690	122667279	224590	*
12012	chrX	122667279	122884263	216985	*
12013	chrX	122884263	123110494	226232	*
12014	chrX	123110494	123323189	212696	*
12015	chrX	123323189	123538356	215168	*
12016	chrX	123538356	123776313	237958	*
12017	chrX	123776313	124029600	253288	*
12018	chrX	124029600	124259984	230385	*
12019	chrX	124259984	124476394	216411	*
12020	chrX	124476394	124692598	216205	*
12021	chrX	124692598	124908832	216235	*
12022	chrX	124908832	125125384	216553	*
12023	chrX	125125384	125337243	211860	*
12024	chrX	125337243	125560792	223550	*
12025	chrX	125560792	125780673	219882	*
12026	chrX	125780673	126006901	226229	*
12027	chrX	126006901	126242874	235974	*
12028	chrX	126242874	126470454	227581	*
12029	chrX	126470454	126690005	219552	*
12030	chrX	126690005	126909055	219051	*
12031	chrX	126909055	127143147	234093	*
12032	chrX	127143147	127381658	238512	*
12033	chrX	127381658	127604871	223214	*
12034	chrX	127604871	127828771	223901	*
12035	chrX	127828771	128042646	213876	*
12036	chrX	128042646	128264822	222177	*
12037	chrX	128264822	128484044	219223	*
12038	chrX	128484044	128704763	220720	*
12039	chrX	128704763	128936071	231309	*
12040	chrX	128936071	129160784	224714	*
12041	chrX	129160784	129408806	248023	*
12042	chrX	129408806	129628262	219457	*
12043	chrX	129628262	129843604	215343	*
12044	chrX	129843604	130083491	239888	*
12045	chrX	130083491	130312698	229208	*
12046	chrX	130312698	130545854	233157	*
12047	chrX	130545854	130760880	215027	*
12048	chrX	130760880	130980992	220113	*
12049	chrX	130980992	131204344	223353	*
12050	chrX	131204344	131421136	216793	*
12051	chrX	131421136	131676669	255534	*
12052	chrX	131676669	131908633	231965	*
12053	chrX	131908633	132132690	224058	*
12054	chrX	132132690	132374468	241779	*
12055	chrX	132374468	132584818	210351	*
12056	chrX	132584818	132794310	209493	*
12057	chrX	132794310	133022128	227819	*
12058	chrX	133022128	133253176	231049	*
12059	chrX	133253176	133475667	222492	*
12060	chrX	133475667	133698418	222752	*
12061	chrX	133698418	133914197	215780	*
12062	chrX	133914197	134153006	238810	*
12063	chrX	134153006	134380724	227719	*
12064	chrX	134380724	134604880	224157	*
12065	chrX	134604880	134822474	217595	*
12066	chrX	134822474	135058073	235600	*
12067	chrX	135058073	135369964	311892	*
12068	chrX	135369964	135999034	629071	*
12069	chrX	135999034	136219483	220450	*
12070	chrX	136219483	136438122	218640	*
12071	chrX	136438122	136653204	215083	*
12072	chrX	136653204	136875774	222571	*
12073	chrX	136875774	137118879	243106	*
12074	chrX	137118879	137337057	218179	*
12075	chrX	137337057	137556571	219515	*
12076	chrX	137556571	137787378	230808	*
12077	chrX	137787378	138014524	227147	*
12078	chrX	138014524	138247089	232566	*
12079	chrX	138247089	138477837	230749	*
12080	chrX	138477837	138691686	213850	*
12081	chrX	138691686	138911765	220080	*
12082	chrX	138911765	139133697	221933	*
12083	chrX	139133697	139356040	222344	*
12084	chrX	139356040	139586148	230109	*
12085	chrX	139586148	139803361	217214	*
12086	chrX	139803361	140051530	248170	*
12087	chrX	140051530	140290585	239056	*
12088	chrX	140290585	140509330	218746	*
12089	chrX	140509330	140733352	224023	*
12090	chrX	140733352	141664568	931217	*
12091	chrX	141664568	141909776	245209	*
12092	chrX	141909776	142131309	221534	*
12093	chrX	142131309	142360921	229613	*
12094	chrX	142360921	142593492	232572	*
12095	chrX	142593492	142817980	224489	*
12096	chrX	142817980	143040942	222963	*
12097	chrX	143040942	143255066	214125	*
12098	chrX	143255066	143472149	217084	*
12099	chrX	143472149	143695279	223131	*
12100	chrX	143695279	144252808	557530	*
12101	chrX	144252808	144522067	269260	*
12102	chrX	144522067	144734235	212169	*
12103	chrX	144734235	144948424	214190	*
12104	chrX	144948424	145162149	213726	*
12105	chrX	145162149	145382158	220010	*
12106	chrX	145382158	145597418	215261	*
12107	chrX	145597418	145810809	213392	*
12108	chrX	145810809	146025402	214594	*
12109	chrX	146025402	146247453	222052	*
12110	chrX	146247453	146462244	214792	*
12111	chrX	146462244	146678811	216568	*
12112	chrX	146678811	146921992	243182	*
12113	chrX	146921992	147136574	214583	*
12114	chrX	147136574	147375138	238565	*
12115	chrX	147375138	147591173	216036	*
12116	chrX	147591173	147804355	213183	*
12117	chrX	147804355	148029835	225481	*
12118	chrX	148029835	148261468	231634	*
12119	chrX	148261468	148490768	229301	*
12120	chrX	148490768	148697255	206488	*
12121	chrX	148697255	148910233	212979	*
12122	chrX	148910233	149120420	210188	*
12123	chrX	149120420	149355036	234617	*
12124	chrX	149355036	149967192	612157	*
12125	chrX	149967192	150193009	225818	*
12126	chrX	150193009	150413297	220289	*
12127	chrX	150413297	150618738	205442	*
12128	chrX	150618738	150831624	212887	*
12129	chrX	150831624	151057002	225379	*
12130	chrX	151057002	151288750	231749	*
12131	chrX	151288750	151510669	221920	*
12132	chrX	151510669	151735966	225298	*
12133	chrX	151735966	151949473	213508	*
12134	chrX	151949473	152168963	219491	*
12135	chrX	152168963	152403402	234440	*
12136	chrX	152403402	152636974	233573	*
12137	chrX	152636974	153300086	663113	*
12138	chrX	153300086	153514823	214738	*
12139	chrX	153514823	153732699	217877	*
12140	chrX	153732699	154327062	594364	*
12141	chrX	154327062	154607010	279949	*
12142	chrX	154607010	154879261	272252	*
12143	chrX	154879261	155111036	231776	*
12144	chrX	155111036	155410269	299234	*
12145	chrX	155410269	155708500	298232	*
